,datetime,pv_power
0,2010-07-01 00:00:00.000,0.0
1,2010-07-01 01:00:00.000,0.0
2,2010-07-01 02:00:00.000,0.0
3,2010-07-01 02:59:59.985,0.0
4,2010-07-01 03:59:59.980,0.0
5,2010-07-01 04:59:59.975,0.0
6,2010-07-01 05:59:59.970,0.0
7,2010-07-01 06:59:59.965,1.404
8,2010-07-01 07:59:59.960,8.890000000000002
9,2010-07-01 08:59:59.955,18.52799999999999
10,2010-07-01 09:59:59.950,22.938
11,2010-07-01 10:59:59.945,41.749
12,2010-07-01 11:59:59.940,38.394999999999996
13,2010-07-01 12:59:59.935,34.996999999999986
14,2010-07-01 13:59:59.930,22.304000000000002
15,2010-07-01 14:59:59.925,11.197999999999999
16,2010-07-01 15:59:59.920,1.0590000000000004
17,2010-07-01 16:59:59.915,0.0
18,2010-07-01 17:59:59.910,0.0
19,2010-07-01 18:59:59.905,0.0
20,2010-07-01 19:59:59.900,0.0
21,2010-07-01 20:59:59.895,0.0
22,2010-07-01 21:59:59.890,0.0
23,2010-07-01 22:59:59.885,0.0
24,2010-07-01 23:59:59.880,0.0
25,2010-07-02 00:59:59.875,0.0
26,2010-07-02 01:59:59.870,0.0
27,2010-07-02 02:59:59.865,0.0
28,2010-07-02 03:59:59.860,0.0
29,2010-07-02 04:59:59.855,0.0
30,2010-07-02 05:59:59.850,0.0
31,2010-07-02 06:59:59.845,0.49500000000000016
32,2010-07-02 07:59:59.840,6.901999999999998
33,2010-07-02 08:59:59.835,15.222
34,2010-07-02 09:59:59.830,12.865000000000007
35,2010-07-02 10:59:59.825,10.619
36,2010-07-02 11:59:59.820,7.143000000000003
37,2010-07-02 12:59:59.815,7.089999999999999
38,2010-07-02 13:59:59.810,4.3759999999999994
39,2010-07-02 14:59:59.805,3.269
40,2010-07-02 15:59:59.800,0.5350000000000003
41,2010-07-02 16:59:59.795,0.0
42,2010-07-02 17:59:59.790,0.0
43,2010-07-02 18:59:59.785,0.0
44,2010-07-02 19:59:59.780,0.0
45,2010-07-02 20:59:59.775,0.0
46,2010-07-02 21:59:59.770,0.0
47,2010-07-02 22:59:59.765,0.0
48,2010-07-02 23:59:59.760,0.0
49,2010-07-03 00:59:59.755,0.0
50,2010-07-03 01:59:59.750,0.0
51,2010-07-03 02:59:59.745,0.0
52,2010-07-03 03:59:59.740,0.0
53,2010-07-03 04:59:59.735,0.0
54,2010-07-03 05:59:59.730,0.0
55,2010-07-03 06:59:59.725,3.719
56,2010-07-03 07:59:59.720,14.910000000000005
57,2010-07-03 08:59:59.715,27.847000000000005
58,2010-07-03 09:59:59.710,37.370999999999995
59,2010-07-03 10:59:59.705,42.851
60,2010-07-03 11:59:59.700,42.096000000000004
61,2010-07-03 12:59:59.695,36.91700000000001
62,2010-07-03 13:59:59.690,28.443
63,2010-07-03 14:59:59.685,15.705999999999994
64,2010-07-03 15:59:59.680,2.5469999999999997
65,2010-07-03 16:59:59.675,0.0
66,2010-07-03 17:59:59.670,0.0
67,2010-07-03 18:59:59.665,0.0
68,2010-07-03 19:59:59.660,0.0
69,2010-07-03 20:59:59.655,0.0
70,2010-07-03 21:59:59.650,0.0
71,2010-07-03 22:59:59.645,0.0
72,2010-07-03 23:59:59.640,0.0
73,2010-07-04 00:59:59.635,0.0
74,2010-07-04 01:59:59.630,0.0
75,2010-07-04 02:59:59.625,0.0
76,2010-07-04 03:59:59.620,0.0
77,2010-07-04 04:59:59.615,0.0
78,2010-07-04 05:59:59.610,0.0
79,2010-07-04 06:59:59.605,0.37900000000000017
80,2010-07-04 07:59:59.600,9.284
81,2010-07-04 08:59:59.595,13.313
82,2010-07-04 09:59:59.590,15.074000000000002
83,2010-07-04 10:59:59.585,19.484999999999996
84,2010-07-04 11:59:59.580,19.739
85,2010-07-04 12:59:59.575,30.174000000000003
86,2010-07-04 13:59:59.570,11.371999999999998
87,2010-07-04 14:59:59.565,3.8410000000000006
88,2010-07-04 15:59:59.560,1.5579999999999998
89,2010-07-04 16:59:59.555,0.0
90,2010-07-04 17:59:59.550,0.0
91,2010-07-04 18:59:59.545,0.0
92,2010-07-04 19:59:59.540,0.0
93,2010-07-04 20:59:59.535,0.0
94,2010-07-04 21:59:59.530,0.0
95,2010-07-04 22:59:59.525,0.0
96,2010-07-04 23:59:59.520,0.0
97,2010-07-05 00:59:59.515,0.0
98,2010-07-05 01:59:59.510,0.0
99,2010-07-05 02:59:59.505,0.0
100,2010-07-05 04:00:00.000,0.0
101,2010-07-05 05:00:00.490,0.0
102,2010-07-05 06:00:00.985,0.0
103,2010-07-05 07:00:01.480,0.22699999999999998
104,2010-07-05 08:00:01.975,5.019
105,2010-07-05 09:00:02.470,3.803000000000001
106,2010-07-05 10:00:02.965,8.629999999999997
107,2010-07-05 11:00:03.460,17.941999999999997
108,2010-07-05 12:00:03.955,16.064999999999998
109,2010-07-05 13:00:04.450,17.857
110,2010-07-05 14:00:04.945,12.909000000000002
111,2010-07-05 15:00:05.440,4.703
112,2010-07-05 16:00:05.935,0.4550000000000002
113,2010-07-05 17:00:06.430,0.0
114,2010-07-05 18:00:06.925,0.0
115,2010-07-05 19:00:07.420,0.0
116,2010-07-05 20:00:07.915,0.0
117,2010-07-05 21:00:08.410,0.0
118,2010-07-05 22:00:08.905,0.0
119,2010-07-05 23:00:09.400,0.0
120,2010-07-06 00:00:09.895,0.0
121,2010-07-06 01:00:10.390,0.0
122,2010-07-06 02:00:10.885,0.0
123,2010-07-06 03:00:11.380,0.0
124,2010-07-06 04:00:11.875,0.0
125,2010-07-06 05:00:12.370,0.0
126,2010-07-06 06:00:12.865,0.0
127,2010-07-06 07:00:13.360,0.087
128,2010-07-06 08:00:13.855,0.8550000000000004
129,2010-07-06 09:00:14.350,12.526999999999997
130,2010-07-06 10:00:14.845,24.770000000000003
131,2010-07-06 11:00:15.340,10.638000000000002
132,2010-07-06 12:00:15.835,11.137999999999998
133,2010-07-06 13:00:16.330,23.626999999999992
134,2010-07-06 14:00:16.825,15.976000000000004
135,2010-07-06 15:00:17.320,9.056000000000003
136,2010-07-06 16:00:17.815,2.3020000000000005
137,2010-07-06 17:00:18.310,0.0
138,2010-07-06 18:00:18.805,0.0
139,2010-07-06 19:00:19.300,0.0
140,2010-07-06 20:00:19.795,0.0
141,2010-07-06 21:00:20.290,0.0
142,2010-07-06 22:00:20.785,0.0
143,2010-07-06 23:00:21.280,0.0
144,2010-07-07 00:00:21.775,0.0
145,2010-07-07 01:00:22.270,0.0
146,2010-07-07 02:00:22.765,0.0
147,2010-07-07 03:00:23.260,0.0
148,2010-07-07 04:00:23.755,0.0
149,2010-07-07 05:00:24.250,0.0
150,2010-07-07 06:00:24.745,0.0
151,2010-07-07 07:00:25.240,0.4860000000000002
152,2010-07-07 08:00:25.735,9.399
153,2010-07-07 09:00:26.230,21.202000000000005
154,2010-07-07 10:00:26.725,17.669
155,2010-07-07 11:00:27.220,25.360999999999997
156,2010-07-07 12:00:27.715,22.712999999999997
157,2010-07-07 13:00:28.210,12.914999999999997
158,2010-07-07 14:00:28.705,12.742000000000003
159,2010-07-07 15:00:29.200,3.948
160,2010-07-07 16:00:29.695,0.126
161,2010-07-07 17:00:30.190,0.0
162,2010-07-07 18:00:30.685,0.0
163,2010-07-07 19:00:31.180,0.0
164,2010-07-07 20:00:31.675,0.0
165,2010-07-07 21:00:32.170,0.0
166,2010-07-07 22:00:32.665,0.0
167,2010-07-07 23:00:33.160,0.0
168,2010-07-08 00:00:33.655,0.0
169,2010-07-08 01:00:34.150,0.0
170,2010-07-08 02:00:34.645,0.0
171,2010-07-08 03:00:35.140,0.0
172,2010-07-08 04:00:35.635,0.0
173,2010-07-08 05:00:36.130,0.0
174,2010-07-08 06:00:36.625,0.0
175,2010-07-08 07:00:37.120,1.9009999999999991
176,2010-07-08 08:00:37.615,7.917000000000001
177,2010-07-08 09:00:38.110,15.231999999999994
178,2010-07-08 10:00:38.605,6.053
179,2010-07-08 11:00:39.100,11.927000000000001
180,2010-07-08 12:00:39.595,23.653
181,2010-07-08 13:00:40.090,30.207000000000004
182,2010-07-08 14:00:40.585,12.477000000000004
183,2010-07-08 15:00:41.080,6.322
184,2010-07-08 16:00:41.575,1.0480000000000003
185,2010-07-08 17:00:42.070,0.0
186,2010-07-08 18:00:42.565,0.0
187,2010-07-08 19:00:43.060,0.0
188,2010-07-08 20:00:43.555,0.0
189,2010-07-08 21:00:44.050,0.0
190,2010-07-08 22:00:44.545,0.0
191,2010-07-08 23:00:45.040,0.0
192,2010-07-09 00:00:45.535,0.0
193,2010-07-09 01:00:46.030,0.0
194,2010-07-09 02:00:46.525,0.0
195,2010-07-09 03:00:47.020,0.0
196,2010-07-09 04:00:47.515,0.0
197,2010-07-09 05:00:48.010,0.0
198,2010-07-09 06:00:48.505,0.0
199,2010-07-09 07:00:49.000,0.3050000000000001
200,2010-07-09 08:00:49.495,3.4090000000000003
201,2010-07-09 09:00:49.990,8.405000000000001
202,2010-07-09 10:00:50.485,24.117
203,2010-07-09 11:00:50.980,29.879
204,2010-07-09 12:00:51.475,16.520000000000003
205,2010-07-09 13:00:51.970,14.182000000000004
206,2010-07-09 14:00:52.465,13.050999999999997
207,2010-07-09 15:00:52.960,2.92
208,2010-07-09 16:00:53.455,0.087
209,2010-07-09 17:00:53.950,0.0
210,2010-07-09 18:00:54.445,0.0
211,2010-07-09 19:00:54.940,0.0
212,2010-07-09 20:00:55.435,0.0
213,2010-07-09 21:00:55.930,0.0
214,2010-07-09 22:00:56.425,0.0
215,2010-07-09 23:00:56.920,0.0
216,2010-07-10 00:00:57.415,0.0
217,2010-07-10 01:00:57.910,0.0
218,2010-07-10 02:00:58.405,0.0
219,2010-07-10 03:00:58.900,0.0
220,2010-07-10 04:00:59.395,0.0
221,2010-07-10 05:00:00.000,0.0
222,2010-07-10 06:00:00.000,0.0
223,2010-07-10 07:00:00.000,4.123999999999999
224,2010-07-10 08:00:00.000,16.965000000000003
225,2010-07-10 09:00:00.000,29.58
226,2010-07-10 10:00:00.000,35.568999999999996
227,2010-07-10 11:00:00.000,39.474
228,2010-07-10 12:00:00.000,30.763
229,2010-07-10 13:00:00.000,24.633
230,2010-07-10 14:00:00.000,10.845000000000002
231,2010-07-10 15:00:00.000,8.745000000000003
232,2010-07-10 16:00:00.000,1.0030000000000003
233,2010-07-10 17:00:00.000,0.0
234,2010-07-10 18:00:00.000,0.0
235,2010-07-10 19:00:00.000,0.0
236,2010-07-10 20:00:00.000,0.0
237,2010-07-10 21:00:00.000,0.0
238,2010-07-10 22:00:00.000,0.0
239,2010-07-10 23:00:00.000,0.0
240,2010-07-11 00:00:00.000,0.0
241,2010-07-11 01:00:00.000,0.0
242,2010-07-11 02:00:00.000,0.0
243,2010-07-11 03:00:00.000,0.0
244,2010-07-11 04:00:00.000,0.0
245,2010-07-11 05:00:00.000,0.0
246,2010-07-11 06:00:00.000,0.0
247,2010-07-11 07:00:00.000,0.5710000000000003
248,2010-07-11 08:00:00.000,6.954
249,2010-07-11 09:00:00.000,8.174000000000001
250,2010-07-11 10:00:00.000,8.499999999999998
251,2010-07-11 11:00:00.000,9.843000000000002
252,2010-07-11 12:00:00.000,7.1530000000000005
253,2010-07-11 13:00:00.000,9.273000000000001
254,2010-07-11 14:00:00.000,8.714
255,2010-07-11 15:00:00.000,5.671000000000002
256,2010-07-11 16:00:00.000,0.8820000000000005
257,2010-07-11 17:00:00.000,0.0
258,2010-07-11 18:00:00.000,0.0
259,2010-07-11 19:00:00.000,0.0
260,2010-07-11 20:00:00.000,0.0
261,2010-07-11 21:00:00.000,0.0
262,2010-07-11 22:00:00.000,0.0
263,2010-07-11 23:00:00.000,0.0
264,2010-07-12 00:00:00.000,0.0
265,2010-07-12 01:00:00.000,0.0
266,2010-07-12 02:00:00.000,0.0
267,2010-07-12 03:00:00.000,0.0
268,2010-07-12 04:00:00.000,0.0
269,2010-07-12 05:00:00.000,0.0
270,2010-07-12 06:00:00.000,0.0
271,2010-07-12 07:00:00.000,0.4810000000000002
272,2010-07-12 08:00:00.000,2.733999999999999
273,2010-07-12 09:00:00.000,5.3290000000000015
274,2010-07-12 10:00:00.000,9.740999999999996
275,2010-07-12 11:00:00.000,11.885
276,2010-07-12 12:00:00.000,13.609999999999998
277,2010-07-12 13:00:00.000,11.640999999999998
278,2010-07-12 14:00:00.000,10.6
279,2010-07-12 15:00:00.000,5.077999999999999
280,2010-07-12 16:00:00.000,0.7610000000000003
281,2010-07-12 17:00:00.000,0.0
282,2010-07-12 18:00:00.000,0.0
283,2010-07-12 19:00:00.000,0.0
284,2010-07-12 20:00:00.000,0.0
285,2010-07-12 21:00:00.000,0.0
286,2010-07-12 22:00:00.000,0.0
287,2010-07-12 23:00:00.000,0.0
288,2010-07-13 00:00:00.000,0.0
289,2010-07-13 01:00:00.000,0.0
290,2010-07-13 02:00:00.000,0.0
291,2010-07-13 03:00:00.000,0.0
292,2010-07-13 04:00:00.000,0.0
293,2010-07-13 05:00:00.000,0.0
294,2010-07-13 06:00:00.000,0.0
295,2010-07-13 07:00:00.000,0.7320000000000003
296,2010-07-13 08:00:00.000,9.323
297,2010-07-13 09:00:00.000,22.362999999999996
298,2010-07-13 10:00:00.000,32.461000000000006
299,2010-07-13 11:00:00.000,23.450000000000006
300,2010-07-13 12:00:00.000,16.074
301,2010-07-13 13:00:00.000,11.358
302,2010-07-13 14:00:00.000,13.545000000000003
303,2010-07-13 15:00:00.000,3.1469999999999994
304,2010-07-13 16:00:00.000,0.15500000000000003
305,2010-07-13 17:00:00.000,0.0
306,2010-07-13 18:00:00.000,0.0
307,2010-07-13 19:00:00.000,0.0
308,2010-07-13 20:00:00.000,0.0
309,2010-07-13 21:00:00.000,0.0
310,2010-07-13 22:00:00.000,0.0
311,2010-07-13 23:00:00.000,0.0
312,2010-07-14 00:00:00.000,0.0
313,2010-07-14 01:00:00.000,0.0
314,2010-07-14 02:00:00.000,0.0
315,2010-07-14 03:00:00.000,0.0
316,2010-07-14 04:00:00.000,0.0
317,2010-07-14 05:00:00.000,0.0
318,2010-07-14 06:00:00.000,0.0
319,2010-07-14 07:00:00.000,0.0
320,2010-07-14 08:00:00.000,0.28500000000000003
321,2010-07-14 09:00:00.000,12.424999999999999
322,2010-07-14 10:00:00.000,37.660000000000004
323,2010-07-14 11:00:00.000,41.76699999999999
324,2010-07-14 12:00:00.000,44.31800000000001
325,2010-07-14 13:00:00.000,38.577
326,2010-07-14 14:00:00.000,30.836999999999996
327,2010-07-14 15:00:00.000,17.3
328,2010-07-14 16:00:00.000,3.419
329,2010-07-14 17:00:00.000,0.0
330,2010-07-14 18:00:00.000,0.0
331,2010-07-14 19:00:00.000,0.0
332,2010-07-14 20:00:00.000,0.0
333,2010-07-14 21:00:00.000,0.0
334,2010-07-14 22:00:00.000,0.0
335,2010-07-14 23:00:00.000,0.0
336,2010-07-15 00:00:00.000,0.0
337,2010-07-15 01:00:00.000,0.0
338,2010-07-15 02:00:00.000,0.0
339,2010-07-15 03:00:00.000,0.0
340,2010-07-15 04:00:00.000,0.0
341,2010-07-15 05:00:00.000,0.0
342,2010-07-15 06:00:00.000,0.0
343,2010-07-15 07:00:00.000,4.133000000000001
344,2010-07-15 08:00:00.000,17.048000000000002
345,2010-07-15 09:00:00.000,30.977999999999998
346,2010-07-15 10:00:00.000,41.111999999999995
347,2010-07-15 11:00:00.000,44.801
348,2010-07-15 12:00:00.000,44.12799999999999
349,2010-07-15 13:00:00.000,35.05900000000001
350,2010-07-15 14:00:00.000,26.600999999999992
351,2010-07-15 15:00:00.000,15.207
352,2010-07-15 16:00:00.000,2.2859999999999996
353,2010-07-15 17:00:00.000,0.0
354,2010-07-15 18:00:00.000,0.0
355,2010-07-15 19:00:00.000,0.0
356,2010-07-15 20:00:00.000,0.0
357,2010-07-15 21:00:00.000,0.0
358,2010-07-15 22:00:00.000,0.0
359,2010-07-15 23:00:00.000,0.0
360,2010-07-16 00:00:00.000,0.0
361,2010-07-16 01:00:00.000,0.0
362,2010-07-16 02:00:00.000,0.0
363,2010-07-16 03:00:00.000,0.0
364,2010-07-16 04:00:00.000,0.0
365,2010-07-16 05:00:00.000,0.0
366,2010-07-16 06:00:00.000,0.0
367,2010-07-16 07:00:00.000,4.066999999999999
368,2010-07-16 08:00:00.000,16.741
369,2010-07-16 09:00:00.000,30.578
370,2010-07-16 10:00:00.000,40.26299999999999
371,2010-07-16 11:00:00.000,44.513000000000005
372,2010-07-16 12:00:00.000,43.271
373,2010-07-16 13:00:00.000,37.626000000000005
374,2010-07-16 14:00:00.000,29.203
375,2010-07-16 15:00:00.000,16.538
376,2010-07-16 16:00:00.000,3.373
377,2010-07-16 17:00:00.000,0.0
378,2010-07-16 18:00:00.000,0.0
379,2010-07-16 19:00:00.000,0.0
380,2010-07-16 20:00:00.000,0.0
381,2010-07-16 21:00:00.000,0.0
382,2010-07-16 22:00:00.000,0.0
383,2010-07-16 23:00:00.000,0.0
384,2010-07-17 00:00:00.000,0.0
385,2010-07-17 01:00:00.000,0.0
386,2010-07-17 02:00:00.000,0.0
387,2010-07-17 03:00:00.000,0.0
388,2010-07-17 04:00:00.000,0.0
389,2010-07-17 05:00:00.000,0.0
390,2010-07-17 06:00:00.000,0.0
391,2010-07-17 07:00:00.000,0.6650000000000003
392,2010-07-17 08:00:00.000,7.321999999999999
393,2010-07-17 09:00:00.000,25.153999999999996
394,2010-07-17 10:00:00.000,36.33100000000002
395,2010-07-17 11:00:00.000,30.404000000000003
396,2010-07-17 12:00:00.000,34.22
397,2010-07-17 13:00:00.000,31.605
398,2010-07-17 14:00:00.000,28.668000000000006
399,2010-07-17 15:00:00.000,17.032
400,2010-07-17 16:00:00.000,3.4350000000000005
401,2010-07-17 17:00:00.000,0.0
402,2010-07-17 18:00:00.000,0.0
403,2010-07-17 19:00:00.000,0.0
404,2010-07-17 20:00:00.000,0.0
405,2010-07-17 21:00:00.000,0.0
406,2010-07-17 22:00:00.000,0.0
407,2010-07-17 23:00:00.000,0.0
408,2010-07-18 00:00:00.000,0.0
409,2010-07-18 01:00:00.000,0.0
410,2010-07-18 02:00:00.000,0.0
411,2010-07-18 03:00:00.000,0.0
412,2010-07-18 04:00:00.000,0.0
413,2010-07-18 05:00:00.000,0.0
414,2010-07-18 06:00:00.000,0.0
415,2010-07-18 07:00:00.000,4.531
416,2010-07-18 08:00:00.000,17.679999999999996
417,2010-07-18 09:00:00.000,32.157
418,2010-07-18 10:00:00.000,41.550999999999995
419,2010-07-18 11:00:00.000,45.051
420,2010-07-18 12:00:00.000,44.99199999999997
421,2010-07-18 13:00:00.000,39.187999999999995
422,2010-07-18 14:00:00.000,30.888000000000005
423,2010-07-18 15:00:00.000,17.61
424,2010-07-18 16:00:00.000,3.567999999999999
425,2010-07-18 17:00:00.000,0.0
426,2010-07-18 18:00:00.000,0.0
427,2010-07-18 19:00:00.000,0.0
428,2010-07-18 20:00:00.000,0.0
429,2010-07-18 21:00:00.000,0.0
430,2010-07-18 22:00:00.000,0.0
431,2010-07-18 23:00:00.000,0.0
432,2010-07-19 00:00:00.000,0.0
433,2010-07-19 01:00:00.000,0.0
434,2010-07-19 02:00:00.000,0.0
435,2010-07-19 03:00:00.000,0.0
436,2010-07-19 04:00:00.000,0.0
437,2010-07-19 05:00:00.000,0.0
438,2010-07-19 06:00:00.000,0.0
439,2010-07-19 07:00:00.000,2.144999999999999
440,2010-07-19 08:00:00.000,9.383000000000001
441,2010-07-19 09:00:00.000,17.612999999999996
442,2010-07-19 10:00:00.000,13.608999999999998
443,2010-07-19 11:00:00.000,18.997
444,2010-07-19 12:00:00.000,20.068999999999996
445,2010-07-19 13:00:00.000,21.767
446,2010-07-19 14:00:00.000,8.856
447,2010-07-19 15:00:00.000,2.8309999999999995
448,2010-07-19 16:00:00.000,1.4939999999999998
449,2010-07-19 17:00:00.000,0.0
450,2010-07-19 18:00:00.000,0.0
451,2010-07-19 19:00:00.000,0.0
452,2010-07-19 20:00:00.000,0.0
453,2010-07-19 21:00:00.000,0.0
454,2010-07-19 22:00:00.000,0.0
455,2010-07-19 23:00:00.000,0.0
456,2010-07-20 00:00:00.000,0.0
457,2010-07-20 01:00:00.000,0.0
458,2010-07-20 02:00:00.000,0.0
459,2010-07-20 03:00:00.000,0.0
460,2010-07-20 04:00:00.000,0.0
461,2010-07-20 05:00:00.000,0.0
462,2010-07-20 06:00:00.000,0.0
463,2010-07-20 07:00:00.000,0.7040000000000003
464,2010-07-20 08:00:00.000,9.78
465,2010-07-20 09:00:00.000,20.642000000000003
466,2010-07-20 10:00:00.000,41.09599999999999
467,2010-07-20 11:00:00.000,42.88100000000001
468,2010-07-20 12:00:00.000,38.462
469,2010-07-20 13:00:00.000,21.229
470,2010-07-20 14:00:00.000,15.137
471,2010-07-20 15:00:00.000,14.097999999999999
472,2010-07-20 16:00:00.000,4.709999999999999
473,2010-07-20 17:00:00.000,0.0
474,2010-07-20 18:00:00.000,0.0
475,2010-07-20 19:00:00.000,0.0
476,2010-07-20 20:00:00.000,0.0
477,2010-07-20 21:00:00.000,0.0
478,2010-07-20 22:00:00.000,0.0
479,2010-07-20 23:00:00.000,0.0
480,2010-07-21 00:00:00.000,0.0
481,2010-07-21 01:00:00.000,0.0
482,2010-07-21 02:00:00.000,0.0
483,2010-07-21 03:00:00.000,0.0
484,2010-07-21 04:00:00.000,0.0
485,2010-07-21 05:00:00.000,0.0
486,2010-07-21 06:00:00.000,0.0
487,2010-07-21 07:00:00.000,3.1119999999999988
488,2010-07-21 08:00:00.000,14.911000000000001
489,2010-07-21 09:00:00.000,23.113999999999997
490,2010-07-21 10:00:00.000,24.453000000000003
491,2010-07-21 11:00:00.000,31.29000000000001
492,2010-07-21 12:00:00.000,43.831
493,2010-07-21 13:00:00.000,34.02799999999999
494,2010-07-21 14:00:00.000,29.470999999999993
495,2010-07-21 15:00:00.000,21.587
496,2010-07-21 16:00:00.000,5.089
497,2010-07-21 17:00:00.000,0.0
498,2010-07-21 18:00:00.000,0.0
499,2010-07-21 19:00:00.000,0.0
500,2010-07-21 20:00:00.000,0.0
501,2010-07-21 21:00:00.000,0.0
502,2010-07-21 22:00:00.000,0.0
503,2010-07-21 23:00:00.000,0.0
504,2010-07-22 00:00:00.000,0.0
505,2010-07-22 01:00:00.000,0.0
506,2010-07-22 02:00:00.000,0.0
507,2010-07-22 03:00:00.000,0.0
508,2010-07-22 04:00:00.000,0.0
509,2010-07-22 05:00:00.000,0.0
510,2010-07-22 06:00:00.000,0.0
511,2010-07-22 07:00:00.000,1.9349999999999992
512,2010-07-22 08:00:00.000,9.059000000000001
513,2010-07-22 09:00:00.000,18.687
514,2010-07-22 10:00:00.000,32.539
515,2010-07-22 11:00:00.000,43.02100000000001
516,2010-07-22 12:00:00.000,37.760999999999996
517,2010-07-22 13:00:00.000,17.113000000000003
518,2010-07-22 14:00:00.000,23.936999999999998
519,2010-07-22 15:00:00.000,18.803999999999995
520,2010-07-22 16:00:00.000,3.8599999999999994
521,2010-07-22 17:00:00.000,0.0
522,2010-07-22 18:00:00.000,0.0
523,2010-07-22 19:00:00.000,0.0
524,2010-07-22 20:00:00.000,0.0
525,2010-07-22 21:00:00.000,0.0
526,2010-07-22 22:00:00.000,0.0
527,2010-07-22 23:00:00.000,0.0
528,2010-07-23 00:00:00.000,0.0
529,2010-07-23 01:00:00.000,0.0
530,2010-07-23 02:00:00.000,0.0
531,2010-07-23 03:00:00.000,0.0
532,2010-07-23 04:00:00.000,0.0
533,2010-07-23 05:00:00.000,0.0
534,2010-07-23 06:00:00.000,0.0
535,2010-07-23 07:00:00.000,1.0080000000000005
536,2010-07-23 08:00:00.000,15.062
537,2010-07-23 09:00:00.000,24.194999999999997
538,2010-07-23 10:00:00.000,21.403
539,2010-07-23 11:00:00.000,35.077000000000005
540,2010-07-23 12:00:00.000,30.198
541,2010-07-23 13:00:00.000,20.874
542,2010-07-23 14:00:00.000,21.582
543,2010-07-23 15:00:00.000,16.495000000000005
544,2010-07-23 16:00:00.000,1.1390000000000002
545,2010-07-23 17:00:00.000,0.0
546,2010-07-23 18:00:00.000,0.0
547,2010-07-23 19:00:00.000,0.0
548,2010-07-23 20:00:00.000,0.0
549,2010-07-23 21:00:00.000,0.0
550,2010-07-23 22:00:00.000,0.0
551,2010-07-23 23:00:00.000,0.0
552,2010-07-24 00:00:00.000,0.0
553,2010-07-24 01:00:00.000,0.0
554,2010-07-24 02:00:00.000,0.0
555,2010-07-24 03:00:00.000,0.0
556,2010-07-24 04:00:00.000,0.0
557,2010-07-24 05:00:00.000,0.0
558,2010-07-24 06:00:00.000,0.0
559,2010-07-24 07:00:00.000,2.356
560,2010-07-24 08:00:00.000,6.216999999999999
561,2010-07-24 09:00:00.000,19.222999999999995
562,2010-07-24 10:00:00.000,34.221
563,2010-07-24 11:00:00.000,34.050999999999995
564,2010-07-24 12:00:00.000,26.527
565,2010-07-24 13:00:00.000,35.146
566,2010-07-24 14:00:00.000,25.340000000000007
567,2010-07-24 15:00:00.000,10.664000000000003
568,2010-07-24 16:00:00.000,1.389
569,2010-07-24 17:00:00.000,0.0
570,2010-07-24 18:00:00.000,0.0
571,2010-07-24 19:00:00.000,0.0
572,2010-07-24 20:00:00.000,0.0
573,2010-07-24 21:00:00.000,0.0
574,2010-07-24 22:00:00.000,0.0
575,2010-07-24 23:00:00.000,0.0
576,2010-07-25 00:00:00.000,0.0
577,2010-07-25 01:00:00.000,0.0
578,2010-07-25 02:00:00.000,0.0
579,2010-07-25 03:00:00.000,0.0
580,2010-07-25 04:00:00.000,0.0
581,2010-07-25 05:00:00.000,0.0
582,2010-07-25 06:00:00.000,0.0
583,2010-07-25 07:00:00.000,3.676
584,2010-07-25 08:00:00.000,13.844
585,2010-07-25 09:00:00.000,29.208999999999985
586,2010-07-25 10:00:00.000,39.27999999999999
587,2010-07-25 11:00:00.000,40.639
588,2010-07-25 12:00:00.000,16.145
589,2010-07-25 13:00:00.000,22.513000000000005
590,2010-07-25 14:00:00.000,12.436000000000002
591,2010-07-25 15:00:00.000,11.433000000000002
592,2010-07-25 16:00:00.000,0.8290000000000004
593,2010-07-25 17:00:00.000,0.0
594,2010-07-25 18:00:00.000,0.0
595,2010-07-25 19:00:00.000,0.0
596,2010-07-25 20:00:00.000,0.0
597,2010-07-25 21:00:00.000,0.0
598,2010-07-25 22:00:00.000,0.0
599,2010-07-25 23:00:00.000,0.0
600,2010-07-26 00:00:00.000,0.0
601,2010-07-26 01:00:00.000,0.0
602,2010-07-26 02:00:00.000,0.0
603,2010-07-26 03:00:00.000,0.0
604,2010-07-26 04:00:00.000,0.0
605,2010-07-26 05:00:00.000,0.0
606,2010-07-26 06:00:00.000,0.0
607,2010-07-26 07:00:00.000,1.0250000000000001
608,2010-07-26 08:00:00.000,6.473999999999999
609,2010-07-26 09:00:00.000,26.465000000000003
610,2010-07-26 10:00:00.000,40.42600000000001
611,2010-07-26 11:00:00.000,29.752000000000006
612,2010-07-26 12:00:00.000,32.882999999999996
613,2010-07-26 13:00:00.000,30.685000000000002
614,2010-07-26 14:00:00.000,26.833000000000006
615,2010-07-26 15:00:00.000,11.245999999999999
616,2010-07-26 16:00:00.000,2.033
617,2010-07-26 17:00:00.000,0.0
618,2010-07-26 18:00:00.000,0.0
619,2010-07-26 19:00:00.000,0.0
620,2010-07-26 20:00:00.000,0.0
621,2010-07-26 21:00:00.000,0.0
622,2010-07-26 22:00:00.000,0.0
623,2010-07-26 23:00:00.000,0.0
624,2010-07-27 00:00:00.000,0.0
625,2010-07-27 01:00:00.000,0.0
626,2010-07-27 02:00:00.000,0.0
627,2010-07-27 03:00:00.000,0.0
628,2010-07-27 04:00:00.000,0.0
629,2010-07-27 05:00:00.000,0.0
630,2010-07-27 06:00:00.000,0.0
631,2010-07-27 07:00:00.000,2.5520000000000005
632,2010-07-27 08:00:00.000,3.6679999999999997
633,2010-07-27 09:00:00.000,4.561
634,2010-07-27 10:00:00.000,12.321000000000002
635,2010-07-27 11:00:00.000,7.178000000000001
636,2010-07-27 12:00:00.000,8.473999999999998
637,2010-07-27 13:00:00.000,6.131000000000001
638,2010-07-27 14:00:00.000,3.3310000000000004
639,2010-07-27 15:00:00.000,1.7860000000000005
640,2010-07-27 16:00:00.000,0.193
641,2010-07-27 17:00:00.000,0.0
642,2010-07-27 18:00:00.000,0.0
643,2010-07-27 19:00:00.000,0.0
644,2010-07-27 20:00:00.000,0.0
645,2010-07-27 21:00:00.000,0.0
646,2010-07-27 22:00:00.000,0.0
647,2010-07-27 23:00:00.000,0.0
648,2010-07-28 00:00:00.000,0.0
649,2010-07-28 01:00:00.000,0.0
650,2010-07-28 02:00:00.000,0.0
651,2010-07-28 03:00:00.000,0.0
652,2010-07-28 04:00:00.000,0.0
653,2010-07-28 05:00:00.000,0.0
654,2010-07-28 06:00:00.000,0.0
655,2010-07-28 07:00:00.000,0.5870000000000003
656,2010-07-28 08:00:00.000,4.275
657,2010-07-28 09:00:00.000,4.369000000000002
658,2010-07-28 10:00:00.000,6.715000000000001
659,2010-07-28 11:00:00.000,3.2470000000000003
660,2010-07-28 12:00:00.000,2.548
661,2010-07-28 13:00:00.000,1.9239999999999997
662,2010-07-28 14:00:00.000,0.6790000000000003
663,2010-07-28 15:00:00.000,0.0
664,2010-07-28 16:00:00.000,0.0
665,2010-07-28 17:00:00.000,0.0
666,2010-07-28 18:00:00.000,0.0
667,2010-07-28 19:00:00.000,0.0
668,2010-07-28 20:00:00.000,0.0
669,2010-07-28 21:00:00.000,0.0
670,2010-07-28 22:00:00.000,0.0
671,2010-07-28 23:00:00.000,0.0
672,2010-07-29 00:00:00.000,0.0
673,2010-07-29 01:00:00.000,0.0
674,2010-07-29 02:00:00.000,0.0
675,2010-07-29 03:00:00.000,0.0
676,2010-07-29 04:00:00.000,0.0
677,2010-07-29 05:00:00.000,0.0
678,2010-07-29 06:00:00.000,0.013
679,2010-07-29 07:00:00.000,2.1819999999999995
680,2010-07-29 08:00:00.000,6.769000000000001
681,2010-07-29 09:00:00.000,11.272
682,2010-07-29 10:00:00.000,5.321999999999998
683,2010-07-29 11:00:00.000,4.050000000000001
684,2010-07-29 12:00:00.000,4.171
685,2010-07-29 13:00:00.000,3.764000000000001
686,2010-07-29 14:00:00.000,3.2009999999999987
687,2010-07-29 15:00:00.000,2.6619999999999995
688,2010-07-29 16:00:00.000,0.134
689,2010-07-29 17:00:00.000,0.0
690,2010-07-29 18:00:00.000,0.0
691,2010-07-29 19:00:00.000,0.0
692,2010-07-29 20:00:00.000,0.0
693,2010-07-29 21:00:00.000,0.0
694,2010-07-29 22:00:00.000,0.0
695,2010-07-29 23:00:00.000,0.0
696,2010-07-30 00:00:00.000,0.0
697,2010-07-30 01:00:00.000,0.0
698,2010-07-30 02:00:00.000,0.0
699,2010-07-30 03:00:00.000,0.0
700,2010-07-30 04:00:00.000,0.0
701,2010-07-30 05:00:00.000,0.0
702,2010-07-30 06:00:00.000,0.019
703,2010-07-30 07:00:00.000,6.076
704,2010-07-30 08:00:00.000,8.735999999999999
705,2010-07-30 09:00:00.000,20.008999999999997
706,2010-07-30 10:00:00.000,38.388
707,2010-07-30 11:00:00.000,37.82799999999999
708,2010-07-30 12:00:00.000,26.447999999999997
709,2010-07-30 13:00:00.000,20.513000000000005
710,2010-07-30 14:00:00.000,10.389000000000005
711,2010-07-30 15:00:00.000,5.504
712,2010-07-30 16:00:00.000,0.2870000000000001
713,2010-07-30 17:00:00.000,0.0
714,2010-07-30 18:00:00.000,0.0
715,2010-07-30 19:00:00.000,0.0
716,2010-07-30 20:00:00.000,0.0
717,2010-07-30 21:00:00.000,0.0
718,2010-07-30 22:00:00.000,0.0
719,2010-07-30 23:00:00.000,0.0
720,2010-07-31 00:00:00.000,0.0
721,2010-07-31 01:00:00.000,0.0
722,2010-07-31 02:00:00.000,0.0
723,2010-07-31 03:00:00.000,0.0
724,2010-07-31 04:00:00.000,0.0
725,2010-07-31 05:00:00.000,0.0
726,2010-07-31 06:00:00.000,0.0
727,2010-07-31 07:00:00.000,0.4990000000000002
728,2010-07-31 08:00:00.000,2.777999999999999
729,2010-07-31 09:00:00.000,10.617
730,2010-07-31 10:00:00.000,24.499
731,2010-07-31 11:00:00.000,33.763
732,2010-07-31 12:00:00.000,15.913000000000004
733,2010-07-31 13:00:00.000,17.489
734,2010-07-31 14:00:00.000,30.123
735,2010-07-31 15:00:00.000,18.652999999999995
736,2010-07-31 16:00:00.000,4.848
737,2010-07-31 17:00:00.000,0.0
738,2010-07-31 18:00:00.000,0.0
739,2010-07-31 19:00:00.000,0.0
740,2010-07-31 20:00:00.000,0.0
741,2010-07-31 21:00:00.000,0.0
742,2010-07-31 22:00:00.000,0.0
743,2010-07-31 23:00:00.000,0.0
744,2010-08-01 00:00:00.000,0.0
745,2010-08-01 01:00:00.000,0.0
746,2010-08-01 02:00:00.000,0.0
747,2010-08-01 03:00:00.000,0.0
748,2010-08-01 04:00:00.000,0.0
749,2010-08-01 05:00:00.000,0.0
750,2010-08-01 06:00:00.000,0.051
751,2010-08-01 07:00:00.000,6.304999999999999
752,2010-08-01 08:00:00.000,20.456
753,2010-08-01 09:00:00.000,34.95299999999999
754,2010-08-01 10:00:00.000,45.611
755,2010-08-01 11:00:00.000,49.604
756,2010-08-01 12:00:00.000,49.552
757,2010-08-01 13:00:00.000,44.51800000000001
758,2010-08-01 14:00:00.000,34.946999999999996
759,2010-08-01 15:00:00.000,20.777000000000005
760,2010-08-01 16:00:00.000,5.534
761,2010-08-01 17:00:00.000,0.0
762,2010-08-01 18:00:00.000,0.0
763,2010-08-01 19:00:00.000,0.0
764,2010-08-01 20:00:00.000,0.0
765,2010-08-01 21:00:00.000,0.0
766,2010-08-01 22:00:00.000,0.0
767,2010-08-01 23:00:00.000,0.0
768,2010-08-02 00:00:00.000,0.0
769,2010-08-02 01:00:00.000,0.0
770,2010-08-02 02:00:00.000,0.0
771,2010-08-02 03:00:00.000,0.0
772,2010-08-02 04:00:00.000,0.0
773,2010-08-02 05:00:00.000,0.0
774,2010-08-02 06:00:00.000,0.056999999999999995
775,2010-08-02 07:00:00.000,6.6339999999999995
776,2010-08-02 08:00:00.000,20.172
777,2010-08-02 09:00:00.000,34.655
778,2010-08-02 10:00:00.000,30.302999999999997
779,2010-08-02 11:00:00.000,29.997999999999998
780,2010-08-02 12:00:00.000,50.418000000000006
781,2010-08-02 13:00:00.000,45.03899999999999
782,2010-08-02 14:00:00.000,28.718999999999998
783,2010-08-02 15:00:00.000,20.04
784,2010-08-02 16:00:00.000,5.537
785,2010-08-02 17:00:00.000,0.0
786,2010-08-02 18:00:00.000,0.0
787,2010-08-02 19:00:00.000,0.0
788,2010-08-02 20:00:00.000,0.0
789,2010-08-02 21:00:00.000,0.0
790,2010-08-02 22:00:00.000,0.0
791,2010-08-02 23:00:00.000,0.0
792,2010-08-03 00:00:00.000,0.0
793,2010-08-03 01:00:00.000,0.0
794,2010-08-03 02:00:00.000,0.0
795,2010-08-03 03:00:00.000,0.0
796,2010-08-03 04:00:00.000,0.0
797,2010-08-03 05:00:00.000,0.0
798,2010-08-03 06:00:00.000,0.0
799,2010-08-03 07:00:00.000,0.7020000000000003
800,2010-08-03 08:00:00.000,2.048
801,2010-08-03 09:00:00.000,1.2050000000000003
802,2010-08-03 10:00:00.000,6.876000000000002
803,2010-08-03 11:00:00.000,10.885999999999997
804,2010-08-03 12:00:00.000,28.139999999999997
805,2010-08-03 13:00:00.000,16.718999999999998
806,2010-08-03 14:00:00.000,26.912000000000003
807,2010-08-03 15:00:00.000,18.973000000000003
808,2010-08-03 16:00:00.000,1.9240000000000002
809,2010-08-03 17:00:00.000,0.0
810,2010-08-03 18:00:00.000,0.0
811,2010-08-03 19:00:00.000,0.0
812,2010-08-03 20:00:00.000,0.0
813,2010-08-03 21:00:00.000,0.0
814,2010-08-03 22:00:00.000,0.0
815,2010-08-03 23:00:00.000,0.0
816,2010-08-04 00:00:00.000,0.0
817,2010-08-04 01:00:00.000,0.0
818,2010-08-04 02:00:00.000,0.0
819,2010-08-04 03:00:00.000,0.0
820,2010-08-04 04:00:00.000,0.0
821,2010-08-04 05:00:00.000,0.0
822,2010-08-04 06:00:00.000,0.064
823,2010-08-04 07:00:00.000,7.506000000000001
824,2010-08-04 08:00:00.000,21.846999999999998
825,2010-08-04 09:00:00.000,34.836999999999996
826,2010-08-04 10:00:00.000,45.540000000000006
827,2010-08-04 11:00:00.000,48.065000000000005
828,2010-08-04 12:00:00.000,45.39999999999999
829,2010-08-04 13:00:00.000,40.70599999999999
830,2010-08-04 14:00:00.000,35.50999999999999
831,2010-08-04 15:00:00.000,21.959000000000003
832,2010-08-04 16:00:00.000,6.157999999999999
833,2010-08-04 17:00:00.000,0.0
834,2010-08-04 18:00:00.000,0.0
835,2010-08-04 19:00:00.000,0.0
836,2010-08-04 20:00:00.000,0.0
837,2010-08-04 21:00:00.000,0.0
838,2010-08-04 22:00:00.000,0.0
839,2010-08-04 23:00:00.000,0.0
840,2010-08-05 00:00:00.000,0.0
841,2010-08-05 01:00:00.000,0.0
842,2010-08-05 02:00:00.000,0.0
843,2010-08-05 03:00:00.000,0.0
844,2010-08-05 04:00:00.000,0.0
845,2010-08-05 05:00:00.000,0.0
846,2010-08-05 06:00:00.000,0.038
847,2010-08-05 07:00:00.000,1.5849999999999997
848,2010-08-05 08:00:00.000,14.165000000000004
849,2010-08-05 09:00:00.000,36.792
850,2010-08-05 10:00:00.000,39.644000000000005
851,2010-08-05 11:00:00.000,49.14799999999999
852,2010-08-05 12:00:00.000,44.90099999999999
853,2010-08-05 13:00:00.000,41.586
854,2010-08-05 14:00:00.000,31.978000000000005
855,2010-08-05 15:00:00.000,18.285
856,2010-08-05 16:00:00.000,4.887999999999999
857,2010-08-05 17:00:00.000,0.0
858,2010-08-05 18:00:00.000,0.0
859,2010-08-05 19:00:00.000,0.0
860,2010-08-05 20:00:00.000,0.0
861,2010-08-05 21:00:00.000,0.0
862,2010-08-05 22:00:00.000,0.0
863,2010-08-05 23:00:00.000,0.0
864,2010-08-06 00:00:00.000,0.0
865,2010-08-06 01:00:00.000,0.0
866,2010-08-06 02:00:00.000,0.0
867,2010-08-06 03:00:00.000,0.0
868,2010-08-06 04:00:00.000,0.0
869,2010-08-06 05:00:00.000,0.0
870,2010-08-06 06:00:00.000,0.114
871,2010-08-06 07:00:00.000,7.807999999999999
872,2010-08-06 08:00:00.000,21.683999999999994
873,2010-08-06 09:00:00.000,36.25500000000002
874,2010-08-06 10:00:00.000,47.549
875,2010-08-06 11:00:00.000,51.689
876,2010-08-06 12:00:00.000,50.657
877,2010-08-06 13:00:00.000,46.17099999999999
878,2010-08-06 14:00:00.000,36.644000000000005
879,2010-08-06 15:00:00.000,22.360000000000007
880,2010-08-06 16:00:00.000,6.281999999999999
881,2010-08-06 17:00:00.000,0.0
882,2010-08-06 18:00:00.000,0.0
883,2010-08-06 19:00:00.000,0.0
884,2010-08-06 20:00:00.000,0.0
885,2010-08-06 21:00:00.000,0.0
886,2010-08-06 22:00:00.000,0.0
887,2010-08-06 23:00:00.000,0.0
888,2010-08-07 00:00:00.000,0.0
889,2010-08-07 01:00:00.000,0.0
890,2010-08-07 02:00:00.000,0.0
891,2010-08-07 03:00:00.000,0.0
892,2010-08-07 04:00:00.000,0.0
893,2010-08-07 05:00:00.000,0.0
894,2010-08-07 06:00:00.000,0.0
895,2010-08-07 07:00:00.000,7.384999999999999
896,2010-08-07 08:00:00.000,22.503999999999998
897,2010-08-07 09:00:00.000,37.50300000000001
898,2010-08-07 10:00:00.000,48.74300000000001
899,2010-08-07 11:00:00.000,52.693000000000005
900,2010-08-07 12:00:00.000,51.769
901,2010-08-07 13:00:00.000,46.166999999999994
902,2010-08-07 14:00:00.000,37.242999999999995
903,2010-08-07 15:00:00.000,22.551000000000002
904,2010-08-07 16:00:00.000,6.478000000000001
905,2010-08-07 17:00:00.000,0.0
906,2010-08-07 18:00:00.000,0.0
907,2010-08-07 19:00:00.000,0.0
908,2010-08-07 20:00:00.000,0.0
909,2010-08-07 21:00:00.000,0.0
910,2010-08-07 22:00:00.000,0.0
911,2010-08-07 23:00:00.000,0.0
912,2010-08-08 00:00:00.000,0.0
913,2010-08-08 01:00:00.000,0.0
914,2010-08-08 02:00:00.000,0.0
915,2010-08-08 03:00:00.000,0.0
916,2010-08-08 04:00:00.000,0.0
917,2010-08-08 05:00:00.000,0.0
918,2010-08-08 06:00:00.000,0.164
919,2010-08-08 07:00:00.000,6.899999999999999
920,2010-08-08 08:00:00.000,23.065999999999995
921,2010-08-08 09:00:00.000,36.50500000000001
922,2010-08-08 10:00:00.000,46.278000000000006
923,2010-08-08 11:00:00.000,42.12199999999999
924,2010-08-08 12:00:00.000,36.48600000000001
925,2010-08-08 13:00:00.000,38.336
926,2010-08-08 14:00:00.000,35.557
927,2010-08-08 15:00:00.000,22.378
928,2010-08-08 16:00:00.000,4.981
929,2010-08-08 17:00:00.000,0.013
930,2010-08-08 18:00:00.000,0.0
931,2010-08-08 19:00:00.000,0.0
932,2010-08-08 20:00:00.000,0.0
933,2010-08-08 21:00:00.000,0.0
934,2010-08-08 22:00:00.000,0.0
935,2010-08-08 23:00:00.000,0.0
936,2010-08-09 00:00:00.000,0.0
937,2010-08-09 01:00:00.000,0.0
938,2010-08-09 02:00:00.000,0.0
939,2010-08-09 03:00:00.000,0.0
940,2010-08-09 04:00:00.000,0.0
941,2010-08-09 05:00:00.000,0.0
942,2010-08-09 06:00:00.000,0.183
943,2010-08-09 07:00:00.000,8.900999999999996
944,2010-08-09 08:00:00.000,24.067000000000004
945,2010-08-09 09:00:00.000,38.064
946,2010-08-09 10:00:00.000,47.882
947,2010-08-09 11:00:00.000,50.612
948,2010-08-09 12:00:00.000,49.447
949,2010-08-09 13:00:00.000,44.900999999999996
950,2010-08-09 14:00:00.000,36.29999999999999
951,2010-08-09 15:00:00.000,22.432999999999996
952,2010-08-09 16:00:00.000,6.871999999999998
953,2010-08-09 17:00:00.000,0.0
954,2010-08-09 18:00:00.000,0.0
955,2010-08-09 19:00:00.000,0.0
956,2010-08-09 20:00:00.000,0.0
957,2010-08-09 21:00:00.000,0.0
958,2010-08-09 22:00:00.000,0.0
959,2010-08-09 23:00:00.000,0.0
960,2010-08-10 00:00:00.000,0.0
961,2010-08-10 01:00:00.000,0.0
962,2010-08-10 02:00:00.000,0.0
963,2010-08-10 03:00:00.000,0.0
964,2010-08-10 04:00:00.000,0.0
965,2010-08-10 05:00:00.000,0.0
966,2010-08-10 06:00:00.000,0.0
967,2010-08-10 07:00:00.000,0.45300000000000007
968,2010-08-10 08:00:00.000,1.7800000000000002
969,2010-08-10 09:00:00.000,4.277
970,2010-08-10 10:00:00.000,11.078
971,2010-08-10 11:00:00.000,4.648000000000001
972,2010-08-10 12:00:00.000,10.977
973,2010-08-10 13:00:00.000,7.345
974,2010-08-10 14:00:00.000,2.3400000000000003
975,2010-08-10 15:00:00.000,2.525
976,2010-08-10 16:00:00.000,0.8030000000000003
977,2010-08-10 17:00:00.000,0.0
978,2010-08-10 18:00:00.000,0.0
979,2010-08-10 19:00:00.000,0.0
980,2010-08-10 20:00:00.000,0.0
981,2010-08-10 21:00:00.000,0.0
982,2010-08-10 22:00:00.000,0.0
983,2010-08-10 23:00:00.000,0.0
984,2010-08-11 00:00:00.000,0.0
985,2010-08-11 01:00:00.000,0.0
986,2010-08-11 02:00:00.000,0.0
987,2010-08-11 03:00:00.000,0.0
988,2010-08-11 04:00:00.000,0.0
989,2010-08-11 05:00:00.000,0.0
990,2010-08-11 06:00:00.000,0.0
991,2010-08-11 07:00:00.000,2.2119999999999993
992,2010-08-11 08:00:00.000,11.226999999999997
993,2010-08-11 09:00:00.000,15.137
994,2010-08-11 10:00:00.000,25.852999999999998
995,2010-08-11 11:00:00.000,26.474
996,2010-08-11 12:00:00.000,39.724
997,2010-08-11 13:00:00.000,46.19099999999999
998,2010-08-11 14:00:00.000,32.13999999999999
999,2010-08-11 15:00:00.000,12.024000000000001
1000,2010-08-11 16:00:00.000,6.187000000000001
1001,2010-08-11 17:00:00.000,0.013
1002,2010-08-11 18:00:00.000,0.0
1003,2010-08-11 19:00:00.000,0.0
1004,2010-08-11 20:00:00.000,0.0
1005,2010-08-11 21:00:00.000,0.0
1006,2010-08-11 22:00:00.000,0.0
1007,2010-08-11 23:00:00.000,0.0
1008,2010-08-12 00:00:00.000,0.0
1009,2010-08-12 01:00:00.000,0.0
1010,2010-08-12 02:00:00.000,0.0
1011,2010-08-12 03:00:00.000,0.0
1012,2010-08-12 04:00:00.000,0.0
1013,2010-08-12 05:00:00.000,0.0
1014,2010-08-12 06:00:00.000,0.15699999999999997
1015,2010-08-12 07:00:00.000,7.582999999999998
1016,2010-08-12 08:00:00.000,18.464000000000002
1017,2010-08-12 09:00:00.000,38.761
1018,2010-08-12 10:00:00.000,44.601
1019,2010-08-12 11:00:00.000,51.095
1020,2010-08-12 12:00:00.000,44.785000000000004
1021,2010-08-12 13:00:00.000,39.356
1022,2010-08-12 14:00:00.000,29.898000000000003
1023,2010-08-12 15:00:00.000,7.844000000000001
1024,2010-08-12 16:00:00.000,1.6479999999999997
1025,2010-08-12 17:00:00.000,0.0
1026,2010-08-12 18:00:00.000,0.0
1027,2010-08-12 19:00:00.000,0.0
1028,2010-08-12 20:00:00.000,0.0
1029,2010-08-12 21:00:00.000,0.0
1030,2010-08-12 22:00:00.000,0.0
1031,2010-08-12 23:00:00.000,0.0
1032,2010-08-13 00:00:00.000,0.0
1033,2010-08-13 01:00:00.000,0.0
1034,2010-08-13 02:00:00.000,0.0
1035,2010-08-13 03:00:00.000,0.0
1036,2010-08-13 04:00:00.000,0.0
1037,2010-08-13 05:00:00.000,0.0
1038,2010-08-13 06:00:00.000,0.09400000000000001
1039,2010-08-13 07:00:00.000,9.11
1040,2010-08-13 08:00:00.000,24.046000000000006
1041,2010-08-13 09:00:00.000,38.732000000000006
1042,2010-08-13 10:00:00.000,48.84499999999999
1043,2010-08-13 11:00:00.000,50.507999999999996
1044,2010-08-13 12:00:00.000,28.781000000000006
1045,2010-08-13 13:00:00.000,24.755999999999997
1046,2010-08-13 14:00:00.000,31.682
1047,2010-08-13 15:00:00.000,20.786000000000005
1048,2010-08-13 16:00:00.000,6.422999999999999
1049,2010-08-13 17:00:00.000,0.044
1050,2010-08-13 18:00:00.000,0.0
1051,2010-08-13 19:00:00.000,0.0
1052,2010-08-13 20:00:00.000,0.0
1053,2010-08-13 21:00:00.000,0.0
1054,2010-08-13 22:00:00.000,0.0
1055,2010-08-13 23:00:00.000,0.0
1056,2010-08-14 00:00:00.000,0.0
1057,2010-08-14 01:00:00.000,0.0
1058,2010-08-14 02:00:00.000,0.0
1059,2010-08-14 03:00:00.000,0.0
1060,2010-08-14 04:00:00.000,0.0
1061,2010-08-14 05:00:00.000,0.0
1062,2010-08-14 06:00:00.000,0.38
1063,2010-08-14 07:00:00.000,9.62
1064,2010-08-14 08:00:00.000,24.602000000000007
1065,2010-08-14 09:00:00.000,39.2
1066,2010-08-14 10:00:00.000,50.04299999999999
1067,2010-08-14 11:00:00.000,53.13700000000001
1068,2010-08-14 12:00:00.000,52.611999999999995
1069,2010-08-14 13:00:00.000,47.713
1070,2010-08-14 14:00:00.000,38.12200000000001
1071,2010-08-14 15:00:00.000,23.340999999999998
1072,2010-08-14 16:00:00.000,7.401
1073,2010-08-14 17:00:00.000,0.044
1074,2010-08-14 18:00:00.000,0.0
1075,2010-08-14 19:00:00.000,0.0
1076,2010-08-14 20:00:00.000,0.0
1077,2010-08-14 21:00:00.000,0.0
1078,2010-08-14 22:00:00.000,0.0
1079,2010-08-14 23:00:00.000,0.0
1080,2010-08-15 00:00:00.000,0.0
1081,2010-08-15 01:00:00.000,0.0
1082,2010-08-15 02:00:00.000,0.0
1083,2010-08-15 03:00:00.000,0.0
1084,2010-08-15 04:00:00.000,0.0
1085,2010-08-15 05:00:00.000,0.0
1086,2010-08-15 06:00:00.000,0.038
1087,2010-08-15 07:00:00.000,7.175
1088,2010-08-15 08:00:00.000,23.783000000000005
1089,2010-08-15 09:00:00.000,22.657
1090,2010-08-15 10:00:00.000,49.43300000000001
1091,2010-08-15 11:00:00.000,54.138
1092,2010-08-15 12:00:00.000,34.57600000000001
1093,2010-08-15 13:00:00.000,44.693999999999996
1094,2010-08-15 14:00:00.000,38.511
1095,2010-08-15 15:00:00.000,21.796999999999997
1096,2010-08-15 16:00:00.000,7.546
1097,2010-08-15 17:00:00.000,0.044
1098,2010-08-15 18:00:00.000,0.0
1099,2010-08-15 19:00:00.000,0.0
1100,2010-08-15 20:00:00.000,0.0
1101,2010-08-15 21:00:00.000,0.0
1102,2010-08-15 22:00:00.000,0.0
1103,2010-08-15 23:00:00.000,0.0
1104,2010-08-16 00:00:00.000,0.0
1105,2010-08-16 01:00:00.000,0.0
1106,2010-08-16 02:00:00.000,0.0
1107,2010-08-16 03:00:00.000,0.0
1108,2010-08-16 04:00:00.000,0.0
1109,2010-08-16 05:00:00.000,0.0
1110,2010-08-16 06:00:00.000,0.4620000000000001
1111,2010-08-16 07:00:00.000,10.220000000000002
1112,2010-08-16 08:00:00.000,25.426000000000005
1113,2010-08-16 09:00:00.000,37.260999999999996
1114,2010-08-16 10:00:00.000,51.044999999999995
1115,2010-08-16 11:00:00.000,55.208999999999996
1116,2010-08-16 12:00:00.000,54.38399999999999
1117,2010-08-16 13:00:00.000,49.74799999999999
1118,2010-08-16 14:00:00.000,40.108999999999995
1119,2010-08-16 15:00:00.000,24.607999999999993
1120,2010-08-16 16:00:00.000,8.041
1121,2010-08-16 17:00:00.000,0.056
1122,2010-08-16 18:00:00.000,0.0
1123,2010-08-16 19:00:00.000,0.0
1124,2010-08-16 20:00:00.000,0.0
1125,2010-08-16 21:00:00.000,0.0
1126,2010-08-16 22:00:00.000,0.0
1127,2010-08-16 23:00:00.000,0.0
1128,2010-08-17 00:00:00.000,0.0
1129,2010-08-17 01:00:00.000,0.0
1130,2010-08-17 02:00:00.000,0.0
1131,2010-08-17 03:00:00.000,0.0
1132,2010-08-17 04:00:00.000,0.0
1133,2010-08-17 05:00:00.000,0.0
1134,2010-08-17 06:00:00.000,0.6000000000000001
1135,2010-08-17 07:00:00.000,11.161000000000001
1136,2010-08-17 08:00:00.000,26.438000000000002
1137,2010-08-17 09:00:00.000,40.81800000000001
1138,2010-08-17 10:00:00.000,50.55799999999999
1139,2010-08-17 11:00:00.000,53.724999999999994
1140,2010-08-17 12:00:00.000,52.260999999999996
1141,2010-08-17 13:00:00.000,48.989999999999995
1142,2010-08-17 14:00:00.000,38.55700000000001
1143,2010-08-17 15:00:00.000,21.05
1144,2010-08-17 16:00:00.000,5.463000000000001
1145,2010-08-17 17:00:00.000,0.056999999999999995
1146,2010-08-17 18:00:00.000,0.0
1147,2010-08-17 19:00:00.000,0.0
1148,2010-08-17 20:00:00.000,0.0
1149,2010-08-17 21:00:00.000,0.0
1150,2010-08-17 22:00:00.000,0.0
1151,2010-08-17 23:00:00.000,0.0
1152,2010-08-18 00:00:00.000,0.0
1153,2010-08-18 01:00:00.000,0.0
1154,2010-08-18 02:00:00.000,0.0
1155,2010-08-18 03:00:00.000,0.0
1156,2010-08-18 04:00:00.000,0.0
1157,2010-08-18 05:00:00.000,0.0
1158,2010-08-18 06:00:00.000,0.127
1159,2010-08-18 07:00:00.000,8.714
1160,2010-08-18 08:00:00.000,26.142999999999994
1161,2010-08-18 09:00:00.000,40.46299999999999
1162,2010-08-18 10:00:00.000,50.425000000000004
1163,2010-08-18 11:00:00.000,53.15300000000001
1164,2010-08-18 12:00:00.000,50.754
1165,2010-08-18 13:00:00.000,40.279
1166,2010-08-18 14:00:00.000,36.943000000000005
1167,2010-08-18 15:00:00.000,23.034999999999993
1168,2010-08-18 16:00:00.000,6.726000000000001
1169,2010-08-18 17:00:00.000,0.05
1170,2010-08-18 18:00:00.000,0.0
1171,2010-08-18 19:00:00.000,0.0
1172,2010-08-18 20:00:00.000,0.0
1173,2010-08-18 21:00:00.000,0.0
1174,2010-08-18 22:00:00.000,0.0
1175,2010-08-18 23:00:00.000,0.0
1176,2010-08-19 00:00:00.000,0.0
1177,2010-08-19 01:00:00.000,0.0
1178,2010-08-19 02:00:00.000,0.0
1179,2010-08-19 03:00:00.000,0.0
1180,2010-08-19 04:00:00.000,0.0
1181,2010-08-19 05:00:00.000,0.0
1182,2010-08-19 06:00:00.000,0.0
1183,2010-08-19 07:00:00.000,2.4319999999999995
1184,2010-08-19 08:00:00.000,19.848999999999993
1185,2010-08-19 09:00:00.000,39.193000000000005
1186,2010-08-19 10:00:00.000,47.077
1187,2010-08-19 11:00:00.000,45.367
1188,2010-08-19 12:00:00.000,49.36600000000001
1189,2010-08-19 13:00:00.000,46.145
1190,2010-08-19 14:00:00.000,37.748999999999995
1191,2010-08-19 15:00:00.000,23.744000000000003
1192,2010-08-19 16:00:00.000,7.895999999999999
1193,2010-08-19 17:00:00.000,0.08800000000000001
1194,2010-08-19 18:00:00.000,0.0
1195,2010-08-19 19:00:00.000,0.0
1196,2010-08-19 20:00:00.000,0.0
1197,2010-08-19 21:00:00.000,0.0
1198,2010-08-19 22:00:00.000,0.0
1199,2010-08-19 23:00:00.000,0.0
1200,2010-08-20 00:00:00.000,0.0
1201,2010-08-20 01:00:00.000,0.0
1202,2010-08-20 02:00:00.000,0.0
1203,2010-08-20 03:00:00.000,0.0
1204,2010-08-20 04:00:00.000,0.0
1205,2010-08-20 05:00:00.000,0.0
1206,2010-08-20 06:00:00.000,0.23500000000000007
1207,2010-08-20 07:00:00.000,10.926
1208,2010-08-20 08:00:00.000,26.868
1209,2010-08-20 09:00:00.000,41.848000000000006
1210,2010-08-20 10:00:00.000,52.644999999999996
1211,2010-08-20 11:00:00.000,55.339000000000006
1212,2010-08-20 12:00:00.000,54.003
1213,2010-08-20 13:00:00.000,50.007999999999996
1214,2010-08-20 14:00:00.000,40.754999999999995
1215,2010-08-20 15:00:00.000,25.278
1216,2010-08-20 16:00:00.000,8.752
1217,2010-08-20 17:00:00.000,0.11299999999999999
1218,2010-08-20 18:00:00.000,0.0
1219,2010-08-20 19:00:00.000,0.0
1220,2010-08-20 20:00:00.000,0.0
1221,2010-08-20 21:00:00.000,0.0
1222,2010-08-20 22:00:00.000,0.0
1223,2010-08-20 23:00:00.000,0.0
1224,2010-08-21 00:00:00.000,0.0
1225,2010-08-21 01:00:00.000,0.0
1226,2010-08-21 02:00:00.000,0.0
1227,2010-08-21 03:00:00.000,0.0
1228,2010-08-21 04:00:00.000,0.0
1229,2010-08-21 05:00:00.000,0.0
1230,2010-08-21 06:00:00.000,0.7760000000000002
1231,2010-08-21 07:00:00.000,11.791999999999998
1232,2010-08-21 08:00:00.000,27.674000000000003
1233,2010-08-21 09:00:00.000,43.02200000000001
1234,2010-08-21 10:00:00.000,53.632999999999996
1235,2010-08-21 11:00:00.000,56.94899999999999
1236,2010-08-21 12:00:00.000,55.759
1237,2010-08-21 13:00:00.000,50.937999999999995
1238,2010-08-21 14:00:00.000,41.123999999999995
1239,2010-08-21 15:00:00.000,25.544000000000004
1240,2010-08-21 16:00:00.000,6.4990000000000006
1241,2010-08-21 17:00:00.000,0.132
1242,2010-08-21 18:00:00.000,0.0
1243,2010-08-21 19:00:00.000,0.0
1244,2010-08-21 20:00:00.000,0.0
1245,2010-08-21 21:00:00.000,0.0
1246,2010-08-21 22:00:00.000,0.0
1247,2010-08-21 23:00:00.000,0.0
1248,2010-08-22 00:00:00.000,0.0
1249,2010-08-22 01:00:00.000,0.0
1250,2010-08-22 02:00:00.000,0.0
1251,2010-08-22 03:00:00.000,0.0
1252,2010-08-22 04:00:00.000,0.0
1253,2010-08-22 05:00:00.000,0.0
1254,2010-08-22 06:00:00.000,0.8870000000000003
1255,2010-08-22 07:00:00.000,12.306999999999999
1256,2010-08-22 08:00:00.000,28.062000000000005
1257,2010-08-22 09:00:00.000,42.57200000000002
1258,2010-08-22 10:00:00.000,51.95399999999999
1259,2010-08-22 11:00:00.000,55.385000000000005
1260,2010-08-22 12:00:00.000,53.317
1261,2010-08-22 13:00:00.000,48.619
1262,2010-08-22 14:00:00.000,26.416999999999998
1263,2010-08-22 15:00:00.000,12.815000000000003
1264,2010-08-22 16:00:00.000,3.2640000000000002
1265,2010-08-22 17:00:00.000,0.0
1266,2010-08-22 18:00:00.000,0.0
1267,2010-08-22 19:00:00.000,0.0
1268,2010-08-22 20:00:00.000,0.0
1269,2010-08-22 21:00:00.000,0.0
1270,2010-08-22 22:00:00.000,0.0
1271,2010-08-22 23:00:00.000,0.0
1272,2010-08-23 00:00:00.000,0.0
1273,2010-08-23 01:00:00.000,0.0
1274,2010-08-23 02:00:00.000,0.0
1275,2010-08-23 03:00:00.000,0.0
1276,2010-08-23 04:00:00.000,0.0
1277,2010-08-23 05:00:00.000,0.0
1278,2010-08-23 06:00:00.000,0.0
1279,2010-08-23 07:00:00.000,0.5540000000000002
1280,2010-08-23 08:00:00.000,1.738
1281,2010-08-23 09:00:00.000,1.8750000000000007
1282,2010-08-23 10:00:00.000,4.573
1283,2010-08-23 11:00:00.000,6.396999999999999
1284,2010-08-23 12:00:00.000,5.760999999999999
1285,2010-08-23 13:00:00.000,4.867999999999999
1286,2010-08-23 14:00:00.000,4.4910000000000005
1287,2010-08-23 15:00:00.000,3.103
1288,2010-08-23 16:00:00.000,1.8089999999999997
1289,2010-08-23 17:00:00.000,0.013
1290,2010-08-23 18:00:00.000,0.0
1291,2010-08-23 19:00:00.000,0.0
1292,2010-08-23 20:00:00.000,0.0
1293,2010-08-23 21:00:00.000,0.0
1294,2010-08-23 22:00:00.000,0.0
1295,2010-08-23 23:00:00.000,0.0
1296,2010-08-24 00:00:00.000,0.0
1297,2010-08-24 01:00:00.000,0.0
1298,2010-08-24 02:00:00.000,0.0
1299,2010-08-24 03:00:00.000,0.0
1300,2010-08-24 04:00:00.000,0.0
1301,2010-08-24 05:00:00.000,0.0
1302,2010-08-24 06:00:00.000,1.0230000000000004
1303,2010-08-24 07:00:00.000,12.367
1304,2010-08-24 08:00:00.000,28.305
1305,2010-08-24 09:00:00.000,43.108999999999995
1306,2010-08-24 10:00:00.000,52.284000000000006
1307,2010-08-24 11:00:00.000,47.48299999999998
1308,2010-08-24 12:00:00.000,42.310999999999986
1309,2010-08-24 13:00:00.000,34.213
1310,2010-08-24 14:00:00.000,28.225000000000005
1311,2010-08-24 15:00:00.000,20.13
1312,2010-08-24 16:00:00.000,2.8429999999999995
1313,2010-08-24 17:00:00.000,0.0
1314,2010-08-24 18:00:00.000,0.0
1315,2010-08-24 19:00:00.000,0.0
1316,2010-08-24 20:00:00.000,0.0
1317,2010-08-24 21:00:00.000,0.0
1318,2010-08-24 22:00:00.000,0.0
1319,2010-08-24 23:00:00.000,0.0
1320,2010-08-25 00:00:00.000,0.0
1321,2010-08-25 01:00:00.000,0.0
1322,2010-08-25 02:00:00.000,0.0
1323,2010-08-25 03:00:00.000,0.0
1324,2010-08-25 04:00:00.000,0.0
1325,2010-08-25 05:00:00.000,0.0
1326,2010-08-25 06:00:00.000,1.1320000000000003
1327,2010-08-25 07:00:00.000,12.57
1328,2010-08-25 08:00:00.000,28.535999999999994
1329,2010-08-25 09:00:00.000,34.771999999999984
1330,2010-08-25 10:00:00.000,37.169000000000004
1331,2010-08-25 11:00:00.000,45.02599999999998
1332,2010-08-25 12:00:00.000,47.41099999999999
1333,2010-08-25 13:00:00.000,42.892999999999994
1334,2010-08-25 14:00:00.000,36.83399999999999
1335,2010-08-25 15:00:00.000,24.439
1336,2010-08-25 16:00:00.000,9.349
1337,2010-08-25 17:00:00.000,0.162
1338,2010-08-25 18:00:00.000,0.0
1339,2010-08-25 19:00:00.000,0.0
1340,2010-08-25 20:00:00.000,0.0
1341,2010-08-25 21:00:00.000,0.0
1342,2010-08-25 22:00:00.000,0.0
1343,2010-08-25 23:00:00.000,0.0
1344,2010-08-26 00:00:00.000,0.0
1345,2010-08-26 01:00:00.000,0.0
1346,2010-08-26 02:00:00.000,0.0
1347,2010-08-26 03:00:00.000,0.0
1348,2010-08-26 04:00:00.000,0.0
1349,2010-08-26 05:00:00.000,0.0
1350,2010-08-26 06:00:00.000,1.1430000000000005
1351,2010-08-26 07:00:00.000,12.700000000000003
1352,2010-08-26 08:00:00.000,29.06299999999999
1353,2010-08-26 09:00:00.000,36.074
1354,2010-08-26 10:00:00.000,38.626
1355,2010-08-26 11:00:00.000,47.760000000000005
1356,2010-08-26 12:00:00.000,33.864999999999995
1357,2010-08-26 13:00:00.000,40.98400000000001
1358,2010-08-26 14:00:00.000,38.75199999999999
1359,2010-08-26 15:00:00.000,23.471999999999998
1360,2010-08-26 16:00:00.000,8.730999999999998
1361,2010-08-26 17:00:00.000,0.013
1362,2010-08-26 18:00:00.000,0.0
1363,2010-08-26 19:00:00.000,0.0
1364,2010-08-26 20:00:00.000,0.0
1365,2010-08-26 21:00:00.000,0.0
1366,2010-08-26 22:00:00.000,0.0
1367,2010-08-26 23:00:00.000,0.0
1368,2010-08-27 00:00:00.000,0.0
1369,2010-08-27 01:00:00.000,0.0
1370,2010-08-27 02:00:00.000,0.0
1371,2010-08-27 03:00:00.000,0.0
1372,2010-08-27 04:00:00.000,0.0
1373,2010-08-27 05:00:00.000,0.0
1374,2010-08-27 06:00:00.000,1.547
1375,2010-08-27 07:00:00.000,4.837
1376,2010-08-27 08:00:00.000,28.294000000000004
1377,2010-08-27 09:00:00.000,44.45500000000001
1378,2010-08-27 10:00:00.000,54.257999999999996
1379,2010-08-27 11:00:00.000,56.290000000000006
1380,2010-08-27 12:00:00.000,50.26500000000001
1381,2010-08-27 13:00:00.000,44.559
1382,2010-08-27 14:00:00.000,38.57100000000001
1383,2010-08-27 15:00:00.000,23.75
1384,2010-08-27 16:00:00.000,8.222
1385,2010-08-27 17:00:00.000,0.063
1386,2010-08-27 18:00:00.000,0.0
1387,2010-08-27 19:00:00.000,0.0
1388,2010-08-27 20:00:00.000,0.0
1389,2010-08-27 21:00:00.000,0.0
1390,2010-08-27 22:00:00.000,0.0
1391,2010-08-27 23:00:00.000,0.0
1392,2010-08-28 00:00:00.000,0.0
1393,2010-08-28 01:00:00.000,0.0
1394,2010-08-28 02:00:00.000,0.0
1395,2010-08-28 03:00:00.000,0.0
1396,2010-08-28 04:00:00.000,0.0
1397,2010-08-28 05:00:00.000,0.0
1398,2010-08-28 06:00:00.000,1.3000000000000003
1399,2010-08-28 07:00:00.000,13.514999999999999
1400,2010-08-28 08:00:00.000,28.88399999999999
1401,2010-08-28 09:00:00.000,43.68700000000001
1402,2010-08-28 10:00:00.000,53.294
1403,2010-08-28 11:00:00.000,56.594
1404,2010-08-28 12:00:00.000,55.44100000000001
1405,2010-08-28 13:00:00.000,51.175
1406,2010-08-28 14:00:00.000,41.42899999999999
1407,2010-08-28 15:00:00.000,25.511999999999997
1408,2010-08-28 16:00:00.000,9.295
1409,2010-08-28 17:00:00.000,0.21199999999999997
1410,2010-08-28 18:00:00.000,0.0
1411,2010-08-28 19:00:00.000,0.0
1412,2010-08-28 20:00:00.000,0.0
1413,2010-08-28 21:00:00.000,0.0
1414,2010-08-28 22:00:00.000,0.0
1415,2010-08-28 23:00:00.000,0.0
1416,2010-08-29 00:00:00.000,0.0
1417,2010-08-29 01:00:00.000,0.0
1418,2010-08-29 02:00:00.000,0.0
1419,2010-08-29 03:00:00.000,0.0
1420,2010-08-29 04:00:00.000,0.0
1421,2010-08-29 05:00:00.000,0.0
1422,2010-08-29 06:00:00.000,0.069
1423,2010-08-29 07:00:00.000,3.7129999999999996
1424,2010-08-29 08:00:00.000,20.809
1425,2010-08-29 09:00:00.000,34.39500000000001
1426,2010-08-29 10:00:00.000,42.76299999999999
1427,2010-08-29 11:00:00.000,41.984999999999985
1428,2010-08-29 12:00:00.000,45.818000000000005
1429,2010-08-29 13:00:00.000,45.738
1430,2010-08-29 14:00:00.000,39.645999999999994
1431,2010-08-29 15:00:00.000,24.373999999999995
1432,2010-08-29 16:00:00.000,8.765
1433,2010-08-29 17:00:00.000,0.20400000000000001
1434,2010-08-29 18:00:00.000,0.0
1435,2010-08-29 19:00:00.000,0.0
1436,2010-08-29 20:00:00.000,0.0
1437,2010-08-29 21:00:00.000,0.0
1438,2010-08-29 22:00:00.000,0.0
1439,2010-08-29 23:00:00.000,0.0
1440,2010-08-30 00:00:00.000,0.0
1441,2010-08-30 01:00:00.000,0.0
1442,2010-08-30 02:00:00.000,0.0
1443,2010-08-30 03:00:00.000,0.0
1444,2010-08-30 04:00:00.000,0.0
1445,2010-08-30 05:00:00.000,0.0
1446,2010-08-30 06:00:00.000,0.30300000000000005
1447,2010-08-30 07:00:00.000,10.142999999999997
1448,2010-08-30 08:00:00.000,26.696999999999996
1449,2010-08-30 09:00:00.000,26.352000000000004
1450,2010-08-30 10:00:00.000,27.473999999999997
1451,2010-08-30 11:00:00.000,34.833
1452,2010-08-30 12:00:00.000,48.983000000000004
1453,2010-08-30 13:00:00.000,43.763
1454,2010-08-30 14:00:00.000,28.652000000000005
1455,2010-08-30 15:00:00.000,23.608
1456,2010-08-30 16:00:00.000,8.755
1457,2010-08-30 17:00:00.000,0.257
1458,2010-08-30 18:00:00.000,0.0
1459,2010-08-30 19:00:00.000,0.0
1460,2010-08-30 20:00:00.000,0.0
1461,2010-08-30 21:00:00.000,0.0
1462,2010-08-30 22:00:00.000,0.0
1463,2010-08-30 23:00:00.000,0.0
1464,2010-08-31 00:00:00.000,0.0
1465,2010-08-31 01:00:00.000,0.0
1466,2010-08-31 02:00:00.000,0.0
1467,2010-08-31 03:00:00.000,0.0
1468,2010-08-31 04:00:00.000,0.0
1469,2010-08-31 05:00:00.000,0.0
1470,2010-08-31 06:00:00.000,1.4170000000000003
1471,2010-08-31 07:00:00.000,13.637000000000002
1472,2010-08-31 08:00:00.000,28.946000000000005
1473,2010-08-31 09:00:00.000,42.37300000000002
1474,2010-08-31 10:00:00.000,51.322999999999986
1475,2010-08-31 11:00:00.000,54.69
1476,2010-08-31 12:00:00.000,54.076
1477,2010-08-31 13:00:00.000,49.312
1478,2010-08-31 14:00:00.000,39.301
1479,2010-08-31 15:00:00.000,22.535000000000004
1480,2010-08-31 16:00:00.000,8.489999999999998
1481,2010-08-31 17:00:00.000,0.3340000000000001
1482,2010-08-31 18:00:00.000,0.0
1483,2010-08-31 19:00:00.000,0.0
1484,2010-08-31 20:00:00.000,0.0
1485,2010-08-31 21:00:00.000,0.0
1486,2010-08-31 22:00:00.000,0.0
1487,2010-08-31 23:00:00.000,0.0
1488,2010-09-01 00:00:00.000,0.0
1489,2010-09-01 01:00:00.000,0.0
1490,2010-09-01 02:00:00.000,0.0
1491,2010-09-01 03:00:00.000,0.0
1492,2010-09-01 04:00:00.000,0.0
1493,2010-09-01 05:00:00.000,0.0
1494,2010-09-01 06:00:00.000,1.7829999999999997
1495,2010-09-01 07:00:00.000,9.027
1496,2010-09-01 08:00:00.000,18.399
1497,2010-09-01 09:00:00.000,31.204999999999995
1498,2010-09-01 10:00:00.000,36.50200000000001
1499,2010-09-01 11:00:00.000,28.112
1500,2010-09-01 12:00:00.000,16.083000000000002
1501,2010-09-01 13:00:00.000,19.861999999999995
1502,2010-09-01 14:00:00.000,22.167
1503,2010-09-01 15:00:00.000,6.742
1504,2010-09-01 16:00:00.000,1.1290000000000002
1505,2010-09-01 17:00:00.000,0.0
1506,2010-09-01 18:00:00.000,0.0
1507,2010-09-01 19:00:00.000,0.0
1508,2010-09-01 20:00:00.000,0.0
1509,2010-09-01 21:00:00.000,0.0
1510,2010-09-01 22:00:00.000,0.0
1511,2010-09-01 23:00:00.000,0.0
1512,2010-09-02 00:00:00.000,0.0
1513,2010-09-02 01:00:00.000,0.0
1514,2010-09-02 02:00:00.000,0.0
1515,2010-09-02 03:00:00.000,0.0
1516,2010-09-02 04:00:00.000,0.0
1517,2010-09-02 05:00:00.000,0.0
1518,2010-09-02 06:00:00.000,0.0
1519,2010-09-02 07:00:00.000,0.7720000000000001
1520,2010-09-02 08:00:00.000,7.665
1521,2010-09-02 09:00:00.000,16.483
1522,2010-09-02 10:00:00.000,17.796999999999993
1523,2010-09-02 11:00:00.000,31.900999999999996
1524,2010-09-02 12:00:00.000,42.981999999999985
1525,2010-09-02 13:00:00.000,27.28300000000001
1526,2010-09-02 14:00:00.000,9.376000000000001
1527,2010-09-02 15:00:00.000,11.284000000000002
1528,2010-09-02 16:00:00.000,4.157000000000001
1529,2010-09-02 17:00:00.000,0.032
1530,2010-09-02 18:00:00.000,0.0
1531,2010-09-02 19:00:00.000,0.0
1532,2010-09-02 20:00:00.000,0.0
1533,2010-09-02 21:00:00.000,0.0
1534,2010-09-02 22:00:00.000,0.0
1535,2010-09-02 23:00:00.000,0.0
1536,2010-09-03 00:00:00.000,0.0
1537,2010-09-03 01:00:00.000,0.0
1538,2010-09-03 02:00:00.000,0.0
1539,2010-09-03 03:00:00.000,0.0
1540,2010-09-03 04:00:00.000,0.0
1541,2010-09-03 05:00:00.000,0.0
1542,2010-09-03 06:00:00.000,0.0
1543,2010-09-03 07:00:00.000,1.2659999999999998
1544,2010-09-03 08:00:00.000,4.742000000000001
1545,2010-09-03 09:00:00.000,6.372
1546,2010-09-03 10:00:00.000,7.88
1547,2010-09-03 11:00:00.000,11.765
1548,2010-09-03 12:00:00.000,12.185999999999998
1549,2010-09-03 13:00:00.000,9.959
1550,2010-09-03 14:00:00.000,6.216999999999999
1551,2010-09-03 15:00:00.000,4.342000000000001
1552,2010-09-03 16:00:00.000,0.43200000000000016
1553,2010-09-03 17:00:00.000,0.0
1554,2010-09-03 18:00:00.000,0.0
1555,2010-09-03 19:00:00.000,0.0
1556,2010-09-03 20:00:00.000,0.0
1557,2010-09-03 21:00:00.000,0.0
1558,2010-09-03 22:00:00.000,0.0
1559,2010-09-03 23:00:00.000,0.0
1560,2010-09-04 00:00:00.000,0.0
1561,2010-09-04 01:00:00.000,0.0
1562,2010-09-04 02:00:00.000,0.0
1563,2010-09-04 03:00:00.000,0.0
1564,2010-09-04 04:00:00.000,0.0
1565,2010-09-04 05:00:00.000,0.0
1566,2010-09-04 06:00:00.000,0.0
1567,2010-09-04 07:00:00.000,1.0840000000000005
1568,2010-09-04 08:00:00.000,3.5380000000000003
1569,2010-09-04 09:00:00.000,9.368
1570,2010-09-04 10:00:00.000,11.534
1571,2010-09-04 11:00:00.000,5.247
1572,2010-09-04 12:00:00.000,10.726000000000004
1573,2010-09-04 13:00:00.000,16.174999999999997
1574,2010-09-04 14:00:00.000,6.678999999999999
1575,2010-09-04 15:00:00.000,7.085000000000002
1576,2010-09-04 16:00:00.000,3.8090000000000006
1577,2010-09-04 17:00:00.000,0.013
1578,2010-09-04 18:00:00.000,0.0
1579,2010-09-04 19:00:00.000,0.0
1580,2010-09-04 20:00:00.000,0.0
1581,2010-09-04 21:00:00.000,0.0
1582,2010-09-04 22:00:00.000,0.0
1583,2010-09-04 23:00:00.000,0.0
1584,2010-09-05 00:00:00.000,0.0
1585,2010-09-05 01:00:00.000,0.0
1586,2010-09-05 02:00:00.000,0.0
1587,2010-09-05 03:00:00.000,0.0
1588,2010-09-05 04:00:00.000,0.0
1589,2010-09-05 05:00:00.000,0.0
1590,2010-09-05 06:00:00.000,1.845999999999999
1591,2010-09-05 07:00:00.000,14.070000000000006
1592,2010-09-05 08:00:00.000,30.420999999999992
1593,2010-09-05 09:00:00.000,45.30499999999999
1594,2010-09-05 10:00:00.000,54.16799999999999
1595,2010-09-05 11:00:00.000,59.077
1596,2010-09-05 12:00:00.000,58.946
1597,2010-09-05 13:00:00.000,53.75800000000001
1598,2010-09-05 14:00:00.000,42.879999999999995
1599,2010-09-05 15:00:00.000,25.239
1600,2010-09-05 16:00:00.000,6.918000000000002
1601,2010-09-05 17:00:00.000,0.5930000000000002
1602,2010-09-05 18:00:00.000,0.0
1603,2010-09-05 19:00:00.000,0.0
1604,2010-09-05 20:00:00.000,0.0
1605,2010-09-05 21:00:00.000,0.0
1606,2010-09-05 22:00:00.000,0.0
1607,2010-09-05 23:00:00.000,0.0
1608,2010-09-06 00:00:00.000,0.0
1609,2010-09-06 01:00:00.000,0.0
1610,2010-09-06 02:00:00.000,0.0
1611,2010-09-06 03:00:00.000,0.0
1612,2010-09-06 04:00:00.000,0.0
1613,2010-09-06 05:00:00.000,0.0
1614,2010-09-06 06:00:00.000,2.576999999999999
1615,2010-09-06 07:00:00.000,16.775
1616,2010-09-06 08:00:00.000,33.055
1617,2010-09-06 09:00:00.000,48.098000000000006
1618,2010-09-06 10:00:00.000,56.17099999999999
1619,2010-09-06 11:00:00.000,51.93700000000001
1620,2010-09-06 12:00:00.000,47.602999999999994
1621,2010-09-06 13:00:00.000,45.354
1622,2010-09-06 14:00:00.000,31.195999999999998
1623,2010-09-06 15:00:00.000,17.038999999999998
1624,2010-09-06 16:00:00.000,4.813
1625,2010-09-06 17:00:00.000,0.18200000000000002
1626,2010-09-06 18:00:00.000,0.0
1627,2010-09-06 19:00:00.000,0.0
1628,2010-09-06 20:00:00.000,0.0
1629,2010-09-06 21:00:00.000,0.0
1630,2010-09-06 22:00:00.000,0.0
1631,2010-09-06 23:00:00.000,0.0
1632,2010-09-07 00:00:00.000,0.0
1633,2010-09-07 01:00:00.000,0.0
1634,2010-09-07 02:00:00.000,0.0
1635,2010-09-07 03:00:00.000,0.0
1636,2010-09-07 04:00:00.000,0.0
1637,2010-09-07 05:00:00.000,0.0
1638,2010-09-07 06:00:00.000,0.4300000000000001
1639,2010-09-07 07:00:00.000,4.391999999999999
1640,2010-09-07 08:00:00.000,16.982000000000003
1641,2010-09-07 09:00:00.000,40.39099999999999
1642,2010-09-07 10:00:00.000,49.85399999999999
1643,2010-09-07 11:00:00.000,37.940999999999995
1644,2010-09-07 12:00:00.000,45.16599999999999
1645,2010-09-07 13:00:00.000,37.336000000000006
1646,2010-09-07 14:00:00.000,38.067
1647,2010-09-07 15:00:00.000,19.604999999999997
1648,2010-09-07 16:00:00.000,8.925
1649,2010-09-07 17:00:00.000,0.5100000000000001
1650,2010-09-07 18:00:00.000,0.0
1651,2010-09-07 19:00:00.000,0.0
1652,2010-09-07 20:00:00.000,0.0
1653,2010-09-07 21:00:00.000,0.0
1654,2010-09-07 22:00:00.000,0.0
1655,2010-09-07 23:00:00.000,0.0
1656,2010-09-08 00:00:00.000,0.0
1657,2010-09-08 01:00:00.000,0.0
1658,2010-09-08 02:00:00.000,0.0
1659,2010-09-08 03:00:00.000,0.0
1660,2010-09-08 04:00:00.000,0.0
1661,2010-09-08 05:00:00.000,0.0
1662,2010-09-08 06:00:00.000,2.5529999999999995
1663,2010-09-08 07:00:00.000,15.042
1664,2010-09-08 08:00:00.000,32.755
1665,2010-09-08 09:00:00.000,47.486999999999995
1666,2010-09-08 10:00:00.000,54.464
1667,2010-09-08 11:00:00.000,56.974999999999994
1668,2010-09-08 12:00:00.000,57.413
1669,2010-09-08 13:00:00.000,52.80100000000001
1670,2010-09-08 14:00:00.000,42.88099999999999
1671,2010-09-08 15:00:00.000,26.487000000000005
1672,2010-09-08 16:00:00.000,10.433
1673,2010-09-08 17:00:00.000,0.6860000000000002
1674,2010-09-08 18:00:00.000,0.0
1675,2010-09-08 19:00:00.000,0.0
1676,2010-09-08 20:00:00.000,0.0
1677,2010-09-08 21:00:00.000,0.0
1678,2010-09-08 22:00:00.000,0.0
1679,2010-09-08 23:00:00.000,0.0
1680,2010-09-09 00:00:00.000,0.0
1681,2010-09-09 01:00:00.000,0.0
1682,2010-09-09 02:00:00.000,0.0
1683,2010-09-09 03:00:00.000,0.0
1684,2010-09-09 04:00:00.000,0.0
1685,2010-09-09 05:00:00.000,0.0
1686,2010-09-09 06:00:00.000,0.5470000000000003
1687,2010-09-09 07:00:00.000,3.332
1688,2010-09-09 08:00:00.000,15.414000000000001
1689,2010-09-09 09:00:00.000,40.026
1690,2010-09-09 10:00:00.000,47.88899999999998
1691,2010-09-09 11:00:00.000,30.309000000000008
1692,2010-09-09 12:00:00.000,15.441000000000006
1693,2010-09-09 13:00:00.000,15.277000000000001
1694,2010-09-09 14:00:00.000,8.055
1695,2010-09-09 15:00:00.000,1.5250000000000001
1696,2010-09-09 16:00:00.000,0.3560000000000001
1697,2010-09-09 17:00:00.000,0.0
1698,2010-09-09 18:00:00.000,0.0
1699,2010-09-09 19:00:00.000,0.0
1700,2010-09-09 20:00:00.000,0.0
1701,2010-09-09 21:00:00.000,0.0
1702,2010-09-09 22:00:00.000,0.0
1703,2010-09-09 23:00:00.000,0.0
1704,2010-09-10 00:00:00.000,0.0
1705,2010-09-10 01:00:00.000,0.0
1706,2010-09-10 02:00:00.000,0.0
1707,2010-09-10 03:00:00.000,0.0
1708,2010-09-10 04:00:00.000,0.0
1709,2010-09-10 05:00:00.000,0.0
1710,2010-09-10 06:00:00.000,2.503999999999999
1711,2010-09-10 07:00:00.000,16.709999999999997
1712,2010-09-10 08:00:00.000,31.912
1713,2010-09-10 09:00:00.000,45.751999999999995
1714,2010-09-10 10:00:00.000,39.99700000000001
1715,2010-09-10 11:00:00.000,46.002
1716,2010-09-10 12:00:00.000,43.40399999999999
1717,2010-09-10 13:00:00.000,44.586
1718,2010-09-10 14:00:00.000,39.63699999999999
1719,2010-09-10 15:00:00.000,11.608000000000002
1720,2010-09-10 16:00:00.000,1.6300000000000003
1721,2010-09-10 17:00:00.000,0.6950000000000003
1722,2010-09-10 18:00:00.000,0.0
1723,2010-09-10 19:00:00.000,0.0
1724,2010-09-10 20:00:00.000,0.0
1725,2010-09-10 21:00:00.000,0.0
1726,2010-09-10 22:00:00.000,0.0
1727,2010-09-10 23:00:00.000,0.0
1728,2010-09-11 00:00:00.000,0.0
1729,2010-09-11 01:00:00.000,0.0
1730,2010-09-11 02:00:00.000,0.0
1731,2010-09-11 03:00:00.000,0.0
1732,2010-09-11 04:00:00.000,0.0
1733,2010-09-11 05:00:00.000,0.0
1734,2010-09-11 06:00:00.000,3.7999999999999994
1735,2010-09-11 07:00:00.000,18.436000000000003
1736,2010-09-11 08:00:00.000,34.845
1737,2010-09-11 09:00:00.000,48.32400000000001
1738,2010-09-11 10:00:00.000,55.47399999999999
1739,2010-09-11 11:00:00.000,59.01999999999999
1740,2010-09-11 12:00:00.000,58.342999999999996
1741,2010-09-11 13:00:00.000,53.461
1742,2010-09-11 14:00:00.000,43.459999999999994
1743,2010-09-11 15:00:00.000,26.838999999999995
1744,2010-09-11 16:00:00.000,11.036000000000001
1745,2010-09-11 17:00:00.000,0.8410000000000001
1746,2010-09-11 18:00:00.000,0.0
1747,2010-09-11 19:00:00.000,0.0
1748,2010-09-11 20:00:00.000,0.0
1749,2010-09-11 21:00:00.000,0.0
1750,2010-09-11 22:00:00.000,0.0
1751,2010-09-11 23:00:00.000,0.0
1752,2010-09-12 00:00:00.000,0.0
1753,2010-09-12 01:00:00.000,0.0
1754,2010-09-12 02:00:00.000,0.0
1755,2010-09-12 03:00:00.000,0.0
1756,2010-09-12 04:00:00.000,0.0
1757,2010-09-12 05:00:00.000,0.0
1758,2010-09-12 06:00:00.000,4.2170000000000005
1759,2010-09-12 07:00:00.000,17.990000000000006
1760,2010-09-12 08:00:00.000,32.22200000000001
1761,2010-09-12 09:00:00.000,43.53299999999999
1762,2010-09-12 10:00:00.000,42.927000000000014
1763,2010-09-12 11:00:00.000,45.73099999999999
1764,2010-09-12 12:00:00.000,52.78400000000001
1765,2010-09-12 13:00:00.000,46.881
1766,2010-09-12 14:00:00.000,35.025
1767,2010-09-12 15:00:00.000,20.624000000000002
1768,2010-09-12 16:00:00.000,6.773999999999998
1769,2010-09-12 17:00:00.000,0.37400000000000005
1770,2010-09-12 18:00:00.000,0.0
1771,2010-09-12 19:00:00.000,0.0
1772,2010-09-12 20:00:00.000,0.0
1773,2010-09-12 21:00:00.000,0.0
1774,2010-09-12 22:00:00.000,0.0
1775,2010-09-12 23:00:00.000,0.0
1776,2010-09-13 00:00:00.000,0.0
1777,2010-09-13 01:00:00.000,0.0
1778,2010-09-13 02:00:00.000,0.0
1779,2010-09-13 03:00:00.000,0.0
1780,2010-09-13 04:00:00.000,0.0
1781,2010-09-13 05:00:00.000,0.0
1782,2010-09-13 06:00:00.000,0.22700000000000006
1783,2010-09-13 07:00:00.000,1.4040000000000004
1784,2010-09-13 08:00:00.000,5.525
1785,2010-09-13 09:00:00.000,31.644
1786,2010-09-13 10:00:00.000,55.294999999999995
1787,2010-09-13 11:00:00.000,48.255000000000024
1788,2010-09-13 12:00:00.000,44.455000000000005
1789,2010-09-13 13:00:00.000,37.44300000000001
1790,2010-09-13 14:00:00.000,39.77199999999999
1791,2010-09-13 15:00:00.000,18.216
1792,2010-09-13 16:00:00.000,5.994999999999999
1793,2010-09-13 17:00:00.000,0.17700000000000002
1794,2010-09-13 18:00:00.000,0.0
1795,2010-09-13 19:00:00.000,0.0
1796,2010-09-13 20:00:00.000,0.0
1797,2010-09-13 21:00:00.000,0.0
1798,2010-09-13 22:00:00.000,0.0
1799,2010-09-13 23:00:00.000,0.0
1800,2010-09-14 00:00:00.000,0.0
1801,2010-09-14 01:00:00.000,0.0
1802,2010-09-14 02:00:00.000,0.0
1803,2010-09-14 03:00:00.000,0.0
1804,2010-09-14 04:00:00.000,0.0
1805,2010-09-14 05:00:00.000,0.0
1806,2010-09-14 06:00:00.000,0.3880000000000001
1807,2010-09-14 07:00:00.000,5.315999999999999
1808,2010-09-14 08:00:00.000,9.327000000000002
1809,2010-09-14 09:00:00.000,18.640999999999995
1810,2010-09-14 10:00:00.000,28.891999999999996
1811,2010-09-14 11:00:00.000,20.996000000000002
1812,2010-09-14 12:00:00.000,42.92499999999999
1813,2010-09-14 13:00:00.000,32.20100000000001
1814,2010-09-14 14:00:00.000,40.730999999999995
1815,2010-09-14 15:00:00.000,20.483000000000004
1816,2010-09-14 16:00:00.000,1.7700000000000002
1817,2010-09-14 17:00:00.000,0.0
1818,2010-09-14 18:00:00.000,0.0
1819,2010-09-14 19:00:00.000,0.0
1820,2010-09-14 20:00:00.000,0.0
1821,2010-09-14 21:00:00.000,0.0
1822,2010-09-14 22:00:00.000,0.0
1823,2010-09-14 23:00:00.000,0.0
1824,2010-09-15 00:00:00.000,0.0
1825,2010-09-15 01:00:00.000,0.0
1826,2010-09-15 02:00:00.000,0.0
1827,2010-09-15 03:00:00.000,0.0
1828,2010-09-15 04:00:00.000,0.0
1829,2010-09-15 05:00:00.000,0.0
1830,2010-09-15 06:00:00.000,2.3029999999999995
1831,2010-09-15 07:00:00.000,5.0809999999999995
1832,2010-09-15 08:00:00.000,13.549
1833,2010-09-15 09:00:00.000,21.952
1834,2010-09-15 10:00:00.000,36.10999999999999
1835,2010-09-15 11:00:00.000,39.67400000000001
1836,2010-09-15 12:00:00.000,39.62499999999999
1837,2010-09-15 13:00:00.000,51.106
1838,2010-09-15 14:00:00.000,37.81300000000001
1839,2010-09-15 15:00:00.000,23.970999999999997
1840,2010-09-15 16:00:00.000,10.180000000000005
1841,2010-09-15 17:00:00.000,0.9830000000000002
1842,2010-09-15 18:00:00.000,0.0
1843,2010-09-15 19:00:00.000,0.0
1844,2010-09-15 20:00:00.000,0.0
1845,2010-09-15 21:00:00.000,0.0
1846,2010-09-15 22:00:00.000,0.0
1847,2010-09-15 23:00:00.000,0.0
1848,2010-09-16 00:00:00.000,0.0
1849,2010-09-16 01:00:00.000,0.0
1850,2010-09-16 02:00:00.000,0.0
1851,2010-09-16 03:00:00.000,0.0
1852,2010-09-16 04:00:00.000,0.0
1853,2010-09-16 05:00:00.000,0.0
1854,2010-09-16 06:00:00.000,3.192000000000001
1855,2010-09-16 07:00:00.000,18.608999999999998
1856,2010-09-16 08:00:00.000,33.399
1857,2010-09-16 09:00:00.000,50.12100000000001
1858,2010-09-16 10:00:00.000,59.16199999999999
1859,2010-09-16 11:00:00.000,61.96899999999998
1860,2010-09-16 12:00:00.000,58.59699999999998
1861,2010-09-16 13:00:00.000,50.60400000000001
1862,2010-09-16 14:00:00.000,41.62100000000001
1863,2010-09-16 15:00:00.000,25.001000000000005
1864,2010-09-16 16:00:00.000,10.799000000000003
1865,2010-09-16 17:00:00.000,1.1210000000000002
1866,2010-09-16 18:00:00.000,0.0
1867,2010-09-16 19:00:00.000,0.0
1868,2010-09-16 20:00:00.000,0.0
1869,2010-09-16 21:00:00.000,0.0
1870,2010-09-16 22:00:00.000,0.0
1871,2010-09-16 23:00:00.000,0.0
1872,2010-09-17 00:00:00.000,0.0
1873,2010-09-17 01:00:00.000,0.0
1874,2010-09-17 02:00:00.000,0.0
1875,2010-09-17 03:00:00.000,0.0
1876,2010-09-17 04:00:00.000,0.0
1877,2010-09-17 05:00:00.000,0.013
1878,2010-09-17 06:00:00.000,4.207
1879,2010-09-17 07:00:00.000,15.504999999999999
1880,2010-09-17 08:00:00.000,35.703
1881,2010-09-17 09:00:00.000,48.791999999999994
1882,2010-09-17 10:00:00.000,58.256
1883,2010-09-17 11:00:00.000,57.276
1884,2010-09-17 12:00:00.000,55.888
1885,2010-09-17 13:00:00.000,49.894999999999996
1886,2010-09-17 14:00:00.000,42.97699999999998
1887,2010-09-17 15:00:00.000,27.238000000000003
1888,2010-09-17 16:00:00.000,8.084999999999997
1889,2010-09-17 17:00:00.000,1.344
1890,2010-09-17 18:00:00.000,0.0
1891,2010-09-17 19:00:00.000,0.0
1892,2010-09-17 20:00:00.000,0.0
1893,2010-09-17 21:00:00.000,0.0
1894,2010-09-17 22:00:00.000,0.0
1895,2010-09-17 23:00:00.000,0.0
1896,2010-09-18 00:00:00.000,0.0
1897,2010-09-18 01:00:00.000,0.0
1898,2010-09-18 02:00:00.000,0.0
1899,2010-09-18 03:00:00.000,0.0
1900,2010-09-18 04:00:00.000,0.0
1901,2010-09-18 05:00:00.000,0.013
1902,2010-09-18 06:00:00.000,5.725000000000001
1903,2010-09-18 07:00:00.000,21.206000000000003
1904,2010-09-18 08:00:00.000,38.06500000000001
1905,2010-09-18 09:00:00.000,51.808
1906,2010-09-18 10:00:00.000,59.551
1907,2010-09-18 11:00:00.000,62.51399999999998
1908,2010-09-18 12:00:00.000,59.583
1909,2010-09-18 13:00:00.000,52.84199999999999
1910,2010-09-18 14:00:00.000,39.911
1911,2010-09-18 15:00:00.000,25.793999999999993
1912,2010-09-18 16:00:00.000,10.302999999999999
1913,2010-09-18 17:00:00.000,1.207
1914,2010-09-18 18:00:00.000,0.0
1915,2010-09-18 19:00:00.000,0.0
1916,2010-09-18 20:00:00.000,0.0
1917,2010-09-18 21:00:00.000,0.0
1918,2010-09-18 22:00:00.000,0.0
1919,2010-09-18 23:00:00.000,0.0
1920,2010-09-19 00:00:00.000,0.0
1921,2010-09-19 01:00:00.000,0.0
1922,2010-09-19 02:00:00.000,0.0
1923,2010-09-19 03:00:00.000,0.0
1924,2010-09-19 04:00:00.000,0.0
1925,2010-09-19 05:00:00.000,0.0
1926,2010-09-19 06:00:00.000,2.347999999999999
1927,2010-09-19 07:00:00.000,13.459000000000003
1928,2010-09-19 08:00:00.000,25.732
1929,2010-09-19 09:00:00.000,37.916
1930,2010-09-19 10:00:00.000,43.294000000000004
1931,2010-09-19 11:00:00.000,42.592000000000006
1932,2010-09-19 12:00:00.000,33.12800000000001
1933,2010-09-19 13:00:00.000,37.179
1934,2010-09-19 14:00:00.000,14.840000000000002
1935,2010-09-19 15:00:00.000,8.492000000000003
1936,2010-09-19 16:00:00.000,1.7619999999999996
1937,2010-09-19 17:00:00.000,0.026
1938,2010-09-19 18:00:00.000,0.0
1939,2010-09-19 19:00:00.000,0.0
1940,2010-09-19 20:00:00.000,0.0
1941,2010-09-19 21:00:00.000,0.0
1942,2010-09-19 22:00:00.000,0.0
1943,2010-09-19 23:00:00.000,0.0
1944,2010-09-20 00:00:00.000,0.0
1945,2010-09-20 01:00:00.000,0.0
1946,2010-09-20 02:00:00.000,0.0
1947,2010-09-20 03:00:00.000,0.0
1948,2010-09-20 04:00:00.000,0.0
1949,2010-09-20 05:00:00.000,0.0
1950,2010-09-20 06:00:00.000,1.436
1951,2010-09-20 07:00:00.000,8.049000000000003
1952,2010-09-20 08:00:00.000,22.211
1953,2010-09-20 09:00:00.000,34.766
1954,2010-09-20 10:00:00.000,40.104000000000006
1955,2010-09-20 11:00:00.000,42.878
1956,2010-09-20 12:00:00.000,38.546
1957,2010-09-20 13:00:00.000,40.318
1958,2010-09-20 14:00:00.000,39.974
1959,2010-09-20 15:00:00.000,25.956
1960,2010-09-20 16:00:00.000,10.653000000000002
1961,2010-09-20 17:00:00.000,1.214
1962,2010-09-20 18:00:00.000,0.0
1963,2010-09-20 19:00:00.000,0.0
1964,2010-09-20 20:00:00.000,0.0
1965,2010-09-20 21:00:00.000,0.0
1966,2010-09-20 22:00:00.000,0.0
1967,2010-09-20 23:00:00.000,0.0
1968,2010-09-21 00:00:00.000,0.0
1969,2010-09-21 01:00:00.000,0.0
1970,2010-09-21 02:00:00.000,0.0
1971,2010-09-21 03:00:00.000,0.0
1972,2010-09-21 04:00:00.000,0.0
1973,2010-09-21 05:00:00.000,0.0
1974,2010-09-21 06:00:00.000,3.206
1975,2010-09-21 07:00:00.000,14.386999999999999
1976,2010-09-21 08:00:00.000,34.41
1977,2010-09-21 09:00:00.000,46.294000000000004
1978,2010-09-21 10:00:00.000,54.83500000000001
1979,2010-09-21 11:00:00.000,56.014
1980,2010-09-21 12:00:00.000,53.41900000000001
1981,2010-09-21 13:00:00.000,51.385
1982,2010-09-21 14:00:00.000,42.089000000000006
1983,2010-09-21 15:00:00.000,26.641999999999996
1984,2010-09-21 16:00:00.000,10.708
1985,2010-09-21 17:00:00.000,0.7060000000000003
1986,2010-09-21 18:00:00.000,0.0
1987,2010-09-21 19:00:00.000,0.0
1988,2010-09-21 20:00:00.000,0.0
1989,2010-09-21 21:00:00.000,0.0
1990,2010-09-21 22:00:00.000,0.0
1991,2010-09-21 23:00:00.000,0.0
1992,2010-09-22 00:00:00.000,0.0
1993,2010-09-22 01:00:00.000,0.0
1994,2010-09-22 02:00:00.000,0.0
1995,2010-09-22 03:00:00.000,0.0
1996,2010-09-22 04:00:00.000,0.0
1997,2010-09-22 05:00:00.000,0.0
1998,2010-09-22 06:00:00.000,4.541
1999,2010-09-22 07:00:00.000,19.131999999999998
2000,2010-09-22 08:00:00.000,24.150999999999996
2001,2010-09-22 09:00:00.000,27.871999999999996
2002,2010-09-22 10:00:00.000,45.255999999999986
2003,2010-09-22 11:00:00.000,53.358999999999995
2004,2010-09-22 12:00:00.000,56.61900000000001
2005,2010-09-22 13:00:00.000,52.246
2006,2010-09-22 14:00:00.000,42.249999999999986
2007,2010-09-22 15:00:00.000,26.610000000000007
2008,2010-09-22 16:00:00.000,11.403999999999995
2009,2010-09-22 17:00:00.000,0.9930000000000002
2010,2010-09-22 18:00:00.000,0.0
2011,2010-09-22 19:00:00.000,0.0
2012,2010-09-22 20:00:00.000,0.0
2013,2010-09-22 21:00:00.000,0.0
2014,2010-09-22 22:00:00.000,0.0
2015,2010-09-22 23:00:00.000,0.0
2016,2010-09-23 00:00:00.000,0.0
2017,2010-09-23 01:00:00.000,0.0
2018,2010-09-23 02:00:00.000,0.0
2019,2010-09-23 03:00:00.000,0.0
2020,2010-09-23 04:00:00.000,0.0
2021,2010-09-23 05:00:00.000,0.0
2022,2010-09-23 06:00:00.000,0.22900000000000004
2023,2010-09-23 07:00:00.000,2.9939999999999998
2024,2010-09-23 08:00:00.000,7.018999999999999
2025,2010-09-23 09:00:00.000,12.013000000000003
2026,2010-09-23 10:00:00.000,12.617
2027,2010-09-23 11:00:00.000,12.37
2028,2010-09-23 12:00:00.000,18.440999999999995
2029,2010-09-23 13:00:00.000,26.495
2030,2010-09-23 14:00:00.000,28.730000000000008
2031,2010-09-23 15:00:00.000,25.61899999999999
2032,2010-09-23 16:00:00.000,11.009999999999998
2033,2010-09-23 17:00:00.000,0.9610000000000004
2034,2010-09-23 18:00:00.000,0.0
2035,2010-09-23 19:00:00.000,0.0
2036,2010-09-23 20:00:00.000,0.0
2037,2010-09-23 21:00:00.000,0.0
2038,2010-09-23 22:00:00.000,0.0
2039,2010-09-23 23:00:00.000,0.0
2040,2010-09-24 00:00:00.000,0.0
2041,2010-09-24 01:00:00.000,0.0
2042,2010-09-24 02:00:00.000,0.0
2043,2010-09-24 03:00:00.000,0.0
2044,2010-09-24 04:00:00.000,0.0
2045,2010-09-24 05:00:00.000,0.0
2046,2010-09-24 06:00:00.000,0.8690000000000005
2047,2010-09-24 07:00:00.000,6.687000000000002
2048,2010-09-24 08:00:00.000,20.275000000000006
2049,2010-09-24 09:00:00.000,32.102999999999994
2050,2010-09-24 10:00:00.000,48.807
2051,2010-09-24 11:00:00.000,59.34300000000001
2052,2010-09-24 12:00:00.000,57.464
2053,2010-09-24 13:00:00.000,50.286999999999985
2054,2010-09-24 14:00:00.000,42.466999999999985
2055,2010-09-24 15:00:00.000,27.205000000000005
2056,2010-09-24 16:00:00.000,11.672000000000002
2057,2010-09-24 17:00:00.000,1.1230000000000002
2058,2010-09-24 18:00:00.000,0.0
2059,2010-09-24 19:00:00.000,0.0
2060,2010-09-24 20:00:00.000,0.0
2061,2010-09-24 21:00:00.000,0.0
2062,2010-09-24 22:00:00.000,0.0
2063,2010-09-24 23:00:00.000,0.0
2064,2010-09-25 00:00:00.000,0.0
2065,2010-09-25 01:00:00.000,0.0
2066,2010-09-25 02:00:00.000,0.0
2067,2010-09-25 03:00:00.000,0.0
2068,2010-09-25 04:00:00.000,0.0
2069,2010-09-25 05:00:00.000,0.089
2070,2010-09-25 06:00:00.000,7.101000000000001
2071,2010-09-25 07:00:00.000,22.473999999999993
2072,2010-09-25 08:00:00.000,38.855000000000004
2073,2010-09-25 09:00:00.000,51.37599999999999
2074,2010-09-25 10:00:00.000,58.169
2075,2010-09-25 11:00:00.000,62.05
2076,2010-09-25 12:00:00.000,57.138
2077,2010-09-25 13:00:00.000,50.83999999999999
2078,2010-09-25 14:00:00.000,38.38699999999999
2079,2010-09-25 15:00:00.000,18.857000000000003
2080,2010-09-25 16:00:00.000,6.176000000000003
2081,2010-09-25 17:00:00.000,0.8380000000000004
2082,2010-09-25 18:00:00.000,0.0
2083,2010-09-25 19:00:00.000,0.0
2084,2010-09-25 20:00:00.000,0.0
2085,2010-09-25 21:00:00.000,0.0
2086,2010-09-25 22:00:00.000,0.0
2087,2010-09-25 23:00:00.000,0.0
2088,2010-09-26 00:00:00.000,0.0
2089,2010-09-26 01:00:00.000,0.0
2090,2010-09-26 02:00:00.000,0.0
2091,2010-09-26 03:00:00.000,0.0
2092,2010-09-26 04:00:00.000,0.0
2093,2010-09-26 05:00:00.000,0.089
2094,2010-09-26 06:00:00.000,6.782000000000002
2095,2010-09-26 07:00:00.000,21.228999999999996
2096,2010-09-26 08:00:00.000,36.413000000000004
2097,2010-09-26 09:00:00.000,48.23299999999998
2098,2010-09-26 10:00:00.000,55.683
2099,2010-09-26 11:00:00.000,59.002999999999986
2100,2010-09-26 12:00:00.000,57.641000000000005
2101,2010-09-26 13:00:00.000,52.873999999999995
2102,2010-09-26 14:00:00.000,43.291999999999994
2103,2010-09-26 15:00:00.000,27.554999999999993
2104,2010-09-26 16:00:00.000,11.717999999999998
2105,2010-09-26 17:00:00.000,1.203
2106,2010-09-26 18:00:00.000,0.0
2107,2010-09-26 19:00:00.000,0.0
2108,2010-09-26 20:00:00.000,0.0
2109,2010-09-26 21:00:00.000,0.0
2110,2010-09-26 22:00:00.000,0.0
2111,2010-09-26 23:00:00.000,0.0
2112,2010-09-27 00:00:00.000,0.0
2113,2010-09-27 01:00:00.000,0.0
2114,2010-09-27 02:00:00.000,0.0
2115,2010-09-27 03:00:00.000,0.0
2116,2010-09-27 04:00:00.000,0.0
2117,2010-09-27 05:00:00.000,0.139
2118,2010-09-27 06:00:00.000,7.479
2119,2010-09-27 07:00:00.000,22.247999999999994
2120,2010-09-27 08:00:00.000,35.449
2121,2010-09-27 09:00:00.000,46.821
2122,2010-09-27 10:00:00.000,52.49699999999999
2123,2010-09-27 11:00:00.000,51.513
2124,2010-09-27 12:00:00.000,46.22899999999999
2125,2010-09-27 13:00:00.000,43.81699999999999
2126,2010-09-27 14:00:00.000,9.728000000000002
2127,2010-09-27 15:00:00.000,15.465
2128,2010-09-27 16:00:00.000,4.248
2129,2010-09-27 17:00:00.000,0.23700000000000002
2130,2010-09-27 18:00:00.000,0.0
2131,2010-09-27 19:00:00.000,0.0
2132,2010-09-27 20:00:00.000,0.0
2133,2010-09-27 21:00:00.000,0.0
2134,2010-09-27 22:00:00.000,0.0
2135,2010-09-27 23:00:00.000,0.0
2136,2010-09-28 00:00:00.000,0.0
2137,2010-09-28 01:00:00.000,0.0
2138,2010-09-28 02:00:00.000,0.0
2139,2010-09-28 03:00:00.000,0.0
2140,2010-09-28 04:00:00.000,0.0
2141,2010-09-28 05:00:00.000,0.2
2142,2010-09-28 06:00:00.000,6.590000000000001
2143,2010-09-28 07:00:00.000,22.663
2144,2010-09-28 08:00:00.000,37.855
2145,2010-09-28 09:00:00.000,42.64099999999999
2146,2010-09-28 10:00:00.000,52.216
2147,2010-09-28 11:00:00.000,59.733
2148,2010-09-28 12:00:00.000,58.79
2149,2010-09-28 13:00:00.000,53.880999999999986
2150,2010-09-28 14:00:00.000,43.606999999999985
2151,2010-09-28 15:00:00.000,27.922999999999995
2152,2010-09-28 16:00:00.000,9.329999999999998
2153,2010-09-28 17:00:00.000,0.8690000000000005
2154,2010-09-28 18:00:00.000,0.0
2155,2010-09-28 19:00:00.000,0.0
2156,2010-09-28 20:00:00.000,0.0
2157,2010-09-28 21:00:00.000,0.0
2158,2010-09-28 22:00:00.000,0.0
2159,2010-09-28 23:00:00.000,0.0
2160,2010-09-29 00:00:00.000,0.0
2161,2010-09-29 01:00:00.000,0.0
2162,2010-09-29 02:00:00.000,0.0
2163,2010-09-29 03:00:00.000,0.0
2164,2010-09-29 04:00:00.000,0.0
2165,2010-09-29 05:00:00.000,0.245
2166,2010-09-29 06:00:00.000,8.445
2167,2010-09-29 07:00:00.000,23.796000000000006
2168,2010-09-29 08:00:00.000,40.088
2169,2010-09-29 09:00:00.000,50.29600000000001
2170,2010-09-29 10:00:00.000,55.01899999999999
2171,2010-09-29 11:00:00.000,55.507999999999996
2172,2010-09-29 12:00:00.000,55.08700000000001
2173,2010-09-29 13:00:00.000,39.874
2174,2010-09-29 14:00:00.000,32.437
2175,2010-09-29 15:00:00.000,20.317
2176,2010-09-29 16:00:00.000,6.607999999999997
2177,2010-09-29 17:00:00.000,0.136
2178,2010-09-29 18:00:00.000,0.0
2179,2010-09-29 19:00:00.000,0.0
2180,2010-09-29 20:00:00.000,0.0
2181,2010-09-29 21:00:00.000,0.0
2182,2010-09-29 22:00:00.000,0.0
2183,2010-09-29 23:00:00.000,0.0
2184,2010-09-30 00:00:00.000,0.0
2185,2010-09-30 01:00:00.000,0.0
2186,2010-09-30 02:00:00.000,0.0
2187,2010-09-30 03:00:00.000,0.0
2188,2010-09-30 04:00:00.000,0.0
2189,2010-09-30 05:00:00.000,0.056999999999999995
2190,2010-09-30 06:00:00.000,9.189000000000002
2191,2010-09-30 07:00:00.000,24.932
2192,2010-09-30 08:00:00.000,38.566
2193,2010-09-30 09:00:00.000,46.553000000000004
2194,2010-09-30 10:00:00.000,53.951999999999984
2195,2010-09-30 11:00:00.000,56.68900000000001
2196,2010-09-30 12:00:00.000,61.188
2197,2010-09-30 13:00:00.000,56.624
2198,2010-09-30 14:00:00.000,46.15200000000001
2199,2010-09-30 15:00:00.000,29.722
2200,2010-09-30 16:00:00.000,13.375000000000002
2201,2010-09-30 17:00:00.000,1.6889999999999994
2202,2010-09-30 18:00:00.000,0.0
2203,2010-09-30 19:00:00.000,0.0
2204,2010-09-30 20:00:00.000,0.0
2205,2010-09-30 21:00:00.000,0.0
2206,2010-09-30 22:00:00.000,0.0
2207,2010-09-30 23:00:00.000,0.0
2208,2010-10-01 00:00:00.000,0.0
2209,2010-10-01 01:00:00.000,0.0
2210,2010-10-01 02:00:00.000,0.0
2211,2010-10-01 03:00:00.000,0.0
2212,2010-10-01 04:00:00.000,0.0
2213,2010-10-01 05:00:00.000,0.5060000000000001
2214,2010-10-01 06:00:00.000,4.347
2215,2010-10-01 07:00:00.000,19.066000000000006
2216,2010-10-01 08:00:00.000,32.968999999999994
2217,2010-10-01 09:00:00.000,33.527
2218,2010-10-01 10:00:00.000,41.94999999999999
2219,2010-10-01 11:00:00.000,38.293000000000006
2220,2010-10-01 12:00:00.000,39.732
2221,2010-10-01 13:00:00.000,31.544999999999987
2222,2010-10-01 14:00:00.000,24.348
2223,2010-10-01 15:00:00.000,14.395999999999997
2224,2010-10-01 16:00:00.000,4.552000000000001
2225,2010-10-01 17:00:00.000,0.28600000000000003
2226,2010-10-01 18:00:00.000,0.0
2227,2010-10-01 19:00:00.000,0.0
2228,2010-10-01 20:00:00.000,0.0
2229,2010-10-01 21:00:00.000,0.0
2230,2010-10-01 22:00:00.000,0.0
2231,2010-10-01 23:00:00.000,0.0
2232,2010-10-02 00:00:00.000,0.0
2233,2010-10-02 01:00:00.000,0.0
2234,2010-10-02 02:00:00.000,0.0
2235,2010-10-02 03:00:00.000,0.0
2236,2010-10-02 04:00:00.000,0.0
2237,2010-10-02 05:00:00.000,0.0
2238,2010-10-02 06:00:00.000,1.6599999999999993
2239,2010-10-02 07:00:00.000,11.072000000000001
2240,2010-10-02 08:00:00.000,29.494
2241,2010-10-02 09:00:00.000,28.59699999999999
2242,2010-10-02 10:00:00.000,24.94899999999999
2243,2010-10-02 11:00:00.000,21.233
2244,2010-10-02 12:00:00.000,18.227999999999998
2245,2010-10-02 13:00:00.000,19.887999999999998
2246,2010-10-02 14:00:00.000,8.870999999999997
2247,2010-10-02 15:00:00.000,4.766
2248,2010-10-02 16:00:00.000,0.9880000000000003
2249,2010-10-02 17:00:00.000,0.087
2250,2010-10-02 18:00:00.000,0.0
2251,2010-10-02 19:00:00.000,0.0
2252,2010-10-02 20:00:00.000,0.0
2253,2010-10-02 21:00:00.000,0.0
2254,2010-10-02 22:00:00.000,0.0
2255,2010-10-02 23:00:00.000,0.0
2256,2010-10-03 00:00:00.000,0.0
2257,2010-10-03 01:00:00.000,0.0
2258,2010-10-03 02:00:00.000,0.0
2259,2010-10-03 03:00:00.000,0.0
2260,2010-10-03 04:00:00.000,0.0
2261,2010-10-03 05:00:00.000,0.0
2262,2010-10-03 06:00:00.000,0.0
2263,2010-10-03 07:00:00.000,3.7710000000000004
2264,2010-10-03 08:00:00.000,11.555000000000001
2265,2010-10-03 09:00:00.000,21.806
2266,2010-10-03 10:00:00.000,18.562
2267,2010-10-03 11:00:00.000,24.212999999999997
2268,2010-10-03 12:00:00.000,22.94000000000001
2269,2010-10-03 13:00:00.000,18.098000000000003
2270,2010-10-03 14:00:00.000,14.388000000000003
2271,2010-10-03 15:00:00.000,14.644
2272,2010-10-03 16:00:00.000,9.377999999999998
2273,2010-10-03 17:00:00.000,1.918
2274,2010-10-03 18:00:00.000,0.032
2275,2010-10-03 19:00:00.000,0.0
2276,2010-10-03 20:00:00.000,0.0
2277,2010-10-03 21:00:00.000,0.0
2278,2010-10-03 22:00:00.000,0.0
2279,2010-10-03 23:00:00.000,0.0
2280,2010-10-04 00:00:00.000,0.0
2281,2010-10-04 01:00:00.000,0.0
2282,2010-10-04 02:00:00.000,0.0
2283,2010-10-04 03:00:00.000,0.0
2284,2010-10-04 04:00:00.000,0.0
2285,2010-10-04 05:00:00.000,0.0
2286,2010-10-04 06:00:00.000,0.06999999999999999
2287,2010-10-04 07:00:00.000,2.424
2288,2010-10-04 08:00:00.000,13.995000000000003
2289,2010-10-04 09:00:00.000,26.011999999999997
2290,2010-10-04 10:00:00.000,27.286000000000012
2291,2010-10-04 11:00:00.000,31.342
2292,2010-10-04 12:00:00.000,29.631
2293,2010-10-04 13:00:00.000,27.489
2294,2010-10-04 14:00:00.000,29.607999999999993
2295,2010-10-04 15:00:00.000,22.568
2296,2010-10-04 16:00:00.000,14.621999999999998
2297,2010-10-04 17:00:00.000,4.117
2298,2010-10-04 18:00:00.000,1.2890000000000001
2299,2010-10-04 19:00:00.000,0.0
2300,2010-10-04 20:00:00.000,0.0
2301,2010-10-04 21:00:00.000,0.0
2302,2010-10-04 22:00:00.000,0.0
2303,2010-10-04 23:00:00.000,0.0
2304,2010-10-05 00:00:00.000,0.0
2305,2010-10-05 01:00:00.000,0.0
2306,2010-10-05 02:00:00.000,0.0
2307,2010-10-05 03:00:00.000,0.0
2308,2010-10-05 04:00:00.000,0.0
2309,2010-10-05 05:00:00.000,0.0
2310,2010-10-05 06:00:00.000,0.22100000000000006
2311,2010-10-05 07:00:00.000,7.73
2312,2010-10-05 08:00:00.000,18.412000000000003
2313,2010-10-05 09:00:00.000,33.417
2314,2010-10-05 10:00:00.000,47.28199999999998
2315,2010-10-05 11:00:00.000,56.244
2316,2010-10-05 12:00:00.000,59.89900000000001
2317,2010-10-05 13:00:00.000,58.26199999999999
2318,2010-10-05 14:00:00.000,54.63799999999999
2319,2010-10-05 15:00:00.000,42.815000000000005
2320,2010-10-05 16:00:00.000,28.698000000000004
2321,2010-10-05 17:00:00.000,13.050000000000002
2322,2010-10-05 18:00:00.000,1.8969999999999987
2323,2010-10-05 19:00:00.000,0.0
2324,2010-10-05 20:00:00.000,0.0
2325,2010-10-05 21:00:00.000,0.0
2326,2010-10-05 22:00:00.000,0.0
2327,2010-10-05 23:00:00.000,0.0
2328,2010-10-06 00:00:00.000,0.0
2329,2010-10-06 01:00:00.000,0.0
2330,2010-10-06 02:00:00.000,0.0
2331,2010-10-06 03:00:00.000,0.0
2332,2010-10-06 04:00:00.000,0.0
2333,2010-10-06 05:00:00.000,0.0
2334,2010-10-06 06:00:00.000,0.32700000000000007
2335,2010-10-06 07:00:00.000,9.102
2336,2010-10-06 08:00:00.000,19.438999999999997
2337,2010-10-06 09:00:00.000,24.354
2338,2010-10-06 10:00:00.000,46.61399999999998
2339,2010-10-06 11:00:00.000,51.593999999999994
2340,2010-10-06 12:00:00.000,54.59600000000002
2341,2010-10-06 13:00:00.000,56.99
2342,2010-10-06 14:00:00.000,49.746
2343,2010-10-06 15:00:00.000,42.11500000000001
2344,2010-10-06 16:00:00.000,26.66200000000001
2345,2010-10-06 17:00:00.000,11.869999999999997
2346,2010-10-06 18:00:00.000,1.4139999999999997
2347,2010-10-06 19:00:00.000,0.0
2348,2010-10-06 20:00:00.000,0.0
2349,2010-10-06 21:00:00.000,0.0
2350,2010-10-06 22:00:00.000,0.0
2351,2010-10-06 23:00:00.000,0.0
2352,2010-10-07 00:00:00.000,0.0
2353,2010-10-07 01:00:00.000,0.0
2354,2010-10-07 02:00:00.000,0.0
2355,2010-10-07 03:00:00.000,0.0
2356,2010-10-07 04:00:00.000,0.0
2357,2010-10-07 05:00:00.000,0.0
2358,2010-10-07 06:00:00.000,0.335
2359,2010-10-07 07:00:00.000,7.965000000000001
2360,2010-10-07 08:00:00.000,9.344
2361,2010-10-07 09:00:00.000,8.350000000000001
2362,2010-10-07 10:00:00.000,15.319000000000006
2363,2010-10-07 11:00:00.000,15.893999999999997
2364,2010-10-07 12:00:00.000,47.830999999999996
2365,2010-10-07 13:00:00.000,46.63399999999999
2366,2010-10-07 14:00:00.000,21.27399999999999
2367,2010-10-07 15:00:00.000,9.591999999999997
2368,2010-10-07 16:00:00.000,7.930000000000001
2369,2010-10-07 17:00:00.000,3.895
2370,2010-10-07 18:00:00.000,0.095
2371,2010-10-07 19:00:00.000,0.0
2372,2010-10-07 20:00:00.000,0.0
2373,2010-10-07 21:00:00.000,0.0
2374,2010-10-07 22:00:00.000,0.0
2375,2010-10-07 23:00:00.000,0.0
2376,2010-10-08 00:00:00.000,0.0
2377,2010-10-08 01:00:00.000,0.0
2378,2010-10-08 02:00:00.000,0.0
2379,2010-10-08 03:00:00.000,0.0
2380,2010-10-08 04:00:00.000,0.0
2381,2010-10-08 05:00:00.000,0.0
2382,2010-10-08 06:00:00.000,0.0
2383,2010-10-08 07:00:00.000,2.6149999999999993
2384,2010-10-08 08:00:00.000,10.524999999999999
2385,2010-10-08 09:00:00.000,15.152000000000001
2386,2010-10-08 10:00:00.000,21.877999999999997
2387,2010-10-08 11:00:00.000,25.616999999999997
2388,2010-10-08 12:00:00.000,30.003000000000004
2389,2010-10-08 13:00:00.000,13.834999999999999
2390,2010-10-08 14:00:00.000,8.363
2391,2010-10-08 15:00:00.000,6.113000000000002
2392,2010-10-08 16:00:00.000,3.89
2393,2010-10-08 17:00:00.000,0.682
2394,2010-10-08 18:00:00.000,0.3390000000000001
2395,2010-10-08 19:00:00.000,0.0
2396,2010-10-08 20:00:00.000,0.0
2397,2010-10-08 21:00:00.000,0.0
2398,2010-10-08 22:00:00.000,0.0
2399,2010-10-08 23:00:00.000,0.0
2400,2010-10-09 00:00:00.000,0.0
2401,2010-10-09 01:00:00.000,0.0
2402,2010-10-09 02:00:00.000,0.0
2403,2010-10-09 03:00:00.000,0.0
2404,2010-10-09 04:00:00.000,0.0
2405,2010-10-09 05:00:00.000,0.0
2406,2010-10-09 06:00:00.000,0.0
2407,2010-10-09 07:00:00.000,0.0
2408,2010-10-09 08:00:00.000,0.9830000000000004
2409,2010-10-09 09:00:00.000,3.741
2410,2010-10-09 10:00:00.000,6.334999999999999
2411,2010-10-09 11:00:00.000,8.119000000000002
2412,2010-10-09 12:00:00.000,8.943999999999999
2413,2010-10-09 13:00:00.000,9.664
2414,2010-10-09 14:00:00.000,7.246000000000002
2415,2010-10-09 15:00:00.000,9.413000000000002
2416,2010-10-09 16:00:00.000,4.626999999999999
2417,2010-10-09 17:00:00.000,3.313999999999999
2418,2010-10-09 18:00:00.000,0.30000000000000004
2419,2010-10-09 19:00:00.000,0.0
2420,2010-10-09 20:00:00.000,0.0
2421,2010-10-09 21:00:00.000,0.0
2422,2010-10-09 22:00:00.000,0.0
2423,2010-10-09 23:00:00.000,0.0
2424,2010-10-10 00:00:00.000,0.0
2425,2010-10-10 01:00:00.000,0.0
2426,2010-10-10 02:00:00.000,0.0
2427,2010-10-10 03:00:00.000,0.0
2428,2010-10-10 04:00:00.000,0.0
2429,2010-10-10 05:00:00.000,0.0
2430,2010-10-10 06:00:00.000,0.6030000000000001
2431,2010-10-10 07:00:00.000,8.356
2432,2010-10-10 08:00:00.000,17.814
2433,2010-10-10 09:00:00.000,36.95099999999999
2434,2010-10-10 10:00:00.000,36.061
2435,2010-10-10 11:00:00.000,26.433000000000007
2436,2010-10-10 12:00:00.000,60.311
2437,2010-10-10 13:00:00.000,60.661000000000016
2438,2010-10-10 14:00:00.000,54.238999999999976
2439,2010-10-10 15:00:00.000,34.238
2440,2010-10-10 16:00:00.000,17.207
2441,2010-10-10 17:00:00.000,8.004
2442,2010-10-10 18:00:00.000,0.3540000000000001
2443,2010-10-10 19:00:00.000,0.0
2444,2010-10-10 20:00:00.000,0.0
2445,2010-10-10 21:00:00.000,0.0
2446,2010-10-10 22:00:00.000,0.0
2447,2010-10-10 23:00:00.000,0.0
2448,2010-10-11 00:00:00.000,0.0
2449,2010-10-11 01:00:00.000,0.0
2450,2010-10-11 02:00:00.000,0.0
2451,2010-10-11 03:00:00.000,0.0
2452,2010-10-11 04:00:00.000,0.0
2453,2010-10-11 05:00:00.000,0.0
2454,2010-10-11 06:00:00.000,0.05
2455,2010-10-11 07:00:00.000,2.625
2456,2010-10-11 08:00:00.000,9.569
2457,2010-10-11 09:00:00.000,31.247999999999994
2458,2010-10-11 10:00:00.000,38.675
2459,2010-10-11 11:00:00.000,40.419000000000004
2460,2010-10-11 12:00:00.000,56.068000000000005
2461,2010-10-11 13:00:00.000,58.42700000000001
2462,2010-10-11 14:00:00.000,55.836999999999996
2463,2010-10-11 15:00:00.000,42.415
2464,2010-10-11 16:00:00.000,25.752999999999997
2465,2010-10-11 17:00:00.000,12.888999999999998
2466,2010-10-11 18:00:00.000,2.3089999999999997
2467,2010-10-11 19:00:00.000,0.0
2468,2010-10-11 20:00:00.000,0.0
2469,2010-10-11 21:00:00.000,0.0
2470,2010-10-11 22:00:00.000,0.0
2471,2010-10-11 23:00:00.000,0.0
2472,2010-10-12 00:00:00.000,0.0
2473,2010-10-12 01:00:00.000,0.0
2474,2010-10-12 02:00:00.000,0.0
2475,2010-10-12 03:00:00.000,0.0
2476,2010-10-12 04:00:00.000,0.0
2477,2010-10-12 05:00:00.000,0.0
2478,2010-10-12 06:00:00.000,0.21500000000000002
2479,2010-10-12 07:00:00.000,10.124
2480,2010-10-12 08:00:00.000,25.216
2481,2010-10-12 09:00:00.000,33.220000000000006
2482,2010-10-12 10:00:00.000,26.55
2483,2010-10-12 11:00:00.000,42.28399999999999
2484,2010-10-12 12:00:00.000,42.148
2485,2010-10-12 13:00:00.000,36.688
2486,2010-10-12 14:00:00.000,37.32099999999999
2487,2010-10-12 15:00:00.000,40.16199999999999
2488,2010-10-12 16:00:00.000,27.249
2489,2010-10-12 17:00:00.000,10.825999999999999
2490,2010-10-12 18:00:00.000,1.2320000000000002
2491,2010-10-12 19:00:00.000,0.0
2492,2010-10-12 20:00:00.000,0.0
2493,2010-10-12 21:00:00.000,0.0
2494,2010-10-12 22:00:00.000,0.0
2495,2010-10-12 23:00:00.000,0.0
2496,2010-10-13 00:00:00.000,0.0
2497,2010-10-13 01:00:00.000,0.0
2498,2010-10-13 02:00:00.000,0.0
2499,2010-10-13 03:00:00.000,0.0
2500,2010-10-13 04:00:00.000,0.0
2501,2010-10-13 05:00:00.000,0.0
2502,2010-10-13 06:00:00.000,0.37300000000000005
2503,2010-10-13 07:00:00.000,3.6209999999999996
2504,2010-10-13 08:00:00.000,21.634999999999998
2505,2010-10-13 09:00:00.000,38.080999999999996
2506,2010-10-13 10:00:00.000,37.025000000000006
2507,2010-10-13 11:00:00.000,17.398999999999997
2508,2010-10-13 12:00:00.000,20.460999999999995
2509,2010-10-13 13:00:00.000,27.351999999999997
2510,2010-10-13 14:00:00.000,49.184999999999995
2511,2010-10-13 15:00:00.000,44.81000000000002
2512,2010-10-13 16:00:00.000,28.839
2513,2010-10-13 17:00:00.000,8.973000000000003
2514,2010-10-13 18:00:00.000,0.9220000000000003
2515,2010-10-13 19:00:00.000,0.0
2516,2010-10-13 20:00:00.000,0.0
2517,2010-10-13 21:00:00.000,0.0
2518,2010-10-13 22:00:00.000,0.0
2519,2010-10-13 23:00:00.000,0.0
2520,2010-10-14 00:00:00.000,0.0
2521,2010-10-14 01:00:00.000,0.0
2522,2010-10-14 02:00:00.000,0.0
2523,2010-10-14 03:00:00.000,0.0
2524,2010-10-14 04:00:00.000,0.0
2525,2010-10-14 05:00:00.000,0.0
2526,2010-10-14 06:00:00.000,0.0
2527,2010-10-14 07:00:00.000,3.315
2528,2010-10-14 08:00:00.000,13.378999999999998
2529,2010-10-14 09:00:00.000,34.480999999999995
2530,2010-10-14 10:00:00.000,50.15399999999999
2531,2010-10-14 11:00:00.000,48.80799999999999
2532,2010-10-14 12:00:00.000,43.56800000000001
2533,2010-10-14 13:00:00.000,45.808
2534,2010-10-14 14:00:00.000,44.99299999999999
2535,2010-10-14 15:00:00.000,36.57899999999999
2536,2010-10-14 16:00:00.000,25.84
2537,2010-10-14 17:00:00.000,11.084999999999997
2538,2010-10-14 18:00:00.000,2.168999999999999
2539,2010-10-14 19:00:00.000,0.0
2540,2010-10-14 20:00:00.000,0.0
2541,2010-10-14 21:00:00.000,0.0
2542,2010-10-14 22:00:00.000,0.0
2543,2010-10-14 23:00:00.000,0.0
2544,2010-10-15 00:00:00.000,0.0
2545,2010-10-15 01:00:00.000,0.0
2546,2010-10-15 02:00:00.000,0.0
2547,2010-10-15 03:00:00.000,0.0
2548,2010-10-15 04:00:00.000,0.0
2549,2010-10-15 05:00:00.000,0.0
2550,2010-10-15 06:00:00.000,0.133
2551,2010-10-15 07:00:00.000,2.0409999999999995
2552,2010-10-15 08:00:00.000,6.958999999999999
2553,2010-10-15 09:00:00.000,7.6370000000000005
2554,2010-10-15 10:00:00.000,7.9270000000000005
2555,2010-10-15 11:00:00.000,8.040000000000001
2556,2010-10-15 12:00:00.000,12.458
2557,2010-10-15 13:00:00.000,15.448000000000004
2558,2010-10-15 14:00:00.000,6.897999999999999
2559,2010-10-15 15:00:00.000,7.987000000000002
2560,2010-10-15 16:00:00.000,11.829999999999998
2561,2010-10-15 17:00:00.000,3.0499999999999994
2562,2010-10-15 18:00:00.000,0.026
2563,2010-10-15 19:00:00.000,0.0
2564,2010-10-15 20:00:00.000,0.0
2565,2010-10-15 21:00:00.000,0.0
2566,2010-10-15 22:00:00.000,0.0
2567,2010-10-15 23:00:00.000,0.0
2568,2010-10-16 00:00:00.000,0.0
2569,2010-10-16 01:00:00.000,0.0
2570,2010-10-16 02:00:00.000,0.0
2571,2010-10-16 03:00:00.000,0.0
2572,2010-10-16 04:00:00.000,0.0
2573,2010-10-16 05:00:00.000,0.0
2574,2010-10-16 06:00:00.000,1.3869999999999991
2575,2010-10-16 07:00:00.000,10.279000000000003
2576,2010-10-16 08:00:00.000,20.433999999999994
2577,2010-10-16 09:00:00.000,26.387
2578,2010-10-16 10:00:00.000,37.24400000000001
2579,2010-10-16 11:00:00.000,42.57
2580,2010-10-16 12:00:00.000,62.640999999999984
2581,2010-10-16 13:00:00.000,62.962999999999994
2582,2010-10-16 14:00:00.000,58.12400000000002
2583,2010-10-16 15:00:00.000,44.535
2584,2010-10-16 16:00:00.000,31.011000000000003
2585,2010-10-16 17:00:00.000,12.871000000000002
2586,2010-10-16 18:00:00.000,1.9719999999999993
2587,2010-10-16 19:00:00.000,0.0
2588,2010-10-16 20:00:00.000,0.0
2589,2010-10-16 21:00:00.000,0.0
2590,2010-10-16 22:00:00.000,0.0
2591,2010-10-16 23:00:00.000,0.0
2592,2010-10-17 00:00:00.000,0.0
2593,2010-10-17 01:00:00.000,0.0
2594,2010-10-17 02:00:00.000,0.0
2595,2010-10-17 03:00:00.000,0.0
2596,2010-10-17 04:00:00.000,0.0
2597,2010-10-17 05:00:00.000,0.0
2598,2010-10-17 06:00:00.000,1.8349999999999995
2599,2010-10-17 07:00:00.000,14.101
2600,2010-10-17 08:00:00.000,30.188000000000006
2601,2010-10-17 09:00:00.000,46.50799999999999
2602,2010-10-17 10:00:00.000,57.92
2603,2010-10-17 11:00:00.000,64.00999999999999
2604,2010-10-17 12:00:00.000,65.78200000000002
2605,2010-10-17 13:00:00.000,62.79599999999999
2606,2010-10-17 14:00:00.000,56.56699999999999
2607,2010-10-17 15:00:00.000,46.492999999999995
2608,2010-10-17 16:00:00.000,30.414000000000005
2609,2010-10-17 17:00:00.000,12.781000000000004
2610,2010-10-17 18:00:00.000,2.075
2611,2010-10-17 19:00:00.000,0.0
2612,2010-10-17 20:00:00.000,0.0
2613,2010-10-17 21:00:00.000,0.0
2614,2010-10-17 22:00:00.000,0.0
2615,2010-10-17 23:00:00.000,0.0
2616,2010-10-18 00:00:00.000,0.0
2617,2010-10-18 01:00:00.000,0.0
2618,2010-10-18 02:00:00.000,0.0
2619,2010-10-18 03:00:00.000,0.0
2620,2010-10-18 04:00:00.000,0.0
2621,2010-10-18 05:00:00.000,0.0
2622,2010-10-18 06:00:00.000,1.7089999999999992
2623,2010-10-18 07:00:00.000,13.561000000000002
2624,2010-10-18 08:00:00.000,28.846
2625,2010-10-18 09:00:00.000,43.910999999999994
2626,2010-10-18 10:00:00.000,55.132
2627,2010-10-18 11:00:00.000,62.028999999999996
2628,2010-10-18 12:00:00.000,64.182
2629,2010-10-18 13:00:00.000,62.41099999999998
2630,2010-10-18 14:00:00.000,56.45
2631,2010-10-18 15:00:00.000,46.60999999999999
2632,2010-10-18 16:00:00.000,27.872
2633,2010-10-18 17:00:00.000,14.544999999999995
2634,2010-10-18 18:00:00.000,2.697999999999999
2635,2010-10-18 19:00:00.000,0.0
2636,2010-10-18 20:00:00.000,0.0
2637,2010-10-18 21:00:00.000,0.0
2638,2010-10-18 22:00:00.000,0.0
2639,2010-10-18 23:00:00.000,0.0
2640,2010-10-19 00:00:00.000,0.0
2641,2010-10-19 01:00:00.000,0.0
2642,2010-10-19 02:00:00.000,0.0
2643,2010-10-19 03:00:00.000,0.0
2644,2010-10-19 04:00:00.000,0.0
2645,2010-10-19 05:00:00.000,0.0
2646,2010-10-19 06:00:00.000,2.1979999999999995
2647,2010-10-19 07:00:00.000,13.602
2648,2010-10-19 08:00:00.000,22.554000000000002
2649,2010-10-19 09:00:00.000,19.346999999999998
2650,2010-10-19 10:00:00.000,28.481000000000005
2651,2010-10-19 11:00:00.000,16.692999999999998
2652,2010-10-19 12:00:00.000,10.684
2653,2010-10-19 13:00:00.000,9.901000000000002
2654,2010-10-19 14:00:00.000,9.081999999999997
2655,2010-10-19 15:00:00.000,6.767
2656,2010-10-19 16:00:00.000,4.81
2657,2010-10-19 17:00:00.000,4.675000000000001
2658,2010-10-19 18:00:00.000,0.5910000000000002
2659,2010-10-19 19:00:00.000,0.0
2660,2010-10-19 20:00:00.000,0.0
2661,2010-10-19 21:00:00.000,0.0
2662,2010-10-19 22:00:00.000,0.0
2663,2010-10-19 23:00:00.000,0.0
2664,2010-10-20 00:00:00.000,0.0
2665,2010-10-20 01:00:00.000,0.0
2666,2010-10-20 02:00:00.000,0.0
2667,2010-10-20 03:00:00.000,0.0
2668,2010-10-20 04:00:00.000,0.0
2669,2010-10-20 05:00:00.000,0.0
2670,2010-10-20 06:00:00.000,1.6229999999999993
2671,2010-10-20 07:00:00.000,13.489999999999998
2672,2010-10-20 08:00:00.000,28.59
2673,2010-10-20 09:00:00.000,42.91100000000001
2674,2010-10-20 10:00:00.000,52.793
2675,2010-10-20 11:00:00.000,55.43900000000001
2676,2010-10-20 12:00:00.000,61.11799999999999
2677,2010-10-20 13:00:00.000,62.629
2678,2010-10-20 14:00:00.000,56.86100000000002
2679,2010-10-20 15:00:00.000,46.443999999999996
2680,2010-10-20 16:00:00.000,30.740000000000006
2681,2010-10-20 17:00:00.000,14.538999999999998
2682,2010-10-20 18:00:00.000,2.907999999999999
2683,2010-10-20 19:00:00.000,0.0
2684,2010-10-20 20:00:00.000,0.0
2685,2010-10-20 21:00:00.000,0.0
2686,2010-10-20 22:00:00.000,0.0
2687,2010-10-20 23:00:00.000,0.0
2688,2010-10-21 00:00:00.000,0.0
2689,2010-10-21 01:00:00.000,0.0
2690,2010-10-21 02:00:00.000,0.0
2691,2010-10-21 03:00:00.000,0.0
2692,2010-10-21 04:00:00.000,0.0
2693,2010-10-21 05:00:00.000,0.0
2694,2010-10-21 06:00:00.000,2.135999999999999
2695,2010-10-21 07:00:00.000,13.782999999999998
2696,2010-10-21 08:00:00.000,28.555000000000003
2697,2010-10-21 09:00:00.000,43.604000000000006
2698,2010-10-21 10:00:00.000,53.45999999999999
2699,2010-10-21 11:00:00.000,59.777
2700,2010-10-21 12:00:00.000,64.022
2701,2010-10-21 13:00:00.000,62.813
2702,2010-10-21 14:00:00.000,57.13399999999999
2703,2010-10-21 15:00:00.000,46.952
2704,2010-10-21 16:00:00.000,31.050000000000008
2705,2010-10-21 17:00:00.000,14.770999999999997
2706,2010-10-21 18:00:00.000,2.905
2707,2010-10-21 19:00:00.000,0.0
2708,2010-10-21 20:00:00.000,0.0
2709,2010-10-21 21:00:00.000,0.0
2710,2010-10-21 22:00:00.000,0.0
2711,2010-10-21 23:00:00.000,0.0
2712,2010-10-22 00:00:00.000,0.0
2713,2010-10-22 01:00:00.000,0.0
2714,2010-10-22 02:00:00.000,0.0
2715,2010-10-22 03:00:00.000,0.0
2716,2010-10-22 04:00:00.000,0.0
2717,2010-10-22 05:00:00.000,0.0
2718,2010-10-22 06:00:00.000,2.2369999999999988
2719,2010-10-22 07:00:00.000,14.200999999999999
2720,2010-10-22 08:00:00.000,25.839999999999993
2721,2010-10-22 09:00:00.000,37.14900000000001
2722,2010-10-22 10:00:00.000,53.322
2723,2010-10-22 11:00:00.000,59.734000000000016
2724,2010-10-22 12:00:00.000,61.18699999999998
2725,2010-10-22 13:00:00.000,58.306999999999995
2726,2010-10-22 14:00:00.000,55.404999999999994
2727,2010-10-22 15:00:00.000,37.663
2728,2010-10-22 16:00:00.000,7.3450000000000015
2729,2010-10-22 17:00:00.000,3.1270000000000002
2730,2010-10-22 18:00:00.000,4.898
2731,2010-10-22 19:00:00.000,0.0
2732,2010-10-22 20:00:00.000,0.0
2733,2010-10-22 21:00:00.000,0.0
2734,2010-10-22 22:00:00.000,0.0
2735,2010-10-22 23:00:00.000,0.0
2736,2010-10-23 00:00:00.000,0.0
2737,2010-10-23 01:00:00.000,0.0
2738,2010-10-23 02:00:00.000,0.0
2739,2010-10-23 03:00:00.000,0.0
2740,2010-10-23 04:00:00.000,0.0
2741,2010-10-23 05:00:00.000,0.0
2742,2010-10-23 06:00:00.000,2.4419999999999993
2743,2010-10-23 07:00:00.000,14.248999999999997
2744,2010-10-23 08:00:00.000,29.579
2745,2010-10-23 09:00:00.000,44.395999999999994
2746,2010-10-23 10:00:00.000,54.816999999999986
2747,2010-10-23 11:00:00.000,60.17500000000001
2748,2010-10-23 12:00:00.000,61.71799999999999
2749,2010-10-23 13:00:00.000,57.607
2750,2010-10-23 14:00:00.000,26.208000000000002
2751,2010-10-23 15:00:00.000,15.561000000000002
2752,2010-10-23 16:00:00.000,3.2349999999999994
2753,2010-10-23 17:00:00.000,7.312000000000001
2754,2010-10-23 18:00:00.000,1.0780000000000003
2755,2010-10-23 19:00:00.000,0.0
2756,2010-10-23 20:00:00.000,0.0
2757,2010-10-23 21:00:00.000,0.0
2758,2010-10-23 22:00:00.000,0.0
2759,2010-10-23 23:00:00.000,0.0
2760,2010-10-24 00:00:00.000,0.0
2761,2010-10-24 01:00:00.000,0.0
2762,2010-10-24 02:00:00.000,0.0
2763,2010-10-24 03:00:00.000,0.0
2764,2010-10-24 04:00:00.000,0.0
2765,2010-10-24 05:00:00.000,0.0
2766,2010-10-24 06:00:00.000,0.0
2767,2010-10-24 07:00:00.000,0.35400000000000004
2768,2010-10-24 08:00:00.000,1.7399999999999995
2769,2010-10-24 09:00:00.000,2.132999999999999
2770,2010-10-24 10:00:00.000,3.549
2771,2010-10-24 11:00:00.000,6.308
2772,2010-10-24 12:00:00.000,7.2970000000000015
2773,2010-10-24 13:00:00.000,6.7909999999999995
2774,2010-10-24 14:00:00.000,4.621
2775,2010-10-24 15:00:00.000,2.9370000000000003
2776,2010-10-24 16:00:00.000,2.6729999999999996
2777,2010-10-24 17:00:00.000,1.6280000000000001
2778,2010-10-24 18:00:00.000,0.0
2779,2010-10-24 19:00:00.000,0.0
2780,2010-10-24 20:00:00.000,0.0
2781,2010-10-24 21:00:00.000,0.0
2782,2010-10-24 22:00:00.000,0.0
2783,2010-10-24 23:00:00.000,0.0
2784,2010-10-25 00:00:00.000,0.0
2785,2010-10-25 01:00:00.000,0.0
2786,2010-10-25 02:00:00.000,0.0
2787,2010-10-25 03:00:00.000,0.0
2788,2010-10-25 04:00:00.000,0.0
2789,2010-10-25 05:00:00.000,0.0
2790,2010-10-25 06:00:00.000,0.0
2791,2010-10-25 07:00:00.000,1.2020000000000004
2792,2010-10-25 08:00:00.000,6.891
2793,2010-10-25 09:00:00.000,11.459999999999999
2794,2010-10-25 10:00:00.000,18.587999999999997
2795,2010-10-25 11:00:00.000,40.11299999999999
2796,2010-10-25 12:00:00.000,47.222
2797,2010-10-25 13:00:00.000,53.943000000000005
2798,2010-10-25 14:00:00.000,44.889000000000024
2799,2010-10-25 15:00:00.000,34.96599999999999
2800,2010-10-25 16:00:00.000,24.607000000000003
2801,2010-10-25 17:00:00.000,11.097999999999997
2802,2010-10-25 18:00:00.000,3.077999999999999
2803,2010-10-25 19:00:00.000,0.0
2804,2010-10-25 20:00:00.000,0.0
2805,2010-10-25 21:00:00.000,0.0
2806,2010-10-25 22:00:00.000,0.0
2807,2010-10-25 23:00:00.000,0.0
2808,2010-10-26 00:00:00.000,0.0
2809,2010-10-26 01:00:00.000,0.0
2810,2010-10-26 02:00:00.000,0.0
2811,2010-10-26 03:00:00.000,0.0
2812,2010-10-26 04:00:00.000,0.0
2813,2010-10-26 05:00:00.000,0.0
2814,2010-10-26 06:00:00.000,0.6610000000000004
2815,2010-10-26 07:00:00.000,8.913000000000002
2816,2010-10-26 08:00:00.000,20.374000000000002
2817,2010-10-26 09:00:00.000,43.221000000000004
2818,2010-10-26 10:00:00.000,55.4
2819,2010-10-26 11:00:00.000,60.983000000000004
2820,2010-10-26 12:00:00.000,59.833000000000006
2821,2010-10-26 13:00:00.000,41.342000000000006
2822,2010-10-26 14:00:00.000,37.82599999999999
2823,2010-10-26 15:00:00.000,42.39500000000001
2824,2010-10-26 16:00:00.000,26.927
2825,2010-10-26 17:00:00.000,13.075999999999999
2826,2010-10-26 18:00:00.000,2.177
2827,2010-10-26 19:00:00.000,0.0
2828,2010-10-26 20:00:00.000,0.0
2829,2010-10-26 21:00:00.000,0.0
2830,2010-10-26 22:00:00.000,0.0
2831,2010-10-26 23:00:00.000,0.0
2832,2010-10-27 00:00:00.000,0.0
2833,2010-10-27 01:00:00.000,0.0
2834,2010-10-27 02:00:00.000,0.0
2835,2010-10-27 03:00:00.000,0.0
2836,2010-10-27 04:00:00.000,0.0
2837,2010-10-27 05:00:00.000,0.0
2838,2010-10-27 06:00:00.000,2.9350000000000005
2839,2010-10-27 07:00:00.000,14.951000000000002
2840,2010-10-27 08:00:00.000,29.857000000000006
2841,2010-10-27 09:00:00.000,43.892999999999994
2842,2010-10-27 10:00:00.000,54.65299999999999
2843,2010-10-27 11:00:00.000,61.49400000000003
2844,2010-10-27 12:00:00.000,63.971000000000004
2845,2010-10-27 13:00:00.000,48.139
2846,2010-10-27 14:00:00.000,50.622
2847,2010-10-27 15:00:00.000,34.009
2848,2010-10-27 16:00:00.000,14.453
2849,2010-10-27 17:00:00.000,6.101999999999999
2850,2010-10-27 18:00:00.000,0.4190000000000002
2851,2010-10-27 19:00:00.000,0.0
2852,2010-10-27 20:00:00.000,0.0
2853,2010-10-27 21:00:00.000,0.0
2854,2010-10-27 22:00:00.000,0.0
2855,2010-10-27 23:00:00.000,0.0
2856,2010-10-28 00:00:00.000,0.0
2857,2010-10-28 01:00:00.000,0.0
2858,2010-10-28 02:00:00.000,0.0
2859,2010-10-28 03:00:00.000,0.0
2860,2010-10-28 04:00:00.000,0.0
2861,2010-10-28 05:00:00.000,0.0
2862,2010-10-28 06:00:00.000,0.9520000000000003
2863,2010-10-28 07:00:00.000,9.881999999999998
2864,2010-10-28 08:00:00.000,29.535999999999994
2865,2010-10-28 09:00:00.000,39.957
2866,2010-10-28 10:00:00.000,31.246000000000002
2867,2010-10-28 11:00:00.000,34.72899999999999
2868,2010-10-28 12:00:00.000,36.874
2869,2010-10-28 13:00:00.000,43.29099999999999
2870,2010-10-28 14:00:00.000,21.46399999999999
2871,2010-10-28 15:00:00.000,31.151000000000007
2872,2010-10-28 16:00:00.000,17.264
2873,2010-10-28 17:00:00.000,8.596000000000002
2874,2010-10-28 18:00:00.000,2.114
2875,2010-10-28 19:00:00.000,0.0
2876,2010-10-28 20:00:00.000,0.0
2877,2010-10-28 21:00:00.000,0.0
2878,2010-10-28 22:00:00.000,0.0
2879,2010-10-28 23:00:00.000,0.0
2880,2010-10-29 00:00:00.000,0.0
2881,2010-10-29 01:00:00.000,0.0
2882,2010-10-29 02:00:00.000,0.0
2883,2010-10-29 03:00:00.000,0.0
2884,2010-10-29 04:00:00.000,0.0
2885,2010-10-29 05:00:00.000,0.0
2886,2010-10-29 06:00:00.000,2.3969999999999985
2887,2010-10-29 07:00:00.000,5.657
2888,2010-10-29 08:00:00.000,20.031
2889,2010-10-29 09:00:00.000,36.07600000000001
2890,2010-10-29 10:00:00.000,26.29
2891,2010-10-29 11:00:00.000,25.606999999999996
2892,2010-10-29 12:00:00.000,44.50999999999999
2893,2010-10-29 13:00:00.000,47.89299999999999
2894,2010-10-29 14:00:00.000,43.581999999999994
2895,2010-10-29 15:00:00.000,33.992
2896,2010-10-29 16:00:00.000,18.456999999999994
2897,2010-10-29 17:00:00.000,12.366000000000003
2898,2010-10-29 18:00:00.000,2.675999999999999
2899,2010-10-29 19:00:00.000,0.0
2900,2010-10-29 20:00:00.000,0.0
2901,2010-10-29 21:00:00.000,0.0
2902,2010-10-29 22:00:00.000,0.0
2903,2010-10-29 23:00:00.000,0.0
2904,2010-10-30 00:00:00.000,0.0
2905,2010-10-30 01:00:00.000,0.0
2906,2010-10-30 02:00:00.000,0.0
2907,2010-10-30 03:00:00.000,0.0
2908,2010-10-30 04:00:00.000,0.0
2909,2010-10-30 05:00:00.000,0.0
2910,2010-10-30 06:00:00.000,2.9219999999999997
2911,2010-10-30 07:00:00.000,14.486999999999998
2912,2010-10-30 08:00:00.000,28.971000000000004
2913,2010-10-30 09:00:00.000,43.196000000000005
2914,2010-10-30 10:00:00.000,53.37599999999998
2915,2010-10-30 11:00:00.000,59.34100000000001
2916,2010-10-30 12:00:00.000,62.12600000000001
2917,2010-10-30 13:00:00.000,58.824
2918,2010-10-30 14:00:00.000,47.386
2919,2010-10-30 15:00:00.000,37.14499999999999
2920,2010-10-30 16:00:00.000,24.487
2921,2010-10-30 17:00:00.000,9.281
2922,2010-10-30 18:00:00.000,0.9770000000000004
2923,2010-10-30 19:00:00.000,0.0
2924,2010-10-30 20:00:00.000,0.0
2925,2010-10-30 21:00:00.000,0.0
2926,2010-10-30 22:00:00.000,0.0
2927,2010-10-30 23:00:00.000,0.0
2928,2010-10-31 00:00:00.000,0.0
2929,2010-10-31 01:00:00.000,0.0
2930,2010-10-31 02:00:00.000,0.0
2931,2010-10-31 03:00:00.000,0.0
2932,2010-10-31 04:00:00.000,0.0
2933,2010-10-31 05:00:00.000,0.0
2934,2010-10-31 06:00:00.000,1.0580000000000003
2935,2010-10-31 07:00:00.000,11.130000000000004
2936,2010-10-31 08:00:00.000,23.134999999999998
2937,2010-10-31 09:00:00.000,40.826
2938,2010-10-31 10:00:00.000,54.12600000000001
2939,2010-10-31 11:00:00.000,57.87599999999999
2940,2010-10-31 12:00:00.000,51.06800000000001
2941,2010-10-31 13:00:00.000,36.11899999999999
2942,2010-10-31 14:00:00.000,27.604999999999997
2943,2010-10-31 15:00:00.000,27.96
2944,2010-10-31 16:00:00.000,26.636
2945,2010-10-31 17:00:00.000,15.036999999999997
2946,2010-10-31 18:00:00.000,1.796999999999999
2947,2010-10-31 19:00:00.000,0.0
2948,2010-10-31 20:00:00.000,0.0
2949,2010-10-31 21:00:00.000,0.0
2950,2010-10-31 22:00:00.000,0.0
2951,2010-10-31 23:00:00.000,0.0
2952,2010-11-01 00:00:00.000,0.0
2953,2010-11-01 01:00:00.000,0.0
2954,2010-11-01 02:00:00.000,0.0
2955,2010-11-01 03:00:00.000,0.0
2956,2010-11-01 04:00:00.000,0.0
2957,2010-11-01 05:00:00.000,0.0
2958,2010-11-01 06:00:00.000,1.337
2959,2010-11-01 07:00:00.000,8.652000000000001
2960,2010-11-01 08:00:00.000,15.022
2961,2010-11-01 09:00:00.000,28.394000000000002
2962,2010-11-01 10:00:00.000,21.471999999999998
2963,2010-11-01 11:00:00.000,8.191000000000003
2964,2010-11-01 12:00:00.000,11.837
2965,2010-11-01 13:00:00.000,10.974000000000004
2966,2010-11-01 14:00:00.000,5.303999999999999
2967,2010-11-01 15:00:00.000,0.5110000000000001
2968,2010-11-01 16:00:00.000,0.032
2969,2010-11-01 17:00:00.000,0.013
2970,2010-11-01 18:00:00.000,0.026
2971,2010-11-01 19:00:00.000,0.0
2972,2010-11-01 20:00:00.000,0.0
2973,2010-11-01 21:00:00.000,0.0
2974,2010-11-01 22:00:00.000,0.0
2975,2010-11-01 23:00:00.000,0.0
2976,2010-11-02 00:00:00.000,0.0
2977,2010-11-02 01:00:00.000,0.0
2978,2010-11-02 02:00:00.000,0.0
2979,2010-11-02 03:00:00.000,0.0
2980,2010-11-02 04:00:00.000,0.0
2981,2010-11-02 05:00:00.000,0.0
2982,2010-11-02 06:00:00.000,3.6849999999999987
2983,2010-11-02 07:00:00.000,16.137
2984,2010-11-02 08:00:00.000,31.269000000000002
2985,2010-11-02 09:00:00.000,21.350999999999996
2986,2010-11-02 10:00:00.000,18.960000000000004
2987,2010-11-02 11:00:00.000,25.302
2988,2010-11-02 12:00:00.000,29.121999999999993
2989,2010-11-02 13:00:00.000,17.127000000000002
2990,2010-11-02 14:00:00.000,19.232000000000003
2991,2010-11-02 15:00:00.000,22.628999999999998
2992,2010-11-02 16:00:00.000,11.247
2993,2010-11-02 17:00:00.000,3.6819999999999995
2994,2010-11-02 18:00:00.000,1.0110000000000003
2995,2010-11-02 19:00:00.000,0.0
2996,2010-11-02 20:00:00.000,0.0
2997,2010-11-02 21:00:00.000,0.0
2998,2010-11-02 22:00:00.000,0.0
2999,2010-11-02 23:00:00.000,0.0
3000,2010-11-03 00:00:00.000,0.0
3001,2010-11-03 01:00:00.000,0.0
3002,2010-11-03 02:00:00.000,0.0
3003,2010-11-03 03:00:00.000,0.0
3004,2010-11-03 04:00:00.000,0.0
3005,2010-11-03 05:00:00.000,0.0
3006,2010-11-03 06:00:00.000,3.816999999999999
3007,2010-11-03 07:00:00.000,16.035999999999998
3008,2010-11-03 08:00:00.000,31.492
3009,2010-11-03 09:00:00.000,43.351
3010,2010-11-03 10:00:00.000,52.302
3011,2010-11-03 11:00:00.000,55.43
3012,2010-11-03 12:00:00.000,54.06000000000002
3013,2010-11-03 13:00:00.000,56.622
3014,2010-11-03 14:00:00.000,42.286
3015,2010-11-03 15:00:00.000,34.51299999999999
3016,2010-11-03 16:00:00.000,24.314
3017,2010-11-03 17:00:00.000,6.908000000000002
3018,2010-11-03 18:00:00.000,2.3689999999999998
3019,2010-11-03 19:00:00.000,0.0
3020,2010-11-03 20:00:00.000,0.0
3021,2010-11-03 21:00:00.000,0.0
3022,2010-11-03 22:00:00.000,0.0
3023,2010-11-03 23:00:00.000,0.0
3024,2010-11-04 00:00:00.000,0.0
3025,2010-11-04 01:00:00.000,0.0
3026,2010-11-04 02:00:00.000,0.0
3027,2010-11-04 03:00:00.000,0.0
3028,2010-11-04 04:00:00.000,0.0
3029,2010-11-04 05:00:00.000,0.0
3030,2010-11-04 06:00:00.000,0.5980000000000002
3031,2010-11-04 07:00:00.000,3.094999999999999
3032,2010-11-04 08:00:00.000,13.892999999999999
3033,2010-11-04 09:00:00.000,21.603999999999992
3034,2010-11-04 10:00:00.000,35.770999999999994
3035,2010-11-04 11:00:00.000,22.572
3036,2010-11-04 12:00:00.000,46.235000000000014
3037,2010-11-04 13:00:00.000,17.104
3038,2010-11-04 14:00:00.000,15.253
3039,2010-11-04 15:00:00.000,18.131000000000007
3040,2010-11-04 16:00:00.000,11.530000000000001
3041,2010-11-04 17:00:00.000,3.856
3042,2010-11-04 18:00:00.000,2.8269999999999995
3043,2010-11-04 19:00:00.000,0.0
3044,2010-11-04 20:00:00.000,0.0
3045,2010-11-04 21:00:00.000,0.0
3046,2010-11-04 22:00:00.000,0.0
3047,2010-11-04 23:00:00.000,0.0
3048,2010-11-05 00:00:00.000,0.0
3049,2010-11-05 01:00:00.000,0.0
3050,2010-11-05 02:00:00.000,0.0
3051,2010-11-05 03:00:00.000,0.0
3052,2010-11-05 04:00:00.000,0.0
3053,2010-11-05 05:00:00.000,0.0
3054,2010-11-05 06:00:00.000,1.1370000000000005
3055,2010-11-05 07:00:00.000,6.792
3056,2010-11-05 08:00:00.000,10.592000000000002
3057,2010-11-05 09:00:00.000,10.697
3058,2010-11-05 10:00:00.000,12.109000000000004
3059,2010-11-05 11:00:00.000,15.955999999999996
3060,2010-11-05 12:00:00.000,11.969000000000001
3061,2010-11-05 13:00:00.000,10.073
3062,2010-11-05 14:00:00.000,10.38
3063,2010-11-05 15:00:00.000,8.841000000000001
3064,2010-11-05 16:00:00.000,7.430999999999998
3065,2010-11-05 17:00:00.000,0.9430000000000004
3066,2010-11-05 18:00:00.000,0.15300000000000002
3067,2010-11-05 19:00:00.000,0.0
3068,2010-11-05 20:00:00.000,0.0
3069,2010-11-05 21:00:00.000,0.0
3070,2010-11-05 22:00:00.000,0.0
3071,2010-11-05 23:00:00.000,0.0
3072,2010-11-06 00:00:00.000,0.0
3073,2010-11-06 01:00:00.000,0.0
3074,2010-11-06 02:00:00.000,0.0
3075,2010-11-06 03:00:00.000,0.0
3076,2010-11-06 04:00:00.000,0.0
3077,2010-11-06 05:00:00.000,0.0
3078,2010-11-06 06:00:00.000,1.1080000000000003
3079,2010-11-06 07:00:00.000,8.018999999999998
3080,2010-11-06 08:00:00.000,22.924999999999994
3081,2010-11-06 09:00:00.000,32.132999999999996
3082,2010-11-06 10:00:00.000,35.596999999999994
3083,2010-11-06 11:00:00.000,33.677
3084,2010-11-06 12:00:00.000,40.53899999999999
3085,2010-11-06 13:00:00.000,44.276
3086,2010-11-06 14:00:00.000,16.16
3087,2010-11-06 15:00:00.000,15.668000000000005
3088,2010-11-06 16:00:00.000,18.327999999999996
3089,2010-11-06 17:00:00.000,9.43
3090,2010-11-06 18:00:00.000,2.838999999999999
3091,2010-11-06 19:00:00.000,0.013
3092,2010-11-06 20:00:00.000,0.0
3093,2010-11-06 21:00:00.000,0.0
3094,2010-11-06 22:00:00.000,0.0
3095,2010-11-06 23:00:00.000,0.0
3096,2010-11-07 00:00:00.000,0.0
3097,2010-11-07 01:00:00.000,0.0
3098,2010-11-07 02:00:00.000,0.0
3099,2010-11-07 03:00:00.000,0.0
3100,2010-11-07 04:00:00.000,0.0
3101,2010-11-07 05:00:00.000,0.0
3102,2010-11-07 06:00:00.000,4.233
3103,2010-11-07 07:00:00.000,15.313000000000006
3104,2010-11-07 08:00:00.000,29.954
3105,2010-11-07 09:00:00.000,44.69699999999998
3106,2010-11-07 10:00:00.000,54.92200000000001
3107,2010-11-07 11:00:00.000,59.144
3108,2010-11-07 12:00:00.000,57.937
3109,2010-11-07 13:00:00.000,60.507
3110,2010-11-07 14:00:00.000,55.55200000000001
3111,2010-11-07 15:00:00.000,45.961
3112,2010-11-07 16:00:00.000,31.715000000000003
3113,2010-11-07 17:00:00.000,17.001
3114,2010-11-07 18:00:00.000,5.619000000000002
3115,2010-11-07 19:00:00.000,0.056999999999999995
3116,2010-11-07 20:00:00.000,0.0
3117,2010-11-07 21:00:00.000,0.0
3118,2010-11-07 22:00:00.000,0.0
3119,2010-11-07 23:00:00.000,0.0
3120,2010-11-08 00:00:00.000,0.0
3121,2010-11-08 01:00:00.000,0.0
3122,2010-11-08 02:00:00.000,0.0
3123,2010-11-08 03:00:00.000,0.0
3124,2010-11-08 04:00:00.000,0.0
3125,2010-11-08 05:00:00.000,0.0
3126,2010-11-08 06:00:00.000,2.485
3127,2010-11-08 07:00:00.000,11.642
3128,2010-11-08 08:00:00.000,23.451000000000004
3129,2010-11-08 09:00:00.000,26.765000000000008
3130,2010-11-08 10:00:00.000,51.97199999999999
3131,2010-11-08 11:00:00.000,58.69600000000001
3132,2010-11-08 12:00:00.000,58.212999999999994
3133,2010-11-08 13:00:00.000,58.599
3134,2010-11-08 14:00:00.000,53.403999999999996
3135,2010-11-08 15:00:00.000,43.42499999999998
3136,2010-11-08 16:00:00.000,27.627999999999993
3137,2010-11-08 17:00:00.000,14.959999999999999
3138,2010-11-08 18:00:00.000,4.09
3139,2010-11-08 19:00:00.000,0.0
3140,2010-11-08 20:00:00.000,0.0
3141,2010-11-08 21:00:00.000,0.0
3142,2010-11-08 22:00:00.000,0.0
3143,2010-11-08 23:00:00.000,0.0
3144,2010-11-09 00:00:00.000,0.0
3145,2010-11-09 01:00:00.000,0.0
3146,2010-11-09 02:00:00.000,0.0
3147,2010-11-09 03:00:00.000,0.0
3148,2010-11-09 04:00:00.000,0.0
3149,2010-11-09 05:00:00.000,0.0
3150,2010-11-09 06:00:00.000,2.4570000000000003
3151,2010-11-09 07:00:00.000,20.024999999999995
3152,2010-11-09 08:00:00.000,16.718
3153,2010-11-09 09:00:00.000,39.355999999999995
3154,2010-11-09 10:00:00.000,43.811
3155,2010-11-09 11:00:00.000,49.27800000000001
3156,2010-11-09 12:00:00.000,57.02699999999999
3157,2010-11-09 13:00:00.000,51.43899999999999
3158,2010-11-09 14:00:00.000,45.181
3159,2010-11-09 15:00:00.000,40.30599999999999
3160,2010-11-09 16:00:00.000,20.109
3161,2010-11-09 17:00:00.000,7.760999999999999
3162,2010-11-09 18:00:00.000,2.694
3163,2010-11-09 19:00:00.000,0.019
3164,2010-11-09 20:00:00.000,0.0
3165,2010-11-09 21:00:00.000,0.0
3166,2010-11-09 22:00:00.000,0.0
3167,2010-11-09 23:00:00.000,0.0
3168,2010-11-10 00:00:00.000,0.0
3169,2010-11-10 01:00:00.000,0.0
3170,2010-11-10 02:00:00.000,0.0
3171,2010-11-10 03:00:00.000,0.0
3172,2010-11-10 04:00:00.000,0.0
3173,2010-11-10 05:00:00.000,0.0
3174,2010-11-10 06:00:00.000,2.0659999999999985
3175,2010-11-10 07:00:00.000,14.476999999999997
3176,2010-11-10 08:00:00.000,25.895999999999997
3177,2010-11-10 09:00:00.000,30.804
3178,2010-11-10 10:00:00.000,34.472
3179,2010-11-10 11:00:00.000,40.72299999999999
3180,2010-11-10 12:00:00.000,34.138999999999996
3181,2010-11-10 13:00:00.000,45.925999999999995
3182,2010-11-10 14:00:00.000,44.498000000000005
3183,2010-11-10 15:00:00.000,40.93199999999999
3184,2010-11-10 16:00:00.000,29.58299999999999
3185,2010-11-10 17:00:00.000,11.394000000000002
3186,2010-11-10 18:00:00.000,0.274
3187,2010-11-10 19:00:00.000,0.0
3188,2010-11-10 20:00:00.000,0.0
3189,2010-11-10 21:00:00.000,0.0
3190,2010-11-10 22:00:00.000,0.0
3191,2010-11-10 23:00:00.000,0.0
3192,2010-11-11 00:00:00.000,0.0
3193,2010-11-11 01:00:00.000,0.0
3194,2010-11-11 02:00:00.000,0.0
3195,2010-11-11 03:00:00.000,0.0
3196,2010-11-11 04:00:00.000,0.0
3197,2010-11-11 05:00:00.000,0.0
3198,2010-11-11 06:00:00.000,0.6300000000000002
3199,2010-11-11 07:00:00.000,10.782999999999998
3200,2010-11-11 08:00:00.000,28.755
3201,2010-11-11 09:00:00.000,14.985
3202,2010-11-11 10:00:00.000,27.756
3203,2010-11-11 11:00:00.000,25.138000000000005
3204,2010-11-11 12:00:00.000,36.666999999999994
3205,2010-11-11 13:00:00.000,53.998999999999995
3206,2010-11-11 14:00:00.000,52.52699999999999
3207,2010-11-11 15:00:00.000,43.579
3208,2010-11-11 16:00:00.000,31.545999999999996
3209,2010-11-11 17:00:00.000,16.93
3210,2010-11-11 18:00:00.000,4.24
3211,2010-11-11 19:00:00.000,0.013
3212,2010-11-11 20:00:00.000,0.0
3213,2010-11-11 21:00:00.000,0.0
3214,2010-11-11 22:00:00.000,0.0
3215,2010-11-11 23:00:00.000,0.0
3216,2010-11-12 00:00:00.000,0.0
3217,2010-11-12 01:00:00.000,0.0
3218,2010-11-12 02:00:00.000,0.0
3219,2010-11-12 03:00:00.000,0.0
3220,2010-11-12 04:00:00.000,0.0
3221,2010-11-12 05:00:00.000,0.019
3222,2010-11-12 06:00:00.000,5.035999999999998
3223,2010-11-12 07:00:00.000,14.411
3224,2010-11-12 08:00:00.000,29.554999999999996
3225,2010-11-12 09:00:00.000,40.838
3226,2010-11-12 10:00:00.000,54.47499999999999
3227,2010-11-12 11:00:00.000,60.781
3228,2010-11-12 12:00:00.000,63.11599999999999
3229,2010-11-12 13:00:00.000,61.91999999999999
3230,2010-11-12 14:00:00.000,56.313
3231,2010-11-12 15:00:00.000,47.114000000000004
3232,2010-11-12 16:00:00.000,32.89799999999999
3233,2010-11-12 17:00:00.000,17.362000000000002
3234,2010-11-12 18:00:00.000,5.324
3235,2010-11-12 19:00:00.000,0.15100000000000002
3236,2010-11-12 20:00:00.000,0.0
3237,2010-11-12 21:00:00.000,0.0
3238,2010-11-12 22:00:00.000,0.0
3239,2010-11-12 23:00:00.000,0.0
3240,2010-11-13 00:00:00.000,0.0
3241,2010-11-13 01:00:00.000,0.0
3242,2010-11-13 02:00:00.000,0.0
3243,2010-11-13 03:00:00.000,0.0
3244,2010-11-13 04:00:00.000,0.0
3245,2010-11-13 05:00:00.000,0.013
3246,2010-11-13 06:00:00.000,4.22
3247,2010-11-13 07:00:00.000,15.535000000000002
3248,2010-11-13 08:00:00.000,29.768000000000004
3249,2010-11-13 09:00:00.000,42.17699999999999
3250,2010-11-13 10:00:00.000,53.032000000000004
3251,2010-11-13 11:00:00.000,59.099999999999994
3252,2010-11-13 12:00:00.000,59.64300000000001
3253,2010-11-13 13:00:00.000,50.053000000000004
3254,2010-11-13 14:00:00.000,14.258999999999999
3255,2010-11-13 15:00:00.000,21.515000000000004
3256,2010-11-13 16:00:00.000,12.414000000000003
3257,2010-11-13 17:00:00.000,5.058000000000001
3258,2010-11-13 18:00:00.000,4.799
3259,2010-11-13 19:00:00.000,0.094
3260,2010-11-13 20:00:00.000,0.0
3261,2010-11-13 21:00:00.000,0.0
3262,2010-11-13 22:00:00.000,0.0
3263,2010-11-13 23:00:00.000,0.0
3264,2010-11-14 00:00:00.000,0.0
3265,2010-11-14 01:00:00.000,0.0
3266,2010-11-14 02:00:00.000,0.0
3267,2010-11-14 03:00:00.000,0.0
3268,2010-11-14 04:00:00.000,0.0
3269,2010-11-14 05:00:00.000,0.013
3270,2010-11-14 06:00:00.000,5.061
3271,2010-11-14 07:00:00.000,12.298000000000004
3272,2010-11-14 08:00:00.000,24.531000000000002
3273,2010-11-14 09:00:00.000,33.474000000000004
3274,2010-11-14 10:00:00.000,50.31400000000001
3275,2010-11-14 11:00:00.000,55.503
3276,2010-11-14 12:00:00.000,58.74200000000001
3277,2010-11-14 13:00:00.000,51.373000000000005
3278,2010-11-14 14:00:00.000,52.43099999999998
3279,2010-11-14 15:00:00.000,43.014999999999986
3280,2010-11-14 16:00:00.000,21.232
3281,2010-11-14 17:00:00.000,17.180000000000003
3282,2010-11-14 18:00:00.000,5.308999999999999
3283,2010-11-14 19:00:00.000,0.062
3284,2010-11-14 20:00:00.000,0.0
3285,2010-11-14 21:00:00.000,0.0
3286,2010-11-14 22:00:00.000,0.0
3287,2010-11-14 23:00:00.000,0.0
3288,2010-11-15 00:00:00.000,0.0
3289,2010-11-15 01:00:00.000,0.0
3290,2010-11-15 02:00:00.000,0.0
3291,2010-11-15 03:00:00.000,0.0
3292,2010-11-15 04:00:00.000,0.0
3293,2010-11-15 05:00:00.000,0.013
3294,2010-11-15 06:00:00.000,3.7820000000000014
3295,2010-11-15 07:00:00.000,15.513
3296,2010-11-15 08:00:00.000,28.301000000000002
3297,2010-11-15 09:00:00.000,34.58999999999999
3298,2010-11-15 10:00:00.000,36.55699999999998
3299,2010-11-15 11:00:00.000,25.758999999999997
3300,2010-11-15 12:00:00.000,20.40900000000001
3301,2010-11-15 13:00:00.000,16.609
3302,2010-11-15 14:00:00.000,3.874
3303,2010-11-15 15:00:00.000,2.0620000000000003
3304,2010-11-15 16:00:00.000,0.9390000000000004
3305,2010-11-15 17:00:00.000,0.3810000000000001
3306,2010-11-15 18:00:00.000,0.052
3307,2010-11-15 19:00:00.000,0.0
3308,2010-11-15 20:00:00.000,0.0
3309,2010-11-15 21:00:00.000,0.0
3310,2010-11-15 22:00:00.000,0.0
3311,2010-11-15 23:00:00.000,0.0
3312,2010-11-16 00:00:00.000,0.0
3313,2010-11-16 01:00:00.000,0.0
3314,2010-11-16 02:00:00.000,0.0
3315,2010-11-16 03:00:00.000,0.0
3316,2010-11-16 04:00:00.000,0.0
3317,2010-11-16 05:00:00.000,0.0
3318,2010-11-16 06:00:00.000,0.24100000000000002
3319,2010-11-16 07:00:00.000,4.015000000000001
3320,2010-11-16 08:00:00.000,7.112
3321,2010-11-16 09:00:00.000,9.799
3322,2010-11-16 10:00:00.000,15.805000000000003
3323,2010-11-16 11:00:00.000,30.603000000000005
3324,2010-11-16 12:00:00.000,39.913000000000004
3325,2010-11-16 13:00:00.000,55.011
3326,2010-11-16 14:00:00.000,57.35299999999998
3327,2010-11-16 15:00:00.000,45.034000000000006
3328,2010-11-16 16:00:00.000,28.651999999999994
3329,2010-11-16 17:00:00.000,13.784999999999998
3330,2010-11-16 18:00:00.000,6.205
3331,2010-11-16 19:00:00.000,0.0
3332,2010-11-16 20:00:00.000,0.0
3333,2010-11-16 21:00:00.000,0.0
3334,2010-11-16 22:00:00.000,0.0
3335,2010-11-16 23:00:00.000,0.0
3336,2010-11-17 00:00:00.000,0.0
3337,2010-11-17 01:00:00.000,0.0
3338,2010-11-17 02:00:00.000,0.0
3339,2010-11-17 03:00:00.000,0.0
3340,2010-11-17 04:00:00.000,0.0
3341,2010-11-17 05:00:00.000,0.0
3342,2010-11-17 06:00:00.000,0.153
3343,2010-11-17 07:00:00.000,3.335
3344,2010-11-17 08:00:00.000,5.4430000000000005
3345,2010-11-17 09:00:00.000,20.576
3346,2010-11-17 10:00:00.000,32.12400000000001
3347,2010-11-17 11:00:00.000,36.846
3348,2010-11-17 12:00:00.000,42.184000000000005
3349,2010-11-17 13:00:00.000,48.66599999999998
3350,2010-11-17 14:00:00.000,49.558
3351,2010-11-17 15:00:00.000,38.75700000000001
3352,2010-11-17 16:00:00.000,31.101
3353,2010-11-17 17:00:00.000,18.201999999999995
3354,2010-11-17 18:00:00.000,5.287
3355,2010-11-17 19:00:00.000,0.108
3356,2010-11-17 20:00:00.000,0.0
3357,2010-11-17 21:00:00.000,0.0
3358,2010-11-17 22:00:00.000,0.0
3359,2010-11-17 23:00:00.000,0.0
3360,2010-11-18 00:00:00.000,0.0
3361,2010-11-18 01:00:00.000,0.0
3362,2010-11-18 02:00:00.000,0.0
3363,2010-11-18 03:00:00.000,0.0
3364,2010-11-18 04:00:00.000,0.0
3365,2010-11-18 05:00:00.000,0.0
3366,2010-11-18 06:00:00.000,1.5109999999999997
3367,2010-11-18 07:00:00.000,8.870000000000001
3368,2010-11-18 08:00:00.000,16.855
3369,2010-11-18 09:00:00.000,17.993999999999996
3370,2010-11-18 10:00:00.000,33.34400000000001
3371,2010-11-18 11:00:00.000,36.525999999999996
3372,2010-11-18 12:00:00.000,46.28099999999999
3373,2010-11-18 13:00:00.000,36.907000000000004
3374,2010-11-18 14:00:00.000,32.943
3375,2010-11-18 15:00:00.000,21.201
3376,2010-11-18 16:00:00.000,15.189
3377,2010-11-18 17:00:00.000,9.398999999999997
3378,2010-11-18 18:00:00.000,2.9869999999999988
3379,2010-11-18 19:00:00.000,0.19700000000000004
3380,2010-11-18 20:00:00.000,0.0
3381,2010-11-18 21:00:00.000,0.0
3382,2010-11-18 22:00:00.000,0.0
3383,2010-11-18 23:00:00.000,0.0
3384,2010-11-19 00:00:00.000,0.0
3385,2010-11-19 01:00:00.000,0.0
3386,2010-11-19 02:00:00.000,0.0
3387,2010-11-19 03:00:00.000,0.0
3388,2010-11-19 04:00:00.000,0.0
3389,2010-11-19 05:00:00.000,0.0
3390,2010-11-19 06:00:00.000,0.9180000000000005
3391,2010-11-19 07:00:00.000,1.6600000000000001
3392,2010-11-19 08:00:00.000,1.9759999999999998
3393,2010-11-19 09:00:00.000,4.984
3394,2010-11-19 10:00:00.000,11.767
3395,2010-11-19 11:00:00.000,6.294
3396,2010-11-19 12:00:00.000,4.339000000000001
3397,2010-11-19 13:00:00.000,6.7840000000000025
3398,2010-11-19 14:00:00.000,13.611999999999998
3399,2010-11-19 15:00:00.000,19.580999999999996
3400,2010-11-19 16:00:00.000,8.248
3401,2010-11-19 17:00:00.000,12.120999999999999
3402,2010-11-19 18:00:00.000,3.5330000000000004
3403,2010-11-19 19:00:00.000,0.17100000000000004
3404,2010-11-19 20:00:00.000,0.0
3405,2010-11-19 21:00:00.000,0.0
3406,2010-11-19 22:00:00.000,0.0
3407,2010-11-19 23:00:00.000,0.0
3408,2010-11-20 00:00:00.000,0.0
3409,2010-11-20 01:00:00.000,0.0
3410,2010-11-20 02:00:00.000,0.0
3411,2010-11-20 03:00:00.000,0.0
3412,2010-11-20 04:00:00.000,0.0
3413,2010-11-20 05:00:00.000,0.019
3414,2010-11-20 06:00:00.000,2.239999999999999
3415,2010-11-20 07:00:00.000,10.141
3416,2010-11-20 08:00:00.000,29.870999999999995
3417,2010-11-20 09:00:00.000,41.681
3418,2010-11-20 10:00:00.000,53.401
3419,2010-11-20 11:00:00.000,60.626
3420,2010-11-20 12:00:00.000,63.419000000000004
3421,2010-11-20 13:00:00.000,61.92600000000001
3422,2010-11-20 14:00:00.000,58.80099999999999
3423,2010-11-20 15:00:00.000,49.041999999999994
3424,2010-11-20 16:00:00.000,35.295000000000016
3425,2010-11-20 17:00:00.000,19.769999999999996
3426,2010-11-20 18:00:00.000,6.531
3427,2010-11-20 19:00:00.000,0.3340000000000001
3428,2010-11-20 20:00:00.000,0.0
3429,2010-11-20 21:00:00.000,0.0
3430,2010-11-20 22:00:00.000,0.0
3431,2010-11-20 23:00:00.000,0.0
3432,2010-11-21 00:00:00.000,0.0
3433,2010-11-21 01:00:00.000,0.0
3434,2010-11-21 02:00:00.000,0.0
3435,2010-11-21 03:00:00.000,0.0
3436,2010-11-21 04:00:00.000,0.0
3437,2010-11-21 05:00:00.000,0.025
3438,2010-11-21 06:00:00.000,4.954999999999999
3439,2010-11-21 07:00:00.000,15.232
3440,2010-11-21 08:00:00.000,30.138000000000005
3441,2010-11-21 09:00:00.000,45.81799999999999
3442,2010-11-21 10:00:00.000,57.82499999999999
3443,2010-11-21 11:00:00.000,64.44199999999998
3444,2010-11-21 12:00:00.000,65.41799999999999
3445,2010-11-21 13:00:00.000,61.901
3446,2010-11-21 14:00:00.000,58.730000000000004
3447,2010-11-21 15:00:00.000,46.47200000000001
3448,2010-11-21 16:00:00.000,32.791
3449,2010-11-21 17:00:00.000,20.396
3450,2010-11-21 18:00:00.000,4.847999999999999
3451,2010-11-21 19:00:00.000,0.108
3452,2010-11-21 20:00:00.000,0.0
3453,2010-11-21 21:00:00.000,0.0
3454,2010-11-21 22:00:00.000,0.0
3455,2010-11-21 23:00:00.000,0.0
3456,2010-11-22 00:00:00.000,0.0
3457,2010-11-22 01:00:00.000,0.0
3458,2010-11-22 02:00:00.000,0.0
3459,2010-11-22 03:00:00.000,0.0
3460,2010-11-22 04:00:00.000,0.0
3461,2010-11-22 05:00:00.000,0.0
3462,2010-11-22 06:00:00.000,4.996
3463,2010-11-22 07:00:00.000,16.956000000000003
3464,2010-11-22 08:00:00.000,32.34499999999999
3465,2010-11-22 09:00:00.000,46.63900000000001
3466,2010-11-22 10:00:00.000,56.269000000000005
3467,2010-11-22 11:00:00.000,63.88599999999999
3468,2010-11-22 12:00:00.000,66.928
3469,2010-11-22 13:00:00.000,65.213
3470,2010-11-22 14:00:00.000,59.769999999999996
3471,2010-11-22 15:00:00.000,49.82700000000001
3472,2010-11-22 16:00:00.000,36.056000000000004
3473,2010-11-22 17:00:00.000,20.543
3474,2010-11-22 18:00:00.000,7.590000000000001
3475,2010-11-22 19:00:00.000,0.6090000000000002
3476,2010-11-22 20:00:00.000,0.0
3477,2010-11-22 21:00:00.000,0.0
3478,2010-11-22 22:00:00.000,0.0
3479,2010-11-22 23:00:00.000,0.0
3480,2010-11-23 00:00:00.000,0.0
3481,2010-11-23 01:00:00.000,0.0
3482,2010-11-23 02:00:00.000,0.0
3483,2010-11-23 03:00:00.000,0.0
3484,2010-11-23 04:00:00.000,0.0
3485,2010-11-23 05:00:00.000,0.025
3486,2010-11-23 06:00:00.000,3.8740000000000006
3487,2010-11-23 07:00:00.000,17.017999999999997
3488,2010-11-23 08:00:00.000,29.662
3489,2010-11-23 09:00:00.000,36.68600000000001
3490,2010-11-23 10:00:00.000,53.69899999999999
3491,2010-11-23 11:00:00.000,64.52899999999998
3492,2010-11-23 12:00:00.000,66.91799999999999
3493,2010-11-23 13:00:00.000,65.97200000000001
3494,2010-11-23 14:00:00.000,59.633
3495,2010-11-23 15:00:00.000,49.147
3496,2010-11-23 16:00:00.000,35.67
3497,2010-11-23 17:00:00.000,18.95
3498,2010-11-23 18:00:00.000,6.28
3499,2010-11-23 19:00:00.000,0.24500000000000002
3500,2010-11-23 20:00:00.000,0.0
3501,2010-11-23 21:00:00.000,0.0
3502,2010-11-23 22:00:00.000,0.0
3503,2010-11-23 23:00:00.000,0.0
3504,2010-11-24 00:00:00.000,0.0
3505,2010-11-24 01:00:00.000,0.0
3506,2010-11-24 02:00:00.000,0.0
3507,2010-11-24 03:00:00.000,0.0
3508,2010-11-24 04:00:00.000,0.0
3509,2010-11-24 05:00:00.000,0.044
3510,2010-11-24 06:00:00.000,5.035
3511,2010-11-24 07:00:00.000,17.042999999999996
3512,2010-11-24 08:00:00.000,32.20700000000001
3513,2010-11-24 09:00:00.000,45.94599999999999
3514,2010-11-24 10:00:00.000,55.05699999999998
3515,2010-11-24 11:00:00.000,60.274000000000015
3516,2010-11-24 12:00:00.000,65.38799999999999
3517,2010-11-24 13:00:00.000,65.37899999999999
3518,2010-11-24 14:00:00.000,59.09499999999999
3519,2010-11-24 15:00:00.000,49.181
3520,2010-11-24 16:00:00.000,35.395
3521,2010-11-24 17:00:00.000,20.048000000000002
3522,2010-11-24 18:00:00.000,6.6789999999999985
3523,2010-11-24 19:00:00.000,0.37800000000000006
3524,2010-11-24 20:00:00.000,0.0
3525,2010-11-24 21:00:00.000,0.0
3526,2010-11-24 22:00:00.000,0.0
3527,2010-11-24 23:00:00.000,0.0
3528,2010-11-25 00:00:00.000,0.0
3529,2010-11-25 01:00:00.000,0.0
3530,2010-11-25 02:00:00.000,0.0
3531,2010-11-25 03:00:00.000,0.0
3532,2010-11-25 04:00:00.000,0.0
3533,2010-11-25 05:00:00.000,0.051
3534,2010-11-25 06:00:00.000,4.909
3535,2010-11-25 07:00:00.000,16.586
3536,2010-11-25 08:00:00.000,31.176999999999996
3537,2010-11-25 09:00:00.000,44.694
3538,2010-11-25 10:00:00.000,55.25
3539,2010-11-25 11:00:00.000,61.67400000000001
3540,2010-11-25 12:00:00.000,63.852
3541,2010-11-25 13:00:00.000,62.948000000000015
3542,2010-11-25 14:00:00.000,57.970000000000006
3543,2010-11-25 15:00:00.000,48.90799999999998
3544,2010-11-25 16:00:00.000,35.641
3545,2010-11-25 17:00:00.000,20.24
3546,2010-11-25 18:00:00.000,6.873999999999999
3547,2010-11-25 19:00:00.000,0.44600000000000006
3548,2010-11-25 20:00:00.000,0.0
3549,2010-11-25 21:00:00.000,0.0
3550,2010-11-25 22:00:00.000,0.0
3551,2010-11-25 23:00:00.000,0.0
3552,2010-11-26 00:00:00.000,0.0
3553,2010-11-26 01:00:00.000,0.0
3554,2010-11-26 02:00:00.000,0.0
3555,2010-11-26 03:00:00.000,0.0
3556,2010-11-26 04:00:00.000,0.0
3557,2010-11-26 05:00:00.000,0.044
3558,2010-11-26 06:00:00.000,3.5889999999999995
3559,2010-11-26 07:00:00.000,17.151999999999997
3560,2010-11-26 08:00:00.000,31.775000000000006
3561,2010-11-26 09:00:00.000,46.437
3562,2010-11-26 10:00:00.000,51.365999999999985
3563,2010-11-26 11:00:00.000,54.676000000000016
3564,2010-11-26 12:00:00.000,61.134000000000015
3565,2010-11-26 13:00:00.000,60.484
3566,2010-11-26 14:00:00.000,36.626999999999995
3567,2010-11-26 15:00:00.000,30.706999999999994
3568,2010-11-26 16:00:00.000,23.967000000000006
3569,2010-11-26 17:00:00.000,18.547
3570,2010-11-26 18:00:00.000,6.38
3571,2010-11-26 19:00:00.000,0.22200000000000003
3572,2010-11-26 20:00:00.000,0.0
3573,2010-11-26 21:00:00.000,0.0
3574,2010-11-26 22:00:00.000,0.0
3575,2010-11-26 23:00:00.000,0.0
3576,2010-11-27 00:00:00.000,0.0
3577,2010-11-27 01:00:00.000,0.0
3578,2010-11-27 02:00:00.000,0.0
3579,2010-11-27 03:00:00.000,0.0
3580,2010-11-27 04:00:00.000,0.0
3581,2010-11-27 05:00:00.000,0.0
3582,2010-11-27 06:00:00.000,4.3759999999999994
3583,2010-11-27 07:00:00.000,16.13
3584,2010-11-27 08:00:00.000,28.066000000000003
3585,2010-11-27 09:00:00.000,39.10200000000001
3586,2010-11-27 10:00:00.000,53.547999999999995
3587,2010-11-27 11:00:00.000,59.533999999999985
3588,2010-11-27 12:00:00.000,65.33500000000001
3589,2010-11-27 13:00:00.000,64.33200000000001
3590,2010-11-27 14:00:00.000,54.46799999999998
3591,2010-11-27 15:00:00.000,48.59799999999999
3592,2010-11-27 16:00:00.000,33.68300000000001
3593,2010-11-27 17:00:00.000,16.736
3594,2010-11-27 18:00:00.000,7.284
3595,2010-11-27 19:00:00.000,0.47400000000000014
3596,2010-11-27 20:00:00.000,0.0
3597,2010-11-27 21:00:00.000,0.0
3598,2010-11-27 22:00:00.000,0.0
3599,2010-11-27 23:00:00.000,0.0
3600,2010-11-28 00:00:00.000,0.0
3601,2010-11-28 01:00:00.000,0.0
3602,2010-11-28 02:00:00.000,0.0
3603,2010-11-28 03:00:00.000,0.0
3604,2010-11-28 04:00:00.000,0.0
3605,2010-11-28 05:00:00.000,0.038
3606,2010-11-28 06:00:00.000,2.5589999999999997
3607,2010-11-28 07:00:00.000,9.608
3608,2010-11-28 08:00:00.000,17.848000000000003
3609,2010-11-28 09:00:00.000,16.453
3610,2010-11-28 10:00:00.000,38.577000000000005
3611,2010-11-28 11:00:00.000,33.15299999999999
3612,2010-11-28 12:00:00.000,32.43300000000001
3613,2010-11-28 13:00:00.000,25.559
3614,2010-11-28 14:00:00.000,22.047999999999995
3615,2010-11-28 15:00:00.000,16.706
3616,2010-11-28 16:00:00.000,28.736000000000004
3617,2010-11-28 17:00:00.000,13.598999999999997
3618,2010-11-28 18:00:00.000,7.122000000000002
3619,2010-11-28 19:00:00.000,0.22200000000000003
3620,2010-11-28 20:00:00.000,0.0
3621,2010-11-28 21:00:00.000,0.0
3622,2010-11-28 22:00:00.000,0.0
3623,2010-11-28 23:00:00.000,0.0
3624,2010-11-29 00:00:00.000,0.0
3625,2010-11-29 01:00:00.000,0.0
3626,2010-11-29 02:00:00.000,0.0
3627,2010-11-29 03:00:00.000,0.0
3628,2010-11-29 04:00:00.000,0.0
3629,2010-11-29 05:00:00.000,0.0
3630,2010-11-29 06:00:00.000,2.155999999999999
3631,2010-11-29 07:00:00.000,3.2929999999999997
3632,2010-11-29 08:00:00.000,9.925
3633,2010-11-29 09:00:00.000,14.317000000000002
3634,2010-11-29 10:00:00.000,20.248000000000005
3635,2010-11-29 11:00:00.000,36.263000000000005
3636,2010-11-29 12:00:00.000,49.00899999999999
3637,2010-11-29 13:00:00.000,50.971000000000004
3638,2010-11-29 14:00:00.000,52.23200000000001
3639,2010-11-29 15:00:00.000,42.78099999999999
3640,2010-11-29 16:00:00.000,31.847999999999995
3641,2010-11-29 17:00:00.000,14.913000000000004
3642,2010-11-29 18:00:00.000,2.3019999999999996
3643,2010-11-29 19:00:00.000,0.095
3644,2010-11-29 20:00:00.000,0.0
3645,2010-11-29 21:00:00.000,0.0
3646,2010-11-29 22:00:00.000,0.0
3647,2010-11-29 23:00:00.000,0.0
3648,2010-11-30 00:00:00.000,0.0
3649,2010-11-30 01:00:00.000,0.0
3650,2010-11-30 02:00:00.000,0.0
3651,2010-11-30 03:00:00.000,0.0
3652,2010-11-30 04:00:00.000,0.0
3653,2010-11-30 05:00:00.000,0.0
3654,2010-11-30 06:00:00.000,0.22200000000000003
3655,2010-11-30 07:00:00.000,3.1340000000000003
3656,2010-11-30 08:00:00.000,6.140000000000001
3657,2010-11-30 09:00:00.000,13.815000000000001
3658,2010-11-30 10:00:00.000,30.586000000000006
3659,2010-11-30 11:00:00.000,37.480000000000004
3660,2010-11-30 12:00:00.000,32.963
3661,2010-11-30 13:00:00.000,36.42400000000001
3662,2010-11-30 14:00:00.000,38.592999999999996
3663,2010-11-30 15:00:00.000,22.264000000000003
3664,2010-11-30 16:00:00.000,16.018999999999995
3665,2010-11-30 17:00:00.000,5.885
3666,2010-11-30 18:00:00.000,1.3410000000000002
3667,2010-11-30 19:00:00.000,0.039
3668,2010-11-30 20:00:00.000,0.0
3669,2010-11-30 21:00:00.000,0.0
3670,2010-11-30 22:00:00.000,0.0
3671,2010-11-30 23:00:00.000,0.0
3672,2010-12-01 00:00:00.000,0.0
3673,2010-12-01 01:00:00.000,0.0
3674,2010-12-01 02:00:00.000,0.0
3675,2010-12-01 03:00:00.000,0.0
3676,2010-12-01 04:00:00.000,0.0
3677,2010-12-01 05:00:00.000,0.0
3678,2010-12-01 06:00:00.000,0.039
3679,2010-12-01 07:00:00.000,0.9610000000000004
3680,2010-12-01 08:00:00.000,5.691000000000001
3681,2010-12-01 09:00:00.000,4.515
3682,2010-12-01 10:00:00.000,8.119000000000002
3683,2010-12-01 11:00:00.000,5.519000000000003
3684,2010-12-01 12:00:00.000,31.848999999999997
3685,2010-12-01 13:00:00.000,24.145000000000003
3686,2010-12-01 14:00:00.000,13.642999999999999
3687,2010-12-01 15:00:00.000,7.731000000000002
3688,2010-12-01 16:00:00.000,3.0609999999999995
3689,2010-12-01 17:00:00.000,0.7550000000000002
3690,2010-12-01 18:00:00.000,0.31200000000000006
3691,2010-12-01 19:00:00.000,0.0
3692,2010-12-01 20:00:00.000,0.0
3693,2010-12-01 21:00:00.000,0.0
3694,2010-12-01 22:00:00.000,0.0
3695,2010-12-01 23:00:00.000,0.0
3696,2010-12-02 00:00:00.000,0.0
3697,2010-12-02 01:00:00.000,0.0
3698,2010-12-02 02:00:00.000,0.0
3699,2010-12-02 03:00:00.000,0.0
3700,2010-12-02 04:00:00.000,0.0
3701,2010-12-02 05:00:00.000,0.0
3702,2010-12-02 06:00:00.000,2.0279999999999996
3703,2010-12-02 07:00:00.000,14.093
3704,2010-12-02 08:00:00.000,30.144
3705,2010-12-02 09:00:00.000,39.014
3706,2010-12-02 10:00:00.000,35.736999999999995
3707,2010-12-02 11:00:00.000,30.888
3708,2010-12-02 12:00:00.000,44.455
3709,2010-12-02 13:00:00.000,53.04199999999999
3710,2010-12-02 14:00:00.000,52.66499999999998
3711,2010-12-02 15:00:00.000,32.492999999999995
3712,2010-12-02 16:00:00.000,30.644
3713,2010-12-02 17:00:00.000,12.626
3714,2010-12-02 18:00:00.000,2.169
3715,2010-12-02 19:00:00.000,0.3630000000000001
3716,2010-12-02 20:00:00.000,0.0
3717,2010-12-02 21:00:00.000,0.0
3718,2010-12-02 22:00:00.000,0.0
3719,2010-12-02 23:00:00.000,0.0
3720,2010-12-03 00:00:00.000,0.0
3721,2010-12-03 01:00:00.000,0.0
3722,2010-12-03 02:00:00.000,0.0
3723,2010-12-03 03:00:00.000,0.0
3724,2010-12-03 04:00:00.000,0.0
3725,2010-12-03 05:00:00.000,0.013
3726,2010-12-03 06:00:00.000,3.194
3727,2010-12-03 07:00:00.000,11.436
3728,2010-12-03 08:00:00.000,22.544999999999998
3729,2010-12-03 09:00:00.000,36.333
3730,2010-12-03 10:00:00.000,52.088
3731,2010-12-03 11:00:00.000,51.23700000000001
3732,2010-12-03 12:00:00.000,53.148999999999994
3733,2010-12-03 13:00:00.000,59.397
3734,2010-12-03 14:00:00.000,58.347000000000016
3735,2010-12-03 15:00:00.000,42.163999999999994
3736,2010-12-03 16:00:00.000,20.41
3737,2010-12-03 17:00:00.000,9.479
3738,2010-12-03 18:00:00.000,3.466
3739,2010-12-03 19:00:00.000,0.5040000000000001
3740,2010-12-03 20:00:00.000,0.0
3741,2010-12-03 21:00:00.000,0.0
3742,2010-12-03 22:00:00.000,0.0
3743,2010-12-03 23:00:00.000,0.0
3744,2010-12-04 00:00:00.000,0.0
3745,2010-12-04 01:00:00.000,0.0
3746,2010-12-04 02:00:00.000,0.0
3747,2010-12-04 03:00:00.000,0.0
3748,2010-12-04 04:00:00.000,0.0
3749,2010-12-04 05:00:00.000,0.0
3750,2010-12-04 06:00:00.000,0.3470000000000001
3751,2010-12-04 07:00:00.000,3.9890000000000003
3752,2010-12-04 08:00:00.000,10.578000000000001
3753,2010-12-04 09:00:00.000,19.03
3754,2010-12-04 10:00:00.000,26.345
3755,2010-12-04 11:00:00.000,28.990000000000002
3756,2010-12-04 12:00:00.000,29.076000000000008
3757,2010-12-04 13:00:00.000,43.050000000000004
3758,2010-12-04 14:00:00.000,53.335
3759,2010-12-04 15:00:00.000,47.227999999999994
3760,2010-12-04 16:00:00.000,30.470999999999997
3761,2010-12-04 17:00:00.000,13.986
3762,2010-12-04 18:00:00.000,5.7059999999999995
3763,2010-12-04 19:00:00.000,0.228
3764,2010-12-04 20:00:00.000,0.0
3765,2010-12-04 21:00:00.000,0.0
3766,2010-12-04 22:00:00.000,0.0
3767,2010-12-04 23:00:00.000,0.0
3768,2010-12-05 00:00:00.000,0.0
3769,2010-12-05 01:00:00.000,0.0
3770,2010-12-05 02:00:00.000,0.0
3771,2010-12-05 03:00:00.000,0.0
3772,2010-12-05 04:00:00.000,0.0
3773,2010-12-05 05:00:00.000,0.0
3774,2010-12-05 06:00:00.000,2.429
3775,2010-12-05 07:00:00.000,9.848
3776,2010-12-05 08:00:00.000,21.391
3777,2010-12-05 09:00:00.000,31.353000000000005
3778,2010-12-05 10:00:00.000,40.65699999999999
3779,2010-12-05 11:00:00.000,54.135000000000005
3780,2010-12-05 12:00:00.000,50.501
3781,2010-12-05 13:00:00.000,56.703
3782,2010-12-05 14:00:00.000,33.812000000000005
3783,2010-12-05 15:00:00.000,38.583
3784,2010-12-05 16:00:00.000,20.885000000000005
3785,2010-12-05 17:00:00.000,13.018000000000002
3786,2010-12-05 18:00:00.000,8.157
3787,2010-12-05 19:00:00.000,0.158
3788,2010-12-05 20:00:00.000,0.0
3789,2010-12-05 21:00:00.000,0.0
3790,2010-12-05 22:00:00.000,0.0
3791,2010-12-05 23:00:00.000,0.0
3792,2010-12-06 00:00:00.000,0.0
3793,2010-12-06 01:00:00.000,0.0
3794,2010-12-06 02:00:00.000,0.0
3795,2010-12-06 03:00:00.000,0.0
3796,2010-12-06 04:00:00.000,0.0
3797,2010-12-06 05:00:00.000,0.0
3798,2010-12-06 06:00:00.000,2.6829999999999994
3799,2010-12-06 07:00:00.000,10.308
3800,2010-12-06 08:00:00.000,28.450000000000003
3801,2010-12-06 09:00:00.000,42.904
3802,2010-12-06 10:00:00.000,51.40599999999999
3803,2010-12-06 11:00:00.000,58.340999999999994
3804,2010-12-06 12:00:00.000,64.50599999999999
3805,2010-12-06 13:00:00.000,55.39300000000001
3806,2010-12-06 14:00:00.000,55.275999999999996
3807,2010-12-06 15:00:00.000,46.777
3808,2010-12-06 16:00:00.000,35.537000000000006
3809,2010-12-06 17:00:00.000,21.682000000000006
3810,2010-12-06 18:00:00.000,8.012
3811,2010-12-06 19:00:00.000,0.8120000000000002
3812,2010-12-06 20:00:00.000,0.0
3813,2010-12-06 21:00:00.000,0.0
3814,2010-12-06 22:00:00.000,0.0
3815,2010-12-06 23:00:00.000,0.0
3816,2010-12-07 00:00:00.000,0.0
3817,2010-12-07 01:00:00.000,0.0
3818,2010-12-07 02:00:00.000,0.0
3819,2010-12-07 03:00:00.000,0.0
3820,2010-12-07 04:00:00.000,0.0
3821,2010-12-07 05:00:00.000,0.013
3822,2010-12-07 06:00:00.000,4.827999999999999
3823,2010-12-07 07:00:00.000,15.722000000000005
3824,2010-12-07 08:00:00.000,28.879999999999995
3825,2010-12-07 09:00:00.000,44.480000000000004
3826,2010-12-07 10:00:00.000,55.621999999999986
3827,2010-12-07 11:00:00.000,56.589999999999996
3828,2010-12-07 12:00:00.000,55.39199999999998
3829,2010-12-07 13:00:00.000,64.41399999999999
3830,2010-12-07 14:00:00.000,58.173
3831,2010-12-07 15:00:00.000,49.89699999999999
3832,2010-12-07 16:00:00.000,36.653000000000006
3833,2010-12-07 17:00:00.000,21.744000000000003
3834,2010-12-07 18:00:00.000,8.332999999999997
3835,2010-12-07 19:00:00.000,0.7410000000000002
3836,2010-12-07 20:00:00.000,0.0
3837,2010-12-07 21:00:00.000,0.0
3838,2010-12-07 22:00:00.000,0.0
3839,2010-12-07 23:00:00.000,0.0
3840,2010-12-08 00:00:00.000,0.0
3841,2010-12-08 01:00:00.000,0.0
3842,2010-12-08 02:00:00.000,0.0
3843,2010-12-08 03:00:00.000,0.0
3844,2010-12-08 04:00:00.000,0.0
3845,2010-12-08 05:00:00.000,0.038
3846,2010-12-08 06:00:00.000,5.007
3847,2010-12-08 07:00:00.000,14.968000000000002
3848,2010-12-08 08:00:00.000,30.238000000000003
3849,2010-12-08 09:00:00.000,39.519
3850,2010-12-08 10:00:00.000,48.69
3851,2010-12-08 11:00:00.000,58.85
3852,2010-12-08 12:00:00.000,62.568
3853,2010-12-08 13:00:00.000,59.71699999999999
3854,2010-12-08 14:00:00.000,53.306000000000004
3855,2010-12-08 15:00:00.000,49.474000000000004
3856,2010-12-08 16:00:00.000,33.354
3857,2010-12-08 17:00:00.000,14.862000000000002
3858,2010-12-08 18:00:00.000,10.150999999999996
3859,2010-12-08 19:00:00.000,0.5050000000000001
3860,2010-12-08 20:00:00.000,0.0
3861,2010-12-08 21:00:00.000,0.0
3862,2010-12-08 22:00:00.000,0.0
3863,2010-12-08 23:00:00.000,0.0
3864,2010-12-09 00:00:00.000,0.0
3865,2010-12-09 01:00:00.000,0.0
3866,2010-12-09 02:00:00.000,0.0
3867,2010-12-09 03:00:00.000,0.0
3868,2010-12-09 04:00:00.000,0.0
3869,2010-12-09 05:00:00.000,0.019
3870,2010-12-09 06:00:00.000,4.026
3871,2010-12-09 07:00:00.000,12.906999999999996
3872,2010-12-09 08:00:00.000,18.759
3873,2010-12-09 09:00:00.000,29.282000000000004
3874,2010-12-09 10:00:00.000,37.483
3875,2010-12-09 11:00:00.000,38.272
3876,2010-12-09 12:00:00.000,54.045
3877,2010-12-09 13:00:00.000,39.33299999999999
3878,2010-12-09 14:00:00.000,17.177
3879,2010-12-09 15:00:00.000,17.718999999999998
3880,2010-12-09 16:00:00.000,16.211000000000002
3881,2010-12-09 17:00:00.000,7.647000000000001
3882,2010-12-09 18:00:00.000,4.3420000000000005
3883,2010-12-09 19:00:00.000,0.3770000000000001
3884,2010-12-09 20:00:00.000,0.0
3885,2010-12-09 21:00:00.000,0.0
3886,2010-12-09 22:00:00.000,0.0
3887,2010-12-09 23:00:00.000,0.0
3888,2010-12-10 00:00:00.000,0.0
3889,2010-12-10 01:00:00.000,0.0
3890,2010-12-10 02:00:00.000,0.0
3891,2010-12-10 03:00:00.000,0.0
3892,2010-12-10 04:00:00.000,0.0
3893,2010-12-10 05:00:00.000,0.0
3894,2010-12-10 06:00:00.000,0.3360000000000001
3895,2010-12-10 07:00:00.000,7.946999999999999
3896,2010-12-10 08:00:00.000,13.569
3897,2010-12-10 09:00:00.000,7.316000000000002
3898,2010-12-10 10:00:00.000,14.434000000000001
3899,2010-12-10 11:00:00.000,21.038
3900,2010-12-10 12:00:00.000,32.192
3901,2010-12-10 13:00:00.000,33.874
3902,2010-12-10 14:00:00.000,34.940000000000005
3903,2010-12-10 15:00:00.000,32.276
3904,2010-12-10 16:00:00.000,17.856
3905,2010-12-10 17:00:00.000,10.755000000000003
3906,2010-12-10 18:00:00.000,3.5
3907,2010-12-10 19:00:00.000,0.133
3908,2010-12-10 20:00:00.000,0.0
3909,2010-12-10 21:00:00.000,0.0
3910,2010-12-10 22:00:00.000,0.0
3911,2010-12-10 23:00:00.000,0.0
3912,2010-12-11 00:00:00.000,0.0
3913,2010-12-11 01:00:00.000,0.0
3914,2010-12-11 02:00:00.000,0.0
3915,2010-12-11 03:00:00.000,0.0
3916,2010-12-11 04:00:00.000,0.0
3917,2010-12-11 05:00:00.000,0.0
3918,2010-12-11 06:00:00.000,3.6139999999999994
3919,2010-12-11 07:00:00.000,16.225
3920,2010-12-11 08:00:00.000,31.576
3921,2010-12-11 09:00:00.000,45.80699999999999
3922,2010-12-11 10:00:00.000,56.96799999999999
3923,2010-12-11 11:00:00.000,58.56999999999998
3924,2010-12-11 12:00:00.000,57.51299999999999
3925,2010-12-11 13:00:00.000,51.49499999999999
3926,2010-12-11 14:00:00.000,47.34000000000001
3927,2010-12-11 15:00:00.000,29.254000000000005
3928,2010-12-11 16:00:00.000,18.807999999999996
3929,2010-12-11 17:00:00.000,10.641
3930,2010-12-11 18:00:00.000,3.8149999999999995
3931,2010-12-11 19:00:00.000,0.8190000000000004
3932,2010-12-11 20:00:00.000,0.0
3933,2010-12-11 21:00:00.000,0.0
3934,2010-12-11 22:00:00.000,0.0
3935,2010-12-11 23:00:00.000,0.0
3936,2010-12-12 00:00:00.000,0.0
3937,2010-12-12 01:00:00.000,0.0
3938,2010-12-12 02:00:00.000,0.0
3939,2010-12-12 03:00:00.000,0.0
3940,2010-12-12 04:00:00.000,0.0
3941,2010-12-12 05:00:00.000,0.038
3942,2010-12-12 06:00:00.000,4.585
3943,2010-12-12 07:00:00.000,16.178000000000004
3944,2010-12-12 08:00:00.000,31.075000000000003
3945,2010-12-12 09:00:00.000,45.30400000000001
3946,2010-12-12 10:00:00.000,55.771
3947,2010-12-12 11:00:00.000,58.01200000000001
3948,2010-12-12 12:00:00.000,47.38899999999998
3949,2010-12-12 13:00:00.000,42.74499999999999
3950,2010-12-12 14:00:00.000,32.729
3951,2010-12-12 15:00:00.000,31.77599999999999
3952,2010-12-12 16:00:00.000,30.111999999999988
3953,2010-12-12 17:00:00.000,20.550000000000004
3954,2010-12-12 18:00:00.000,9.656
3955,2010-12-12 19:00:00.000,0.9940000000000001
3956,2010-12-12 20:00:00.000,0.0
3957,2010-12-12 21:00:00.000,0.0
3958,2010-12-12 22:00:00.000,0.0
3959,2010-12-12 23:00:00.000,0.0
3960,2010-12-13 00:00:00.000,0.0
3961,2010-12-13 01:00:00.000,0.0
3962,2010-12-13 02:00:00.000,0.0
3963,2010-12-13 03:00:00.000,0.0
3964,2010-12-13 04:00:00.000,0.0
3965,2010-12-13 05:00:00.000,0.026
3966,2010-12-13 06:00:00.000,4.156999999999999
3967,2010-12-13 07:00:00.000,15.097999999999999
3968,2010-12-13 08:00:00.000,30.521
3969,2010-12-13 09:00:00.000,41.58900000000001
3970,2010-12-13 10:00:00.000,53.70099999999999
3971,2010-12-13 11:00:00.000,64.153
3972,2010-12-13 12:00:00.000,66.38399999999999
3973,2010-12-13 13:00:00.000,64.73400000000001
3974,2010-12-13 14:00:00.000,59.571
3975,2010-12-13 15:00:00.000,49.765999999999984
3976,2010-12-13 16:00:00.000,37.34100000000001
3977,2010-12-13 17:00:00.000,22.722999999999995
3978,2010-12-13 18:00:00.000,9.149000000000001
3979,2010-12-13 19:00:00.000,1.07
3980,2010-12-13 20:00:00.000,0.0
3981,2010-12-13 21:00:00.000,0.0
3982,2010-12-13 22:00:00.000,0.0
3983,2010-12-13 23:00:00.000,0.0
3984,2010-12-14 00:00:00.000,0.0
3985,2010-12-14 01:00:00.000,0.0
3986,2010-12-14 02:00:00.000,0.0
3987,2010-12-14 03:00:00.000,0.0
3988,2010-12-14 04:00:00.000,0.0
3989,2010-12-14 05:00:00.000,0.019
3990,2010-12-14 06:00:00.000,6.1499999999999995
3991,2010-12-14 07:00:00.000,8.924000000000001
3992,2010-12-14 08:00:00.000,15.301999999999998
3993,2010-12-14 09:00:00.000,23.791999999999987
3994,2010-12-14 10:00:00.000,32.748
3995,2010-12-14 11:00:00.000,42.354000000000006
3996,2010-12-14 12:00:00.000,53.105000000000025
3997,2010-12-14 13:00:00.000,62.77600000000002
3998,2010-12-14 14:00:00.000,56.766
3999,2010-12-14 15:00:00.000,46.33399999999999
4000,2010-12-14 16:00:00.000,36.059
4001,2010-12-14 17:00:00.000,21.699
4002,2010-12-14 18:00:00.000,5.269000000000001
4003,2010-12-14 19:00:00.000,0.9720000000000003
4004,2010-12-14 20:00:00.000,0.0
4005,2010-12-14 21:00:00.000,0.0
4006,2010-12-14 22:00:00.000,0.0
4007,2010-12-14 23:00:00.000,0.0
4008,2010-12-15 00:00:00.000,0.0
4009,2010-12-15 01:00:00.000,0.0
4010,2010-12-15 02:00:00.000,0.0
4011,2010-12-15 03:00:00.000,0.0
4012,2010-12-15 04:00:00.000,0.0
4013,2010-12-15 05:00:00.000,0.0
4014,2010-12-15 06:00:00.000,2.198999999999999
4015,2010-12-15 07:00:00.000,14.923000000000002
4016,2010-12-15 08:00:00.000,28.105000000000004
4017,2010-12-15 09:00:00.000,36.523999999999994
4018,2010-12-15 10:00:00.000,49.76400000000001
4019,2010-12-15 11:00:00.000,60.568000000000005
4020,2010-12-15 12:00:00.000,63.37
4021,2010-12-15 13:00:00.000,63.115
4022,2010-12-15 14:00:00.000,58.87899999999999
4023,2010-12-15 15:00:00.000,48.55700000000001
4024,2010-12-15 16:00:00.000,30.456999999999994
4025,2010-12-15 17:00:00.000,20.904
4026,2010-12-15 18:00:00.000,10.557999999999998
4027,2010-12-15 19:00:00.000,1.0370000000000001
4028,2010-12-15 20:00:00.000,0.0
4029,2010-12-15 21:00:00.000,0.0
4030,2010-12-15 22:00:00.000,0.0
4031,2010-12-15 23:00:00.000,0.0
4032,2010-12-16 00:00:00.000,0.0
4033,2010-12-16 01:00:00.000,0.0
4034,2010-12-16 02:00:00.000,0.0
4035,2010-12-16 03:00:00.000,0.0
4036,2010-12-16 04:00:00.000,0.0
4037,2010-12-16 05:00:00.000,0.0
4038,2010-12-16 06:00:00.000,0.12
4039,2010-12-16 07:00:00.000,1.3630000000000004
4040,2010-12-16 08:00:00.000,6.136
4041,2010-12-16 09:00:00.000,29.142999999999994
4042,2010-12-16 10:00:00.000,53.202000000000005
4043,2010-12-16 11:00:00.000,59.005
4044,2010-12-16 12:00:00.000,20.709999999999997
4045,2010-12-16 13:00:00.000,23.134
4046,2010-12-16 14:00:00.000,46.29099999999999
4047,2010-12-16 15:00:00.000,4.5809999999999995
4048,2010-12-16 16:00:00.000,0.052
4049,2010-12-16 17:00:00.000,11.937999999999999
4050,2010-12-16 18:00:00.000,4.567
4051,2010-12-16 19:00:00.000,0.138
4052,2010-12-16 20:00:00.000,0.0
4053,2010-12-16 21:00:00.000,0.0
4054,2010-12-16 22:00:00.000,0.0
4055,2010-12-16 23:00:00.000,0.0
4056,2010-12-17 00:00:00.000,0.0
4057,2010-12-17 01:00:00.000,0.0
4058,2010-12-17 02:00:00.000,0.0
4059,2010-12-17 03:00:00.000,0.0
4060,2010-12-17 04:00:00.000,0.0
4061,2010-12-17 05:00:00.000,0.0
4062,2010-12-17 06:00:00.000,0.36100000000000004
4063,2010-12-17 07:00:00.000,3.959999999999999
4064,2010-12-17 08:00:00.000,9.614999999999998
4065,2010-12-17 09:00:00.000,13.979000000000006
4066,2010-12-17 10:00:00.000,26.062000000000005
4067,2010-12-17 11:00:00.000,24.526
4068,2010-12-17 12:00:00.000,25.501000000000005
4069,2010-12-17 13:00:00.000,24.374
4070,2010-12-17 14:00:00.000,22.277
4071,2010-12-17 15:00:00.000,21.408
4072,2010-12-17 16:00:00.000,11.859999999999998
4073,2010-12-17 17:00:00.000,11.937000000000003
4074,2010-12-17 18:00:00.000,6.077000000000001
4075,2010-12-17 19:00:00.000,0.29900000000000004
4076,2010-12-17 20:00:00.000,0.0
4077,2010-12-17 21:00:00.000,0.0
4078,2010-12-17 22:00:00.000,0.0
4079,2010-12-17 23:00:00.000,0.0
4080,2010-12-18 00:00:00.000,0.0
4081,2010-12-18 01:00:00.000,0.0
4082,2010-12-18 02:00:00.000,0.0
4083,2010-12-18 03:00:00.000,0.0
4084,2010-12-18 04:00:00.000,0.0
4085,2010-12-18 05:00:00.000,0.0
4086,2010-12-18 06:00:00.000,0.3900000000000001
4087,2010-12-18 07:00:00.000,4.006000000000001
4088,2010-12-18 08:00:00.000,8.5
4089,2010-12-18 09:00:00.000,14.892
4090,2010-12-18 10:00:00.000,15.932000000000007
4091,2010-12-18 11:00:00.000,20.882
4092,2010-12-18 12:00:00.000,22.523
4093,2010-12-18 13:00:00.000,20.665000000000003
4094,2010-12-18 14:00:00.000,15.233000000000002
4095,2010-12-18 15:00:00.000,19.370000000000008
4096,2010-12-18 16:00:00.000,23.910999999999994
4097,2010-12-18 17:00:00.000,13.96
4098,2010-12-18 18:00:00.000,2.852
4099,2010-12-18 19:00:00.000,0.133
4100,2010-12-18 20:00:00.000,0.0
4101,2010-12-18 21:00:00.000,0.0
4102,2010-12-18 22:00:00.000,0.0
4103,2010-12-18 23:00:00.000,0.0
4104,2010-12-19 00:00:00.000,0.0
4105,2010-12-19 01:00:00.000,0.0
4106,2010-12-19 02:00:00.000,0.0
4107,2010-12-19 03:00:00.000,0.0
4108,2010-12-19 04:00:00.000,0.0
4109,2010-12-19 05:00:00.000,0.0
4110,2010-12-19 06:00:00.000,1.3359999999999999
4111,2010-12-19 07:00:00.000,5.465999999999998
4112,2010-12-19 08:00:00.000,17.118
4113,2010-12-19 09:00:00.000,14.339
4114,2010-12-19 10:00:00.000,11.368
4115,2010-12-19 11:00:00.000,14.790999999999997
4116,2010-12-19 12:00:00.000,16.150000000000002
4117,2010-12-19 13:00:00.000,13.796
4118,2010-12-19 14:00:00.000,21.694000000000003
4119,2010-12-19 15:00:00.000,24.473999999999993
4120,2010-12-19 16:00:00.000,12.282
4121,2010-12-19 17:00:00.000,11.401000000000002
4122,2010-12-19 18:00:00.000,7.604000000000001
4123,2010-12-19 19:00:00.000,1.455
4124,2010-12-19 20:00:00.000,0.0
4125,2010-12-19 21:00:00.000,0.0
4126,2010-12-19 22:00:00.000,0.0
4127,2010-12-19 23:00:00.000,0.0
4128,2010-12-20 00:00:00.000,0.0
4129,2010-12-20 01:00:00.000,0.0
4130,2010-12-20 02:00:00.000,0.0
4131,2010-12-20 03:00:00.000,0.0
4132,2010-12-20 04:00:00.000,0.0
4133,2010-12-20 05:00:00.000,0.025
4134,2010-12-20 06:00:00.000,4.511
4135,2010-12-20 07:00:00.000,16.921000000000003
4136,2010-12-20 08:00:00.000,33.037
4137,2010-12-20 09:00:00.000,48.836999999999996
4138,2010-12-20 10:00:00.000,61.347000000000016
4139,2010-12-20 11:00:00.000,68.51599999999999
4140,2010-12-20 12:00:00.000,65.02000000000001
4141,2010-12-20 13:00:00.000,59.699
4142,2010-12-20 14:00:00.000,59.86899999999999
4143,2010-12-20 15:00:00.000,53.552000000000014
4144,2010-12-20 16:00:00.000,40.245000000000005
4145,2010-12-20 17:00:00.000,24.733999999999998
4146,2010-12-20 18:00:00.000,10.354
4147,2010-12-20 19:00:00.000,1.5639999999999998
4148,2010-12-20 20:00:00.000,0.0
4149,2010-12-20 21:00:00.000,0.0
4150,2010-12-20 22:00:00.000,0.0
4151,2010-12-20 23:00:00.000,0.0
4152,2010-12-21 00:00:00.000,0.0
4153,2010-12-21 01:00:00.000,0.0
4154,2010-12-21 02:00:00.000,0.0
4155,2010-12-21 03:00:00.000,0.0
4156,2010-12-21 04:00:00.000,0.0
4157,2010-12-21 05:00:00.000,0.019
4158,2010-12-21 06:00:00.000,4.195
4159,2010-12-21 07:00:00.000,16.021000000000004
4160,2010-12-21 08:00:00.000,31.424
4161,2010-12-21 09:00:00.000,46.517999999999994
4162,2010-12-21 10:00:00.000,58.254000000000005
4163,2010-12-21 11:00:00.000,65.225
4164,2010-12-21 12:00:00.000,67.194
4165,2010-12-21 13:00:00.000,64.775
4166,2010-12-21 14:00:00.000,52.152
4167,2010-12-21 15:00:00.000,47.80600000000001
4168,2010-12-21 16:00:00.000,35.46499999999999
4169,2010-12-21 17:00:00.000,20.481999999999992
4170,2010-12-21 18:00:00.000,9.719000000000001
4171,2010-12-21 19:00:00.000,1.461
4172,2010-12-21 20:00:00.000,0.0
4173,2010-12-21 21:00:00.000,0.0
4174,2010-12-21 22:00:00.000,0.0
4175,2010-12-21 23:00:00.000,0.0
4176,2010-12-22 00:00:00.000,0.0
4177,2010-12-22 01:00:00.000,0.0
4178,2010-12-22 02:00:00.000,0.0
4179,2010-12-22 03:00:00.000,0.0
4180,2010-12-22 04:00:00.000,0.0
4181,2010-12-22 05:00:00.000,0.013
4182,2010-12-22 06:00:00.000,4.143
4183,2010-12-22 07:00:00.000,15.500000000000004
4184,2010-12-22 08:00:00.000,30.152000000000008
4185,2010-12-22 09:00:00.000,44.043000000000006
4186,2010-12-22 10:00:00.000,52.90100000000001
4187,2010-12-22 11:00:00.000,61.921
4188,2010-12-22 12:00:00.000,62.44300000000001
4189,2010-12-22 13:00:00.000,64.827
4190,2010-12-22 14:00:00.000,59.67
4191,2010-12-22 15:00:00.000,38.77
4192,2010-12-22 16:00:00.000,26.552000000000003
4193,2010-12-22 17:00:00.000,12.878000000000004
4194,2010-12-22 18:00:00.000,5.969999999999998
4195,2010-12-22 19:00:00.000,0.41700000000000004
4196,2010-12-22 20:00:00.000,0.0
4197,2010-12-22 21:00:00.000,0.0
4198,2010-12-22 22:00:00.000,0.0
4199,2010-12-22 23:00:00.000,0.0
4200,2010-12-23 00:00:00.000,0.0
4201,2010-12-23 01:00:00.000,0.0
4202,2010-12-23 02:00:00.000,0.0
4203,2010-12-23 03:00:00.000,0.0
4204,2010-12-23 04:00:00.000,0.0
4205,2010-12-23 05:00:00.000,0.0
4206,2010-12-23 06:00:00.000,1.8139999999999996
4207,2010-12-23 07:00:00.000,9.496000000000002
4208,2010-12-23 08:00:00.000,20.698999999999998
4209,2010-12-23 09:00:00.000,27.87499999999999
4210,2010-12-23 10:00:00.000,39.641999999999996
4211,2010-12-23 11:00:00.000,40.49799999999999
4212,2010-12-23 12:00:00.000,47.43999999999999
4213,2010-12-23 13:00:00.000,41.43299999999998
4214,2010-12-23 14:00:00.000,39.127
4215,2010-12-23 15:00:00.000,33.411
4216,2010-12-23 16:00:00.000,27.42
4217,2010-12-23 17:00:00.000,16.057
4218,2010-12-23 18:00:00.000,6.264000000000001
4219,2010-12-23 19:00:00.000,0.9900000000000004
4220,2010-12-23 20:00:00.000,0.0
4221,2010-12-23 21:00:00.000,0.0
4222,2010-12-23 22:00:00.000,0.0
4223,2010-12-23 23:00:00.000,0.0
4224,2010-12-24 00:00:00.000,0.0
4225,2010-12-24 01:00:00.000,0.0
4226,2010-12-24 02:00:00.000,0.0
4227,2010-12-24 03:00:00.000,0.0
4228,2010-12-24 04:00:00.000,0.0
4229,2010-12-24 05:00:00.000,0.0
4230,2010-12-24 06:00:00.000,0.4160000000000001
4231,2010-12-24 07:00:00.000,4.6259999999999994
4232,2010-12-24 08:00:00.000,12.425000000000002
4233,2010-12-24 09:00:00.000,22.06500000000001
4234,2010-12-24 10:00:00.000,41.01099999999999
4235,2010-12-24 11:00:00.000,57.845000000000006
4236,2010-12-24 12:00:00.000,59.035000000000004
4237,2010-12-24 13:00:00.000,57.269000000000005
4238,2010-12-24 14:00:00.000,43.54999999999999
4239,2010-12-24 15:00:00.000,45.346
4240,2010-12-24 16:00:00.000,37.48
4241,2010-12-24 17:00:00.000,23.593000000000004
4242,2010-12-24 18:00:00.000,10.379
4243,2010-12-24 19:00:00.000,1.8119999999999996
4244,2010-12-24 20:00:00.000,0.0
4245,2010-12-24 21:00:00.000,0.0
4246,2010-12-24 22:00:00.000,0.0
4247,2010-12-24 23:00:00.000,0.0
4248,2010-12-25 00:00:00.000,0.0
4249,2010-12-25 01:00:00.000,0.0
4250,2010-12-25 02:00:00.000,0.0
4251,2010-12-25 03:00:00.000,0.0
4252,2010-12-25 04:00:00.000,0.0
4253,2010-12-25 05:00:00.000,0.0
4254,2010-12-25 06:00:00.000,3.5930000000000004
4255,2010-12-25 07:00:00.000,14.369000000000002
4256,2010-12-25 08:00:00.000,28.297000000000008
4257,2010-12-25 09:00:00.000,42.238
4258,2010-12-25 10:00:00.000,51.195
4259,2010-12-25 11:00:00.000,58.824999999999996
4260,2010-12-25 12:00:00.000,63.974000000000004
4261,2010-12-25 13:00:00.000,63.242
4262,2010-12-25 14:00:00.000,58.67299999999998
4263,2010-12-25 15:00:00.000,50.778999999999996
4264,2010-12-25 16:00:00.000,38.50199999999999
4265,2010-12-25 17:00:00.000,23.634
4266,2010-12-25 18:00:00.000,9.945999999999998
4267,2010-12-25 19:00:00.000,1.51
4268,2010-12-25 20:00:00.000,0.0
4269,2010-12-25 21:00:00.000,0.0
4270,2010-12-25 22:00:00.000,0.0
4271,2010-12-25 23:00:00.000,0.0
4272,2010-12-26 00:00:00.000,0.0
4273,2010-12-26 01:00:00.000,0.0
4274,2010-12-26 02:00:00.000,0.0
4275,2010-12-26 03:00:00.000,0.0
4276,2010-12-26 04:00:00.000,0.0
4277,2010-12-26 05:00:00.000,0.0
4278,2010-12-26 06:00:00.000,4.0089999999999995
4279,2010-12-26 07:00:00.000,15.816000000000003
4280,2010-12-26 08:00:00.000,26.255
4281,2010-12-26 09:00:00.000,24.244
4282,2010-12-26 10:00:00.000,24.599
4283,2010-12-26 11:00:00.000,49.864000000000004
4284,2010-12-26 12:00:00.000,30.371999999999996
4285,2010-12-26 13:00:00.000,26.514
4286,2010-12-26 14:00:00.000,9.667
4287,2010-12-26 15:00:00.000,11.690000000000003
4288,2010-12-26 16:00:00.000,12.026999999999997
4289,2010-12-26 17:00:00.000,7.503
4290,2010-12-26 18:00:00.000,3.936000000000001
4291,2010-12-26 19:00:00.000,0.095
4292,2010-12-26 20:00:00.000,0.0
4293,2010-12-26 21:00:00.000,0.0
4294,2010-12-26 22:00:00.000,0.0
4295,2010-12-26 23:00:00.000,0.0
4296,2010-12-27 00:00:00.000,0.0
4297,2010-12-27 01:00:00.000,0.0
4298,2010-12-27 02:00:00.000,0.0
4299,2010-12-27 03:00:00.000,0.0
4300,2010-12-27 04:00:00.000,0.0
4301,2010-12-27 05:00:00.000,0.0
4302,2010-12-27 06:00:00.000,0.013
4303,2010-12-27 07:00:00.000,0.8650000000000003
4304,2010-12-27 08:00:00.000,8.277
4305,2010-12-27 09:00:00.000,14.874999999999996
4306,2010-12-27 10:00:00.000,24.552999999999997
4307,2010-12-27 11:00:00.000,19.99500000000001
4308,2010-12-27 12:00:00.000,14.294
4309,2010-12-27 13:00:00.000,18.424000000000003
4310,2010-12-27 14:00:00.000,18.270999999999997
4311,2010-12-27 15:00:00.000,19.705
4312,2010-12-27 16:00:00.000,15.883000000000004
4313,2010-12-27 17:00:00.000,9.012999999999998
4314,2010-12-27 18:00:00.000,3.4160000000000004
4315,2010-12-27 19:00:00.000,0.7840000000000004
4316,2010-12-27 20:00:00.000,0.0
4317,2010-12-27 21:00:00.000,0.0
4318,2010-12-27 22:00:00.000,0.0
4319,2010-12-27 23:00:00.000,0.0
4320,2010-12-28 00:00:00.000,0.0
4321,2010-12-28 01:00:00.000,0.0
4322,2010-12-28 02:00:00.000,0.0
4323,2010-12-28 03:00:00.000,0.0
4324,2010-12-28 04:00:00.000,0.0
4325,2010-12-28 05:00:00.000,0.0
4326,2010-12-28 06:00:00.000,1.28
4327,2010-12-28 07:00:00.000,7.275000000000001
4328,2010-12-28 08:00:00.000,16.2
4329,2010-12-28 09:00:00.000,27.207000000000008
4330,2010-12-28 10:00:00.000,34.808
4331,2010-12-28 11:00:00.000,30.511999999999997
4332,2010-12-28 12:00:00.000,18.925999999999995
4333,2010-12-28 13:00:00.000,31.789
4334,2010-12-28 14:00:00.000,25.821
4335,2010-12-28 15:00:00.000,17.712999999999997
4336,2010-12-28 16:00:00.000,11.051
4337,2010-12-28 17:00:00.000,6.901000000000001
4338,2010-12-28 18:00:00.000,3.2230000000000003
4339,2010-12-28 19:00:00.000,0.138
4340,2010-12-28 20:00:00.000,0.0
4341,2010-12-28 21:00:00.000,0.0
4342,2010-12-28 22:00:00.000,0.0
4343,2010-12-28 23:00:00.000,0.0
4344,2010-12-29 00:00:00.000,0.0
4345,2010-12-29 01:00:00.000,0.0
4346,2010-12-29 02:00:00.000,0.0
4347,2010-12-29 03:00:00.000,0.0
4348,2010-12-29 04:00:00.000,0.0
4349,2010-12-29 05:00:00.000,0.0
4350,2010-12-29 06:00:00.000,3.6699999999999986
4351,2010-12-29 07:00:00.000,14.674
4352,2010-12-29 08:00:00.000,28.942999999999994
4353,2010-12-29 09:00:00.000,39.352000000000004
4354,2010-12-29 10:00:00.000,53.916
4355,2010-12-29 11:00:00.000,62.04200000000001
4356,2010-12-29 12:00:00.000,66.62200000000001
4357,2010-12-29 13:00:00.000,66.557
4358,2010-12-29 14:00:00.000,61.553
4359,2010-12-29 15:00:00.000,52.94200000000001
4360,2010-12-29 16:00:00.000,40.044000000000004
4361,2010-12-29 17:00:00.000,24.977000000000004
4362,2010-12-29 18:00:00.000,10.613
4363,2010-12-29 19:00:00.000,1.6059999999999994
4364,2010-12-29 20:00:00.000,0.0
4365,2010-12-29 21:00:00.000,0.0
4366,2010-12-29 22:00:00.000,0.0
4367,2010-12-29 23:00:00.000,0.0
4368,2010-12-30 00:00:00.000,0.0
4369,2010-12-30 01:00:00.000,0.0
4370,2010-12-30 02:00:00.000,0.0
4371,2010-12-30 03:00:00.000,0.0
4372,2010-12-30 04:00:00.000,0.0
4373,2010-12-30 05:00:00.000,0.0
4374,2010-12-30 06:00:00.000,3.473
4375,2010-12-30 07:00:00.000,13.889000000000003
4376,2010-12-30 08:00:00.000,27.731000000000005
4377,2010-12-30 09:00:00.000,41.567
4378,2010-12-30 10:00:00.000,53.106000000000016
4379,2010-12-30 11:00:00.000,60.694
4380,2010-12-30 12:00:00.000,63.98899999999999
4381,2010-12-30 13:00:00.000,64.191
4382,2010-12-30 14:00:00.000,59.01299999999999
4383,2010-12-30 15:00:00.000,50.018000000000015
4384,2010-12-30 16:00:00.000,27.747
4385,2010-12-30 17:00:00.000,5.638
4386,2010-12-30 18:00:00.000,6.727
4387,2010-12-30 19:00:00.000,1.4639999999999995
4388,2010-12-30 20:00:00.000,0.0
4389,2010-12-30 21:00:00.000,0.0
4390,2010-12-30 22:00:00.000,0.0
4391,2010-12-30 23:00:00.000,0.0
4392,2010-12-31 00:00:00.000,0.0
4393,2010-12-31 01:00:00.000,0.0
4394,2010-12-31 02:00:00.000,0.0
4395,2010-12-31 03:00:00.000,0.0
4396,2010-12-31 04:00:00.000,0.0
4397,2010-12-31 05:00:00.000,0.0
4398,2010-12-31 06:00:00.000,3.22
4399,2010-12-31 07:00:00.000,13.904
4400,2010-12-31 08:00:00.000,27.464000000000002
4401,2010-12-31 09:00:00.000,41.43000000000001
4402,2010-12-31 10:00:00.000,53.051
4403,2010-12-31 11:00:00.000,61.163999999999994
4404,2010-12-31 12:00:00.000,64.655
4405,2010-12-31 13:00:00.000,64.62899999999999
4406,2010-12-31 14:00:00.000,60.28899999999999
4407,2010-12-31 15:00:00.000,52.24699999999999
4408,2010-12-31 16:00:00.000,39.757999999999996
4409,2010-12-31 17:00:00.000,24.878999999999998
4410,2010-12-31 18:00:00.000,10.630999999999997
4411,2010-12-31 19:00:00.000,1.6769999999999996
4412,2010-12-31 20:00:00.000,0.0
4413,2010-12-31 21:00:00.000,0.0
4414,2010-12-31 22:00:00.000,0.0
4415,2010-12-31 23:00:00.000,0.0
4416,2011-01-01 00:00:00.000,0.0
4417,2011-01-01 01:00:00.000,0.0
4418,2011-01-01 02:00:00.000,0.0
4419,2011-01-01 03:00:00.000,0.0
4420,2011-01-01 04:00:00.000,0.0
4421,2011-01-01 05:00:00.000,0.0
4422,2011-01-01 06:00:00.000,3.2989999999999995
4423,2011-01-01 07:00:00.000,14.145
4424,2011-01-01 08:00:00.000,28.494000000000007
4425,2011-01-01 09:00:00.000,42.65
4426,2011-01-01 10:00:00.000,53.91299999999999
4427,2011-01-01 11:00:00.000,61.23800000000001
4428,2011-01-01 12:00:00.000,64.16
4429,2011-01-01 13:00:00.000,63.358
4430,2011-01-01 14:00:00.000,59.215
4431,2011-01-01 15:00:00.000,51.483000000000004
4432,2011-01-01 16:00:00.000,39.45399999999999
4433,2011-01-01 17:00:00.000,25.090000000000003
4434,2011-01-01 18:00:00.000,10.845999999999997
4435,2011-01-01 19:00:00.000,1.7649999999999995
4436,2011-01-01 20:00:00.000,0.0
4437,2011-01-01 21:00:00.000,0.0
4438,2011-01-01 22:00:00.000,0.0
4439,2011-01-01 23:00:00.000,0.0
4440,2011-01-02 00:00:00.000,0.0
4441,2011-01-02 01:00:00.000,0.0
4442,2011-01-02 02:00:00.000,0.0
4443,2011-01-02 03:00:00.000,0.0
4444,2011-01-02 04:00:00.000,0.0
4445,2011-01-02 05:00:00.000,0.0
4446,2011-01-02 06:00:00.000,1.061
4447,2011-01-02 07:00:00.000,3.154999999999999
4448,2011-01-02 08:00:00.000,13.827
4449,2011-01-02 09:00:00.000,28.403999999999993
4450,2011-01-02 10:00:00.000,51.39
4451,2011-01-02 11:00:00.000,58.99999999999998
4452,2011-01-02 12:00:00.000,62.48199999999999
4453,2011-01-02 13:00:00.000,62.141
4454,2011-01-02 14:00:00.000,56.339999999999996
4455,2011-01-02 15:00:00.000,44.273999999999994
4456,2011-01-02 16:00:00.000,14.596000000000002
4457,2011-01-02 17:00:00.000,2.1819999999999995
4458,2011-01-02 18:00:00.000,0.6410000000000002
4459,2011-01-02 19:00:00.000,0.0
4460,2011-01-02 20:00:00.000,0.0
4461,2011-01-02 21:00:00.000,0.0
4462,2011-01-02 22:00:00.000,0.0
4463,2011-01-02 23:00:00.000,0.0
4464,2011-01-03 00:00:00.000,0.0
4465,2011-01-03 01:00:00.000,0.0
4466,2011-01-03 02:00:00.000,0.0
4467,2011-01-03 03:00:00.000,0.0
4468,2011-01-03 04:00:00.000,0.0
4469,2011-01-03 05:00:00.000,0.0
4470,2011-01-03 06:00:00.000,0.8980000000000005
4471,2011-01-03 07:00:00.000,10.295
4472,2011-01-03 08:00:00.000,19.578
4473,2011-01-03 09:00:00.000,25.656999999999993
4474,2011-01-03 10:00:00.000,38.123
4475,2011-01-03 11:00:00.000,52.877999999999986
4476,2011-01-03 12:00:00.000,48.168
4477,2011-01-03 13:00:00.000,49.33300000000001
4478,2011-01-03 14:00:00.000,24.974000000000004
4479,2011-01-03 15:00:00.000,21.134999999999998
4480,2011-01-03 16:00:00.000,29.768000000000004
4481,2011-01-03 17:00:00.000,12.308999999999997
4482,2011-01-03 18:00:00.000,4.370000000000001
4483,2011-01-03 19:00:00.000,0.9700000000000004
4484,2011-01-03 20:00:00.000,0.0
4485,2011-01-03 21:00:00.000,0.0
4486,2011-01-03 22:00:00.000,0.0
4487,2011-01-03 23:00:00.000,0.0
4488,2011-01-04 00:00:00.000,0.0
4489,2011-01-04 01:00:00.000,0.0
4490,2011-01-04 02:00:00.000,0.0
4491,2011-01-04 03:00:00.000,0.0
4492,2011-01-04 04:00:00.000,0.0
4493,2011-01-04 05:00:00.000,0.0
4494,2011-01-04 06:00:00.000,0.5320000000000001
4495,2011-01-04 07:00:00.000,5.870000000000001
4496,2011-01-04 08:00:00.000,11.679000000000002
4497,2011-01-04 09:00:00.000,25.59
4498,2011-01-04 10:00:00.000,39.665
4499,2011-01-04 11:00:00.000,54.24499999999999
4500,2011-01-04 12:00:00.000,57.436
4501,2011-01-04 13:00:00.000,56.565
4502,2011-01-04 14:00:00.000,49.75199999999999
4503,2011-01-04 15:00:00.000,33.233999999999995
4504,2011-01-04 16:00:00.000,17.992999999999995
4505,2011-01-04 17:00:00.000,11.695999999999998
4506,2011-01-04 18:00:00.000,7.438
4507,2011-01-04 19:00:00.000,1.1530000000000002
4508,2011-01-04 20:00:00.000,0.0
4509,2011-01-04 21:00:00.000,0.0
4510,2011-01-04 22:00:00.000,0.0
4511,2011-01-04 23:00:00.000,0.0
4512,2011-01-05 00:00:00.000,0.0
4513,2011-01-05 01:00:00.000,0.0
4514,2011-01-05 02:00:00.000,0.0
4515,2011-01-05 03:00:00.000,0.0
4516,2011-01-05 04:00:00.000,0.0
4517,2011-01-05 05:00:00.000,0.0
4518,2011-01-05 06:00:00.000,2.344999999999998
4519,2011-01-05 07:00:00.000,15.824000000000005
4520,2011-01-05 08:00:00.000,25.025999999999996
4521,2011-01-05 09:00:00.000,32.278000000000006
4522,2011-01-05 10:00:00.000,35.597
4523,2011-01-05 11:00:00.000,39.647
4524,2011-01-05 12:00:00.000,53.595000000000006
4525,2011-01-05 13:00:00.000,51.678999999999995
4526,2011-01-05 14:00:00.000,28.679999999999993
4527,2011-01-05 15:00:00.000,21.068
4528,2011-01-05 16:00:00.000,18.097999999999995
4529,2011-01-05 17:00:00.000,13.478
4530,2011-01-05 18:00:00.000,2.210999999999999
4531,2011-01-05 19:00:00.000,0.0
4532,2011-01-05 20:00:00.000,0.0
4533,2011-01-05 21:00:00.000,0.0
4534,2011-01-05 22:00:00.000,0.0
4535,2011-01-05 23:00:00.000,0.0
4536,2011-01-06 00:00:00.000,0.0
4537,2011-01-06 01:00:00.000,0.0
4538,2011-01-06 02:00:00.000,0.0
4539,2011-01-06 03:00:00.000,0.0
4540,2011-01-06 04:00:00.000,0.0
4541,2011-01-06 05:00:00.000,0.0
4542,2011-01-06 06:00:00.000,0.065
4543,2011-01-06 07:00:00.000,3.068999999999999
4544,2011-01-06 08:00:00.000,3.1880000000000006
4545,2011-01-06 09:00:00.000,4.045000000000001
4546,2011-01-06 10:00:00.000,20.308
4547,2011-01-06 11:00:00.000,24.371
4548,2011-01-06 12:00:00.000,43.650000000000006
4549,2011-01-06 13:00:00.000,58.977999999999994
4550,2011-01-06 14:00:00.000,54.089
4551,2011-01-06 15:00:00.000,49.631
4552,2011-01-06 16:00:00.000,39.878
4553,2011-01-06 17:00:00.000,22.566000000000003
4554,2011-01-06 18:00:00.000,11.144999999999998
4555,2011-01-06 19:00:00.000,2.8829999999999996
4556,2011-01-06 20:00:00.000,0.0
4557,2011-01-06 21:00:00.000,0.0
4558,2011-01-06 22:00:00.000,0.0
4559,2011-01-06 23:00:00.000,0.0
4560,2011-01-07 00:00:00.000,0.0
4561,2011-01-07 01:00:00.000,0.0
4562,2011-01-07 02:00:00.000,0.0
4563,2011-01-07 03:00:00.000,0.0
4564,2011-01-07 04:00:00.000,0.0
4565,2011-01-07 05:00:00.000,0.0
4566,2011-01-07 06:00:00.000,3.495
4567,2011-01-07 07:00:00.000,11.321000000000002
4568,2011-01-07 08:00:00.000,21.993999999999996
4569,2011-01-07 09:00:00.000,30.817
4570,2011-01-07 10:00:00.000,49.16399999999999
4571,2011-01-07 11:00:00.000,59.25899999999998
4572,2011-01-07 12:00:00.000,57.78599999999999
4573,2011-01-07 13:00:00.000,50.378
4574,2011-01-07 14:00:00.000,59.582
4575,2011-01-07 15:00:00.000,50.49499999999999
4576,2011-01-07 16:00:00.000,38.227999999999994
4577,2011-01-07 17:00:00.000,24.463000000000005
4578,2011-01-07 18:00:00.000,10.887000000000002
4579,2011-01-07 19:00:00.000,1.408
4580,2011-01-07 20:00:00.000,0.0
4581,2011-01-07 21:00:00.000,0.0
4582,2011-01-07 22:00:00.000,0.0
4583,2011-01-07 23:00:00.000,0.0
4584,2011-01-08 00:00:00.000,0.0
4585,2011-01-08 01:00:00.000,0.0
4586,2011-01-08 02:00:00.000,0.0
4587,2011-01-08 03:00:00.000,0.0
4588,2011-01-08 04:00:00.000,0.0
4589,2011-01-08 05:00:00.000,0.0
4590,2011-01-08 06:00:00.000,2.632999999999999
4591,2011-01-08 07:00:00.000,13.139
4592,2011-01-08 08:00:00.000,27.033999999999995
4593,2011-01-08 09:00:00.000,39.90400000000001
4594,2011-01-08 10:00:00.000,51.092
4595,2011-01-08 11:00:00.000,60.05099999999998
4596,2011-01-08 12:00:00.000,64.474
4597,2011-01-08 13:00:00.000,64.54599999999999
4598,2011-01-08 14:00:00.000,56.15600000000001
4599,2011-01-08 15:00:00.000,46.275
4600,2011-01-08 16:00:00.000,29.985999999999997
4601,2011-01-08 17:00:00.000,22.252999999999997
4602,2011-01-08 18:00:00.000,8.313000000000002
4603,2011-01-08 19:00:00.000,1.3190000000000002
4604,2011-01-08 20:00:00.000,0.0
4605,2011-01-08 21:00:00.000,0.0
4606,2011-01-08 22:00:00.000,0.0
4607,2011-01-08 23:00:00.000,0.0
4608,2011-01-09 00:00:00.000,0.0
4609,2011-01-09 01:00:00.000,0.0
4610,2011-01-09 02:00:00.000,0.0
4611,2011-01-09 03:00:00.000,0.0
4612,2011-01-09 04:00:00.000,0.0
4613,2011-01-09 05:00:00.000,0.0
4614,2011-01-09 06:00:00.000,0.5740000000000002
4615,2011-01-09 07:00:00.000,11.857
4616,2011-01-09 08:00:00.000,26.266
4617,2011-01-09 09:00:00.000,41.858999999999995
4618,2011-01-09 10:00:00.000,53.47899999999999
4619,2011-01-09 11:00:00.000,60.92799999999997
4620,2011-01-09 12:00:00.000,64.63499999999999
4621,2011-01-09 13:00:00.000,62.88899999999999
4622,2011-01-09 14:00:00.000,57.591
4623,2011-01-09 15:00:00.000,50.209
4624,2011-01-09 16:00:00.000,36.315999999999995
4625,2011-01-09 17:00:00.000,23.101
4626,2011-01-09 18:00:00.000,9.902999999999999
4627,2011-01-09 19:00:00.000,1.0160000000000005
4628,2011-01-09 20:00:00.000,0.0
4629,2011-01-09 21:00:00.000,0.0
4630,2011-01-09 22:00:00.000,0.0
4631,2011-01-09 23:00:00.000,0.0
4632,2011-01-10 00:00:00.000,0.0
4633,2011-01-10 01:00:00.000,0.0
4634,2011-01-10 02:00:00.000,0.0
4635,2011-01-10 03:00:00.000,0.0
4636,2011-01-10 04:00:00.000,0.0
4637,2011-01-10 05:00:00.000,0.0
4638,2011-01-10 06:00:00.000,0.6340000000000002
4639,2011-01-10 07:00:00.000,7.275999999999999
4640,2011-01-10 08:00:00.000,20.132
4641,2011-01-10 09:00:00.000,34.894000000000005
4642,2011-01-10 10:00:00.000,26.069000000000003
4643,2011-01-10 11:00:00.000,32.512
4644,2011-01-10 12:00:00.000,46.907000000000004
4645,2011-01-10 13:00:00.000,58.487
4646,2011-01-10 14:00:00.000,53.059999999999995
4647,2011-01-10 15:00:00.000,38.03000000000001
4648,2011-01-10 16:00:00.000,19.637
4649,2011-01-10 17:00:00.000,17.096999999999998
4650,2011-01-10 18:00:00.000,3.811000000000001
4651,2011-01-10 19:00:00.000,0.013
4652,2011-01-10 20:00:00.000,0.0
4653,2011-01-10 21:00:00.000,0.0
4654,2011-01-10 22:00:00.000,0.0
4655,2011-01-10 23:00:00.000,0.0
4656,2011-01-11 00:00:00.000,0.0
4657,2011-01-11 01:00:00.000,0.0
4658,2011-01-11 02:00:00.000,0.0
4659,2011-01-11 03:00:00.000,0.0
4660,2011-01-11 04:00:00.000,0.0
4661,2011-01-11 05:00:00.000,0.0
4662,2011-01-11 06:00:00.000,0.21400000000000002
4663,2011-01-11 07:00:00.000,5.602
4664,2011-01-11 08:00:00.000,10.252
4665,2011-01-11 09:00:00.000,9.239
4666,2011-01-11 10:00:00.000,14.565000000000001
4667,2011-01-11 11:00:00.000,12.226999999999999
4668,2011-01-11 12:00:00.000,24.767000000000003
4669,2011-01-11 13:00:00.000,32.04900000000001
4670,2011-01-11 14:00:00.000,36.817
4671,2011-01-11 15:00:00.000,33.055
4672,2011-01-11 16:00:00.000,36.51199999999999
4673,2011-01-11 17:00:00.000,15.803
4674,2011-01-11 18:00:00.000,3.9760000000000004
4675,2011-01-11 19:00:00.000,0.21500000000000002
4676,2011-01-11 20:00:00.000,0.0
4677,2011-01-11 21:00:00.000,0.0
4678,2011-01-11 22:00:00.000,0.0
4679,2011-01-11 23:00:00.000,0.0
4680,2011-01-12 00:00:00.000,0.0
4681,2011-01-12 01:00:00.000,0.0
4682,2011-01-12 02:00:00.000,0.0
4683,2011-01-12 03:00:00.000,0.0
4684,2011-01-12 04:00:00.000,0.0
4685,2011-01-12 05:00:00.000,0.0
4686,2011-01-12 06:00:00.000,0.21400000000000002
4687,2011-01-12 07:00:00.000,4.667000000000001
4688,2011-01-12 08:00:00.000,15.430999999999997
4689,2011-01-12 09:00:00.000,36.941
4690,2011-01-12 10:00:00.000,36.315999999999995
4691,2011-01-12 11:00:00.000,36.89399999999999
4692,2011-01-12 12:00:00.000,57.11900000000001
4693,2011-01-12 13:00:00.000,50.876
4694,2011-01-12 14:00:00.000,48.870000000000005
4695,2011-01-12 15:00:00.000,43.105999999999995
4696,2011-01-12 16:00:00.000,28.400000000000002
4697,2011-01-12 17:00:00.000,14.764999999999999
4698,2011-01-12 18:00:00.000,5.854000000000001
4699,2011-01-12 19:00:00.000,0.39000000000000007
4700,2011-01-12 20:00:00.000,0.0
4701,2011-01-12 21:00:00.000,0.0
4702,2011-01-12 22:00:00.000,0.0
4703,2011-01-12 23:00:00.000,0.0
4704,2011-01-13 00:00:00.000,0.0
4705,2011-01-13 01:00:00.000,0.0
4706,2011-01-13 02:00:00.000,0.0
4707,2011-01-13 03:00:00.000,0.0
4708,2011-01-13 04:00:00.000,0.0
4709,2011-01-13 05:00:00.000,0.0
4710,2011-01-13 06:00:00.000,1.8339999999999994
4711,2011-01-13 07:00:00.000,11.518999999999998
4712,2011-01-13 08:00:00.000,26.750999999999998
4713,2011-01-13 09:00:00.000,33.885999999999996
4714,2011-01-13 10:00:00.000,44.52299999999999
4715,2011-01-13 11:00:00.000,55.646
4716,2011-01-13 12:00:00.000,62.839000000000006
4717,2011-01-13 13:00:00.000,65.408
4718,2011-01-13 14:00:00.000,60.928
4719,2011-01-13 15:00:00.000,49.704
4720,2011-01-13 16:00:00.000,37.428999999999995
4721,2011-01-13 17:00:00.000,23.184
4722,2011-01-13 18:00:00.000,11.675999999999998
4723,2011-01-13 19:00:00.000,1.910999999999999
4724,2011-01-13 20:00:00.000,0.0
4725,2011-01-13 21:00:00.000,0.0
4726,2011-01-13 22:00:00.000,0.0
4727,2011-01-13 23:00:00.000,0.0
4728,2011-01-14 00:00:00.000,0.0
4729,2011-01-14 01:00:00.000,0.0
4730,2011-01-14 02:00:00.000,0.0
4731,2011-01-14 03:00:00.000,0.0
4732,2011-01-14 04:00:00.000,0.0
4733,2011-01-14 05:00:00.000,0.0
4734,2011-01-14 06:00:00.000,1.7809999999999988
4735,2011-01-14 07:00:00.000,12.295000000000003
4736,2011-01-14 08:00:00.000,26.678000000000004
4737,2011-01-14 09:00:00.000,37.595000000000006
4738,2011-01-14 10:00:00.000,51.55600000000001
4739,2011-01-14 11:00:00.000,56.214999999999996
4740,2011-01-14 12:00:00.000,54.81100000000002
4741,2011-01-14 13:00:00.000,53.488000000000014
4742,2011-01-14 14:00:00.000,56.56399999999998
4743,2011-01-14 15:00:00.000,51.56799999999999
4744,2011-01-14 16:00:00.000,35.22
4745,2011-01-14 17:00:00.000,25.559999999999995
4746,2011-01-14 18:00:00.000,7.311
4747,2011-01-14 19:00:00.000,1.5399999999999994
4748,2011-01-14 20:00:00.000,0.0
4749,2011-01-14 21:00:00.000,0.0
4750,2011-01-14 22:00:00.000,0.0
4751,2011-01-14 23:00:00.000,0.0
4752,2011-01-15 00:00:00.000,0.0
4753,2011-01-15 01:00:00.000,0.0
4754,2011-01-15 02:00:00.000,0.0
4755,2011-01-15 03:00:00.000,0.0
4756,2011-01-15 04:00:00.000,0.0
4757,2011-01-15 05:00:00.000,0.0
4758,2011-01-15 06:00:00.000,3.0629999999999993
4759,2011-01-15 07:00:00.000,12.297999999999998
4760,2011-01-15 08:00:00.000,20.939000000000004
4761,2011-01-15 09:00:00.000,33.27100000000001
4762,2011-01-15 10:00:00.000,38.208
4763,2011-01-15 11:00:00.000,32.382
4764,2011-01-15 12:00:00.000,38.447
4765,2011-01-15 13:00:00.000,26.932999999999996
4766,2011-01-15 14:00:00.000,14.553999999999998
4767,2011-01-15 15:00:00.000,23.274000000000008
4768,2011-01-15 16:00:00.000,31.911
4769,2011-01-15 17:00:00.000,15.299000000000003
4770,2011-01-15 18:00:00.000,8.347
4771,2011-01-15 19:00:00.000,0.6610000000000004
4772,2011-01-15 20:00:00.000,0.0
4773,2011-01-15 21:00:00.000,0.0
4774,2011-01-15 22:00:00.000,0.0
4775,2011-01-15 23:00:00.000,0.0
4776,2011-01-16 00:00:00.000,0.0
4777,2011-01-16 01:00:00.000,0.0
4778,2011-01-16 02:00:00.000,0.0
4779,2011-01-16 03:00:00.000,0.0
4780,2011-01-16 04:00:00.000,0.0
4781,2011-01-16 05:00:00.000,0.0
4782,2011-01-16 06:00:00.000,0.37000000000000005
4783,2011-01-16 07:00:00.000,3.5580000000000007
4784,2011-01-16 08:00:00.000,14.769999999999998
4785,2011-01-16 09:00:00.000,28.086
4786,2011-01-16 10:00:00.000,45.50100000000001
4787,2011-01-16 11:00:00.000,55.686
4788,2011-01-16 12:00:00.000,58.206
4789,2011-01-16 13:00:00.000,55.607
4790,2011-01-16 14:00:00.000,53.525000000000006
4791,2011-01-16 15:00:00.000,47.56399999999999
4792,2011-01-16 16:00:00.000,34.713
4793,2011-01-16 17:00:00.000,23.428000000000004
4794,2011-01-16 18:00:00.000,11.710999999999999
4795,2011-01-16 19:00:00.000,1.9029999999999991
4796,2011-01-16 20:00:00.000,0.0
4797,2011-01-16 21:00:00.000,0.0
4798,2011-01-16 22:00:00.000,0.0
4799,2011-01-16 23:00:00.000,0.0
4800,2011-01-17 00:00:00.000,0.0
4801,2011-01-17 01:00:00.000,0.0
4802,2011-01-17 02:00:00.000,0.0
4803,2011-01-17 03:00:00.000,0.0
4804,2011-01-17 04:00:00.000,0.0
4805,2011-01-17 05:00:00.000,0.0
4806,2011-01-17 06:00:00.000,2.0119999999999996
4807,2011-01-17 07:00:00.000,12.178999999999998
4808,2011-01-17 08:00:00.000,25.939999999999998
4809,2011-01-17 09:00:00.000,40.104
4810,2011-01-17 10:00:00.000,51.112
4811,2011-01-17 11:00:00.000,57.645
4812,2011-01-17 12:00:00.000,61.57200000000002
4813,2011-01-17 13:00:00.000,62.38699999999999
4814,2011-01-17 14:00:00.000,59.222
4815,2011-01-17 15:00:00.000,50.60999999999999
4816,2011-01-17 16:00:00.000,31.942000000000007
4817,2011-01-17 17:00:00.000,23.878
4818,2011-01-17 18:00:00.000,8.114
4819,2011-01-17 19:00:00.000,1.7439999999999993
4820,2011-01-17 20:00:00.000,0.0
4821,2011-01-17 21:00:00.000,0.0
4822,2011-01-17 22:00:00.000,0.0
4823,2011-01-17 23:00:00.000,0.0
4824,2011-01-18 00:00:00.000,0.0
4825,2011-01-18 01:00:00.000,0.0
4826,2011-01-18 02:00:00.000,0.0
4827,2011-01-18 03:00:00.000,0.0
4828,2011-01-18 04:00:00.000,0.0
4829,2011-01-18 05:00:00.000,0.0
4830,2011-01-18 06:00:00.000,0.032
4831,2011-01-18 07:00:00.000,3.0250000000000004
4832,2011-01-18 08:00:00.000,10.302000000000003
4833,2011-01-18 09:00:00.000,19.061000000000003
4834,2011-01-18 10:00:00.000,30.989
4835,2011-01-18 11:00:00.000,25.087
4836,2011-01-18 12:00:00.000,28.498
4837,2011-01-18 13:00:00.000,43.641
4838,2011-01-18 14:00:00.000,28.298
4839,2011-01-18 15:00:00.000,25.448999999999998
4840,2011-01-18 16:00:00.000,18.410999999999998
4841,2011-01-18 17:00:00.000,16.694999999999997
4842,2011-01-18 18:00:00.000,7.054999999999999
4843,2011-01-18 19:00:00.000,0.4660000000000002
4844,2011-01-18 20:00:00.000,0.0
4845,2011-01-18 21:00:00.000,0.0
4846,2011-01-18 22:00:00.000,0.0
4847,2011-01-18 23:00:00.000,0.0
4848,2011-01-19 00:00:00.000,0.0
4849,2011-01-19 01:00:00.000,0.0
4850,2011-01-19 02:00:00.000,0.0
4851,2011-01-19 03:00:00.000,0.0
4852,2011-01-19 04:00:00.000,0.0
4853,2011-01-19 05:00:00.000,0.0
4854,2011-01-19 06:00:00.000,0.3390000000000001
4855,2011-01-19 07:00:00.000,2.661
4856,2011-01-19 08:00:00.000,7.4879999999999995
4857,2011-01-19 09:00:00.000,16.651999999999997
4858,2011-01-19 10:00:00.000,26.00399999999999
4859,2011-01-19 11:00:00.000,31.107000000000003
4860,2011-01-19 12:00:00.000,31.541999999999998
4861,2011-01-19 13:00:00.000,33.335
4862,2011-01-19 14:00:00.000,54.387999999999984
4863,2011-01-19 15:00:00.000,37.06999999999999
4864,2011-01-19 16:00:00.000,35.699999999999996
4865,2011-01-19 17:00:00.000,18.304999999999996
4866,2011-01-19 18:00:00.000,8.762999999999998
4867,2011-01-19 19:00:00.000,0.6850000000000003
4868,2011-01-19 20:00:00.000,0.0
4869,2011-01-19 21:00:00.000,0.0
4870,2011-01-19 22:00:00.000,0.0
4871,2011-01-19 23:00:00.000,0.0
4872,2011-01-20 00:00:00.000,0.0
4873,2011-01-20 01:00:00.000,0.0
4874,2011-01-20 02:00:00.000,0.0
4875,2011-01-20 03:00:00.000,0.0
4876,2011-01-20 04:00:00.000,0.0
4877,2011-01-20 05:00:00.000,0.0
4878,2011-01-20 06:00:00.000,0.396
4879,2011-01-20 07:00:00.000,4.761
4880,2011-01-20 08:00:00.000,18.128000000000004
4881,2011-01-20 09:00:00.000,33.018
4882,2011-01-20 10:00:00.000,45.013999999999996
4883,2011-01-20 11:00:00.000,57.052
4884,2011-01-20 12:00:00.000,59.32799999999999
4885,2011-01-20 13:00:00.000,62.55999999999999
4886,2011-01-20 14:00:00.000,57.632000000000005
4887,2011-01-20 15:00:00.000,43.32900000000001
4888,2011-01-20 16:00:00.000,26.18700000000001
4889,2011-01-20 17:00:00.000,23.875
4890,2011-01-20 18:00:00.000,9.986999999999998
4891,2011-01-20 19:00:00.000,1.8399999999999992
4892,2011-01-20 20:00:00.000,0.0
4893,2011-01-20 21:00:00.000,0.0
4894,2011-01-20 22:00:00.000,0.0
4895,2011-01-20 23:00:00.000,0.0
4896,2011-01-21 00:00:00.000,0.0
4897,2011-01-21 01:00:00.000,0.0
4898,2011-01-21 02:00:00.000,0.0
4899,2011-01-21 03:00:00.000,0.0
4900,2011-01-21 04:00:00.000,0.0
4901,2011-01-21 05:00:00.000,0.0
4902,2011-01-21 06:00:00.000,1.616999999999999
4903,2011-01-21 07:00:00.000,11.486999999999998
4904,2011-01-21 08:00:00.000,24.955000000000005
4905,2011-01-21 09:00:00.000,39.538
4906,2011-01-21 10:00:00.000,51.057
4907,2011-01-21 11:00:00.000,60.773999999999994
4908,2011-01-21 12:00:00.000,64.905
4909,2011-01-21 13:00:00.000,65.327
4910,2011-01-21 14:00:00.000,59.068999999999996
4911,2011-01-21 15:00:00.000,53.880999999999986
4912,2011-01-21 16:00:00.000,41.44500000000001
4913,2011-01-21 17:00:00.000,23.163999999999998
4914,2011-01-21 18:00:00.000,12.352000000000002
4915,2011-01-21 19:00:00.000,1.388
4916,2011-01-21 20:00:00.000,0.0
4917,2011-01-21 21:00:00.000,0.0
4918,2011-01-21 22:00:00.000,0.0
4919,2011-01-21 23:00:00.000,0.0
4920,2011-01-22 00:00:00.000,0.0
4921,2011-01-22 01:00:00.000,0.0
4922,2011-01-22 02:00:00.000,0.0
4923,2011-01-22 03:00:00.000,0.0
4924,2011-01-22 04:00:00.000,0.0
4925,2011-01-22 05:00:00.000,0.0
4926,2011-01-22 06:00:00.000,1.671999999999999
4927,2011-01-22 07:00:00.000,11.577999999999996
4928,2011-01-22 08:00:00.000,25.508999999999997
4929,2011-01-22 09:00:00.000,40.66799999999999
4930,2011-01-22 10:00:00.000,53.00700000000001
4931,2011-01-22 11:00:00.000,61.17099999999999
4932,2011-01-22 12:00:00.000,65.089
4933,2011-01-22 13:00:00.000,65.08899999999998
4934,2011-01-22 14:00:00.000,60.91900000000001
4935,2011-01-22 15:00:00.000,53.45100000000001
4936,2011-01-22 16:00:00.000,41.563
4937,2011-01-22 17:00:00.000,26.229000000000006
4938,2011-01-22 18:00:00.000,10.935999999999996
4939,2011-01-22 19:00:00.000,1.349
4940,2011-01-22 20:00:00.000,0.0
4941,2011-01-22 21:00:00.000,0.0
4942,2011-01-22 22:00:00.000,0.0
4943,2011-01-22 23:00:00.000,0.0
4944,2011-01-23 00:00:00.000,0.0
4945,2011-01-23 01:00:00.000,0.0
4946,2011-01-23 02:00:00.000,0.0
4947,2011-01-23 03:00:00.000,0.0
4948,2011-01-23 04:00:00.000,0.0
4949,2011-01-23 05:00:00.000,0.0
4950,2011-01-23 06:00:00.000,1.555999999999999
4951,2011-01-23 07:00:00.000,9.695000000000004
4952,2011-01-23 08:00:00.000,20.333999999999996
4953,2011-01-23 09:00:00.000,39.518
4954,2011-01-23 10:00:00.000,51.996
4955,2011-01-23 11:00:00.000,60.41
4956,2011-01-23 12:00:00.000,64.964
4957,2011-01-23 13:00:00.000,60.49600000000001
4958,2011-01-23 14:00:00.000,62.092999999999996
4959,2011-01-23 15:00:00.000,54.724
4960,2011-01-23 16:00:00.000,42.315
4961,2011-01-23 17:00:00.000,26.39
4962,2011-01-23 18:00:00.000,7.076
4963,2011-01-23 19:00:00.000,1.0870000000000002
4964,2011-01-23 20:00:00.000,0.0
4965,2011-01-23 21:00:00.000,0.0
4966,2011-01-23 22:00:00.000,0.0
4967,2011-01-23 23:00:00.000,0.0
4968,2011-01-24 00:00:00.000,0.0
4969,2011-01-24 01:00:00.000,0.0
4970,2011-01-24 02:00:00.000,0.0
4971,2011-01-24 03:00:00.000,0.0
4972,2011-01-24 04:00:00.000,0.0
4973,2011-01-24 05:00:00.000,0.0
4974,2011-01-24 06:00:00.000,1.3299999999999996
4975,2011-01-24 07:00:00.000,11.354000000000001
4976,2011-01-24 08:00:00.000,24.41
4977,2011-01-24 09:00:00.000,32.64099999999999
4978,2011-01-24 10:00:00.000,14.746000000000002
4979,2011-01-24 11:00:00.000,46.217999999999996
4980,2011-01-24 12:00:00.000,58.72999999999999
4981,2011-01-24 13:00:00.000,48.309000000000005
4982,2011-01-24 14:00:00.000,43.544999999999995
4983,2011-01-24 15:00:00.000,42.113000000000014
4984,2011-01-24 16:00:00.000,21.592999999999996
4985,2011-01-24 17:00:00.000,9.837000000000002
4986,2011-01-24 18:00:00.000,3.516000000000001
4987,2011-01-24 19:00:00.000,1.5039999999999996
4988,2011-01-24 20:00:00.000,0.0
4989,2011-01-24 21:00:00.000,0.0
4990,2011-01-24 22:00:00.000,0.0
4991,2011-01-24 23:00:00.000,0.0
4992,2011-01-25 00:00:00.000,0.0
4993,2011-01-25 01:00:00.000,0.0
4994,2011-01-25 02:00:00.000,0.0
4995,2011-01-25 03:00:00.000,0.0
4996,2011-01-25 04:00:00.000,0.0
4997,2011-01-25 05:00:00.000,0.0
4998,2011-01-25 06:00:00.000,1.5629999999999986
4999,2011-01-25 07:00:00.000,9.809
5000,2011-01-25 08:00:00.000,22.245
5001,2011-01-25 09:00:00.000,36.39
5002,2011-01-25 10:00:00.000,49.34799999999999
5003,2011-01-25 11:00:00.000,57.80499999999999
5004,2011-01-25 12:00:00.000,61.789000000000016
5005,2011-01-25 13:00:00.000,62.43100000000001
5006,2011-01-25 14:00:00.000,58.02499999999999
5007,2011-01-25 15:00:00.000,50.157000000000004
5008,2011-01-25 16:00:00.000,39.697
5009,2011-01-25 17:00:00.000,24.631999999999998
5010,2011-01-25 18:00:00.000,10.389
5011,2011-01-25 19:00:00.000,1.4659999999999997
5012,2011-01-25 20:00:00.000,0.0
5013,2011-01-25 21:00:00.000,0.0
5014,2011-01-25 22:00:00.000,0.0
5015,2011-01-25 23:00:00.000,0.0
5016,2011-01-26 00:00:00.000,0.0
5017,2011-01-26 01:00:00.000,0.0
5018,2011-01-26 02:00:00.000,0.0
5019,2011-01-26 03:00:00.000,0.0
5020,2011-01-26 04:00:00.000,0.0
5021,2011-01-26 05:00:00.000,0.0
5022,2011-01-26 06:00:00.000,0.31200000000000006
5023,2011-01-26 07:00:00.000,5.416
5024,2011-01-26 08:00:00.000,21.447000000000003
5025,2011-01-26 09:00:00.000,37.05600000000001
5026,2011-01-26 10:00:00.000,48.335
5027,2011-01-26 11:00:00.000,56.70100000000001
5028,2011-01-26 12:00:00.000,60.446000000000005
5029,2011-01-26 13:00:00.000,55.461999999999996
5030,2011-01-26 14:00:00.000,41.018
5031,2011-01-26 15:00:00.000,26.833000000000006
5032,2011-01-26 16:00:00.000,19.690000000000005
5033,2011-01-26 17:00:00.000,18.536999999999995
5034,2011-01-26 18:00:00.000,12.191
5035,2011-01-26 19:00:00.000,1.735999999999999
5036,2011-01-26 20:00:00.000,0.0
5037,2011-01-26 21:00:00.000,0.0
5038,2011-01-26 22:00:00.000,0.0
5039,2011-01-26 23:00:00.000,0.0
5040,2011-01-27 00:00:00.000,0.0
5041,2011-01-27 01:00:00.000,0.0
5042,2011-01-27 02:00:00.000,0.0
5043,2011-01-27 03:00:00.000,0.0
5044,2011-01-27 04:00:00.000,0.0
5045,2011-01-27 05:00:00.000,0.0
5046,2011-01-27 06:00:00.000,0.013
5047,2011-01-27 07:00:00.000,1.6259999999999997
5048,2011-01-27 08:00:00.000,7.569999999999998
5049,2011-01-27 09:00:00.000,13.594999999999997
5050,2011-01-27 10:00:00.000,23.118000000000002
5051,2011-01-27 11:00:00.000,30.287000000000003
5052,2011-01-27 12:00:00.000,49.80499999999999
5053,2011-01-27 13:00:00.000,61.236999999999995
5054,2011-01-27 14:00:00.000,49.09299999999999
5055,2011-01-27 15:00:00.000,47.27099999999999
5056,2011-01-27 16:00:00.000,39.288
5057,2011-01-27 17:00:00.000,23.840000000000003
5058,2011-01-27 18:00:00.000,9.539
5059,2011-01-27 19:00:00.000,1.1219999999999999
5060,2011-01-27 20:00:00.000,0.0
5061,2011-01-27 21:00:00.000,0.0
5062,2011-01-27 22:00:00.000,0.0
5063,2011-01-27 23:00:00.000,0.0
5064,2011-01-28 00:00:00.000,0.0
5065,2011-01-28 01:00:00.000,0.0
5066,2011-01-28 02:00:00.000,0.0
5067,2011-01-28 03:00:00.000,0.0
5068,2011-01-28 04:00:00.000,0.0
5069,2011-01-28 05:00:00.000,0.0
5070,2011-01-28 06:00:00.000,0.319
5071,2011-01-28 07:00:00.000,10.728
5072,2011-01-28 08:00:00.000,22.838999999999995
5073,2011-01-28 09:00:00.000,29.023999999999994
5074,2011-01-28 10:00:00.000,46.84299999999999
5075,2011-01-28 11:00:00.000,49.772999999999996
5076,2011-01-28 12:00:00.000,60.725
5077,2011-01-28 13:00:00.000,37.289
5078,2011-01-28 14:00:00.000,17.734
5079,2011-01-28 15:00:00.000,23.080999999999996
5080,2011-01-28 16:00:00.000,23.224
5081,2011-01-28 17:00:00.000,15.161000000000001
5082,2011-01-28 18:00:00.000,3.6409999999999996
5083,2011-01-28 19:00:00.000,0.23700000000000007
5084,2011-01-28 20:00:00.000,0.0
5085,2011-01-28 21:00:00.000,0.0
5086,2011-01-28 22:00:00.000,0.0
5087,2011-01-28 23:00:00.000,0.0
5088,2011-01-29 00:00:00.000,0.0
5089,2011-01-29 01:00:00.000,0.0
5090,2011-01-29 02:00:00.000,0.0
5091,2011-01-29 03:00:00.000,0.0
5092,2011-01-29 04:00:00.000,0.0
5093,2011-01-29 05:00:00.000,0.0
5094,2011-01-29 06:00:00.000,1.094
5095,2011-01-29 07:00:00.000,11.693000000000001
5096,2011-01-29 08:00:00.000,24.586
5097,2011-01-29 09:00:00.000,38.97400000000001
5098,2011-01-29 10:00:00.000,52.05799999999999
5099,2011-01-29 11:00:00.000,56.47899999999999
5100,2011-01-29 12:00:00.000,64.22599999999997
5101,2011-01-29 13:00:00.000,66.085
5102,2011-01-29 14:00:00.000,62.036999999999985
5103,2011-01-29 15:00:00.000,54.022000000000006
5104,2011-01-29 16:00:00.000,41.983
5105,2011-01-29 17:00:00.000,25.914999999999996
5106,2011-01-29 18:00:00.000,11.088000000000001
5107,2011-01-29 19:00:00.000,1.6329999999999996
5108,2011-01-29 20:00:00.000,0.0
5109,2011-01-29 21:00:00.000,0.0
5110,2011-01-29 22:00:00.000,0.0
5111,2011-01-29 23:00:00.000,0.0
5112,2011-01-30 00:00:00.000,0.0
5113,2011-01-30 01:00:00.000,0.0
5114,2011-01-30 02:00:00.000,0.0
5115,2011-01-30 03:00:00.000,0.0
5116,2011-01-30 04:00:00.000,0.0
5117,2011-01-30 05:00:00.000,0.0
5118,2011-01-30 06:00:00.000,1.042
5119,2011-01-30 07:00:00.000,10.758999999999995
5120,2011-01-30 08:00:00.000,24.883000000000003
5121,2011-01-30 09:00:00.000,40.712999999999994
5122,2011-01-30 10:00:00.000,52.78599999999999
5123,2011-01-30 11:00:00.000,60.64
5124,2011-01-30 12:00:00.000,63.96899999999998
5125,2011-01-30 13:00:00.000,64.705
5126,2011-01-30 14:00:00.000,61.890999999999984
5127,2011-01-30 15:00:00.000,54.11699999999999
5128,2011-01-30 16:00:00.000,41.99799999999999
5129,2011-01-30 17:00:00.000,25.483999999999995
5130,2011-01-30 18:00:00.000,10.790999999999999
5131,2011-01-30 19:00:00.000,1.5609999999999995
5132,2011-01-30 20:00:00.000,0.0
5133,2011-01-30 21:00:00.000,0.0
5134,2011-01-30 22:00:00.000,0.0
5135,2011-01-30 23:00:00.000,0.0
5136,2011-01-31 00:00:00.000,0.0
5137,2011-01-31 01:00:00.000,0.0
5138,2011-01-31 02:00:00.000,0.0
5139,2011-01-31 03:00:00.000,0.0
5140,2011-01-31 04:00:00.000,0.0
5141,2011-01-31 05:00:00.000,0.0
5142,2011-01-31 06:00:00.000,0.9610000000000002
5143,2011-01-31 07:00:00.000,10.216999999999999
5144,2011-01-31 08:00:00.000,23.59
5145,2011-01-31 09:00:00.000,38.550000000000004
5146,2011-01-31 10:00:00.000,50.33099999999999
5147,2011-01-31 11:00:00.000,58.41700000000001
5148,2011-01-31 12:00:00.000,61.903000000000006
5149,2011-01-31 13:00:00.000,62.25499999999998
5150,2011-01-31 14:00:00.000,58.44199999999999
5151,2011-01-31 15:00:00.000,51.69800000000001
5152,2011-01-31 16:00:00.000,40.287
5153,2011-01-31 17:00:00.000,24.410999999999998
5154,2011-01-31 18:00:00.000,10.318999999999999
5155,2011-01-31 19:00:00.000,1.4679999999999995
5156,2011-01-31 20:00:00.000,0.0
5157,2011-01-31 21:00:00.000,0.0
5158,2011-01-31 22:00:00.000,0.0
5159,2011-01-31 23:00:00.000,0.0
5160,2011-02-01 00:00:00.000,0.0
5161,2011-02-01 01:00:00.000,0.0
5162,2011-02-01 02:00:00.000,0.0
5163,2011-02-01 03:00:00.000,0.0
5164,2011-02-01 04:00:00.000,0.0
5165,2011-02-01 05:00:00.000,0.0
5166,2011-02-01 06:00:00.000,0.8030000000000003
5167,2011-02-01 07:00:00.000,9.482
5168,2011-02-01 08:00:00.000,22.762999999999995
5169,2011-02-01 09:00:00.000,37.53000000000001
5170,2011-02-01 10:00:00.000,49.336
5171,2011-02-01 11:00:00.000,57.07500000000001
5172,2011-02-01 12:00:00.000,60.035999999999994
5173,2011-02-01 13:00:00.000,59.61899999999998
5174,2011-02-01 14:00:00.000,54.979
5175,2011-02-01 15:00:00.000,47.62299999999999
5176,2011-02-01 16:00:00.000,37.39900000000001
5177,2011-02-01 17:00:00.000,22.377000000000006
5178,2011-02-01 18:00:00.000,9.299999999999999
5179,2011-02-01 19:00:00.000,1.3079999999999998
5180,2011-02-01 20:00:00.000,0.0
5181,2011-02-01 21:00:00.000,0.0
5182,2011-02-01 22:00:00.000,0.0
5183,2011-02-01 23:00:00.000,0.0
5184,2011-02-02 00:00:00.000,0.0
5185,2011-02-02 01:00:00.000,0.0
5186,2011-02-02 02:00:00.000,0.0
5187,2011-02-02 03:00:00.000,0.0
5188,2011-02-02 04:00:00.000,0.0
5189,2011-02-02 05:00:00.000,0.0
5190,2011-02-02 06:00:00.000,1.4699999999999989
5191,2011-02-02 07:00:00.000,10.371
5192,2011-02-02 08:00:00.000,21.89999999999999
5193,2011-02-02 09:00:00.000,36.349999999999994
5194,2011-02-02 10:00:00.000,48.606999999999985
5195,2011-02-02 11:00:00.000,56.755
5196,2011-02-02 12:00:00.000,60.671000000000014
5197,2011-02-02 13:00:00.000,60.367999999999995
5198,2011-02-02 14:00:00.000,56.367000000000004
5199,2011-02-02 15:00:00.000,49.260000000000005
5200,2011-02-02 16:00:00.000,37.97499999999998
5201,2011-02-02 17:00:00.000,22.887000000000004
5202,2011-02-02 18:00:00.000,7.720999999999998
5203,2011-02-02 19:00:00.000,1.3369999999999997
5204,2011-02-02 20:00:00.000,0.0
5205,2011-02-02 21:00:00.000,0.0
5206,2011-02-02 22:00:00.000,0.0
5207,2011-02-02 23:00:00.000,0.0
5208,2011-02-03 00:00:00.000,0.0
5209,2011-02-03 01:00:00.000,0.0
5210,2011-02-03 02:00:00.000,0.0
5211,2011-02-03 03:00:00.000,0.0
5212,2011-02-03 04:00:00.000,0.0
5213,2011-02-03 05:00:00.000,0.0
5214,2011-02-03 06:00:00.000,0.9940000000000004
5215,2011-02-03 07:00:00.000,4.834000000000001
5216,2011-02-03 08:00:00.000,9.524000000000001
5217,2011-02-03 09:00:00.000,17.231999999999996
5218,2011-02-03 10:00:00.000,43.66899999999998
5219,2011-02-03 11:00:00.000,36.89800000000002
5220,2011-02-03 12:00:00.000,40.376000000000005
5221,2011-02-03 13:00:00.000,57.096
5222,2011-02-03 14:00:00.000,53.31699999999998
5223,2011-02-03 15:00:00.000,46.269000000000005
5224,2011-02-03 16:00:00.000,26.135999999999992
5225,2011-02-03 17:00:00.000,15.972999999999999
5226,2011-02-03 18:00:00.000,7.714000000000003
5227,2011-02-03 19:00:00.000,0.9630000000000004
5228,2011-02-03 20:00:00.000,0.0
5229,2011-02-03 21:00:00.000,0.0
5230,2011-02-03 22:00:00.000,0.0
5231,2011-02-03 23:00:00.000,0.0
5232,2011-02-04 00:00:00.000,0.0
5233,2011-02-04 01:00:00.000,0.0
5234,2011-02-04 02:00:00.000,0.0
5235,2011-02-04 03:00:00.000,0.0
5236,2011-02-04 04:00:00.000,0.0
5237,2011-02-04 05:00:00.000,0.0
5238,2011-02-04 06:00:00.000,0.29500000000000004
5239,2011-02-04 07:00:00.000,9.279
5240,2011-02-04 08:00:00.000,23.26
5241,2011-02-04 09:00:00.000,22.645
5242,2011-02-04 10:00:00.000,35.641
5243,2011-02-04 11:00:00.000,33.22399999999999
5244,2011-02-04 12:00:00.000,52.988000000000014
5245,2011-02-04 13:00:00.000,60.36000000000001
5246,2011-02-04 14:00:00.000,57.71600000000001
5247,2011-02-04 15:00:00.000,50.428000000000004
5248,2011-02-04 16:00:00.000,39.089999999999996
5249,2011-02-04 17:00:00.000,22.745
5250,2011-02-04 18:00:00.000,9.174000000000001
5251,2011-02-04 19:00:00.000,1.179
5252,2011-02-04 20:00:00.000,0.0
5253,2011-02-04 21:00:00.000,0.0
5254,2011-02-04 22:00:00.000,0.0
5255,2011-02-04 23:00:00.000,0.0
5256,2011-02-05 00:00:00.000,0.0
5257,2011-02-05 01:00:00.000,0.0
5258,2011-02-05 02:00:00.000,0.0
5259,2011-02-05 03:00:00.000,0.0
5260,2011-02-05 04:00:00.000,0.0
5261,2011-02-05 05:00:00.000,0.0
5262,2011-02-05 06:00:00.000,0.553
5263,2011-02-05 07:00:00.000,8.416
5264,2011-02-05 08:00:00.000,21.205999999999992
5265,2011-02-05 09:00:00.000,36.05
5266,2011-02-05 10:00:00.000,48.141000000000005
5267,2011-02-05 11:00:00.000,56.11600000000002
5268,2011-02-05 12:00:00.000,59.434
5269,2011-02-05 13:00:00.000,59.218999999999994
5270,2011-02-05 14:00:00.000,55.565
5271,2011-02-05 15:00:00.000,48.18899999999999
5272,2011-02-05 16:00:00.000,36.98399999999999
5273,2011-02-05 17:00:00.000,21.89
5274,2011-02-05 18:00:00.000,9.104000000000001
5275,2011-02-05 19:00:00.000,1.1230000000000002
5276,2011-02-05 20:00:00.000,0.0
5277,2011-02-05 21:00:00.000,0.0
5278,2011-02-05 22:00:00.000,0.0
5279,2011-02-05 23:00:00.000,0.0
5280,2011-02-06 00:00:00.000,0.0
5281,2011-02-06 01:00:00.000,0.0
5282,2011-02-06 02:00:00.000,0.0
5283,2011-02-06 03:00:00.000,0.0
5284,2011-02-06 04:00:00.000,0.0
5285,2011-02-06 05:00:00.000,0.0
5286,2011-02-06 06:00:00.000,0.7830000000000003
5287,2011-02-06 07:00:00.000,8.977
5288,2011-02-06 08:00:00.000,21.013000000000005
5289,2011-02-06 09:00:00.000,36.02000000000001
5290,2011-02-06 10:00:00.000,44.844
5291,2011-02-06 11:00:00.000,53.612
5292,2011-02-06 12:00:00.000,56.20700000000001
5293,2011-02-06 13:00:00.000,37.904
5294,2011-02-06 14:00:00.000,5.242999999999999
5295,2011-02-06 15:00:00.000,3.2640000000000002
5296,2011-02-06 16:00:00.000,3.4480000000000004
5297,2011-02-06 17:00:00.000,1.8760000000000001
5298,2011-02-06 18:00:00.000,0.9990000000000003
5299,2011-02-06 19:00:00.000,0.057999999999999996
5300,2011-02-06 20:00:00.000,0.0
5301,2011-02-06 21:00:00.000,0.0
5302,2011-02-06 22:00:00.000,0.0
5303,2011-02-06 23:00:00.000,0.0
5304,2011-02-07 00:00:00.000,0.0
5305,2011-02-07 01:00:00.000,0.0
5306,2011-02-07 02:00:00.000,0.0
5307,2011-02-07 03:00:00.000,0.0
5308,2011-02-07 04:00:00.000,0.0
5309,2011-02-07 05:00:00.000,0.0
5310,2011-02-07 06:00:00.000,0.039
5311,2011-02-07 07:00:00.000,3.0510000000000006
5312,2011-02-07 08:00:00.000,8.036999999999999
5313,2011-02-07 09:00:00.000,14.627999999999997
5314,2011-02-07 10:00:00.000,16.478
5315,2011-02-07 11:00:00.000,19.876000000000005
5316,2011-02-07 12:00:00.000,28.577999999999996
5317,2011-02-07 13:00:00.000,34.152
5318,2011-02-07 14:00:00.000,19.408
5319,2011-02-07 15:00:00.000,15.603000000000003
5320,2011-02-07 16:00:00.000,11.448000000000004
5321,2011-02-07 17:00:00.000,9.403
5322,2011-02-07 18:00:00.000,3.0960000000000005
5323,2011-02-07 19:00:00.000,0.132
5324,2011-02-07 20:00:00.000,0.0
5325,2011-02-07 21:00:00.000,0.0
5326,2011-02-07 22:00:00.000,0.0
5327,2011-02-07 23:00:00.000,0.0
5328,2011-02-08 00:00:00.000,0.0
5329,2011-02-08 01:00:00.000,0.0
5330,2011-02-08 02:00:00.000,0.0
5331,2011-02-08 03:00:00.000,0.0
5332,2011-02-08 04:00:00.000,0.0
5333,2011-02-08 05:00:00.000,0.0
5334,2011-02-08 06:00:00.000,0.076
5335,2011-02-08 07:00:00.000,3.156
5336,2011-02-08 08:00:00.000,8.888
5337,2011-02-08 09:00:00.000,26.346999999999998
5338,2011-02-08 10:00:00.000,34.684
5339,2011-02-08 11:00:00.000,20.905000000000005
5340,2011-02-08 12:00:00.000,46.746
5341,2011-02-08 13:00:00.000,57.75099999999999
5342,2011-02-08 14:00:00.000,56.28699999999999
5343,2011-02-08 15:00:00.000,50.908
5344,2011-02-08 16:00:00.000,35.794000000000004
5345,2011-02-08 17:00:00.000,23.584000000000003
5346,2011-02-08 18:00:00.000,7.964
5347,2011-02-08 19:00:00.000,0.9700000000000003
5348,2011-02-08 20:00:00.000,0.0
5349,2011-02-08 21:00:00.000,0.0
5350,2011-02-08 22:00:00.000,0.0
5351,2011-02-08 23:00:00.000,0.0
5352,2011-02-09 00:00:00.000,0.0
5353,2011-02-09 01:00:00.000,0.0
5354,2011-02-09 02:00:00.000,0.0
5355,2011-02-09 03:00:00.000,0.0
5356,2011-02-09 04:00:00.000,0.0
5357,2011-02-09 05:00:00.000,0.0
5358,2011-02-09 06:00:00.000,0.5050000000000001
5359,2011-02-09 07:00:00.000,8.888000000000002
5360,2011-02-09 08:00:00.000,22.785999999999998
5361,2011-02-09 09:00:00.000,39.22
5362,2011-02-09 10:00:00.000,52.02099999999999
5363,2011-02-09 11:00:00.000,59.858
5364,2011-02-09 12:00:00.000,61.05699999999999
5365,2011-02-09 13:00:00.000,64.74899999999998
5366,2011-02-09 14:00:00.000,61.35499999999999
5367,2011-02-09 15:00:00.000,51.629999999999974
5368,2011-02-09 16:00:00.000,39.013
5369,2011-02-09 17:00:00.000,21.719999999999995
5370,2011-02-09 18:00:00.000,9.318000000000001
5371,2011-02-09 19:00:00.000,1.1250000000000002
5372,2011-02-09 20:00:00.000,0.0
5373,2011-02-09 21:00:00.000,0.0
5374,2011-02-09 22:00:00.000,0.0
5375,2011-02-09 23:00:00.000,0.0
5376,2011-02-10 00:00:00.000,0.0
5377,2011-02-10 01:00:00.000,0.0
5378,2011-02-10 02:00:00.000,0.0
5379,2011-02-10 03:00:00.000,0.0
5380,2011-02-10 04:00:00.000,0.0
5381,2011-02-10 05:00:00.000,0.0
5382,2011-02-10 06:00:00.000,0.15800000000000003
5383,2011-02-10 07:00:00.000,4.359
5384,2011-02-10 08:00:00.000,14.021999999999998
5385,2011-02-10 09:00:00.000,32.217
5386,2011-02-10 10:00:00.000,45.421
5387,2011-02-10 11:00:00.000,50.72100000000001
5388,2011-02-10 12:00:00.000,57.69699999999999
5389,2011-02-10 13:00:00.000,63.38899999999999
5390,2011-02-10 14:00:00.000,60.030000000000015
5391,2011-02-10 15:00:00.000,54.22399999999999
5392,2011-02-10 16:00:00.000,41.410000000000004
5393,2011-02-10 17:00:00.000,23.756
5394,2011-02-10 18:00:00.000,8.427
5395,2011-02-10 19:00:00.000,0.8660000000000003
5396,2011-02-10 20:00:00.000,0.0
5397,2011-02-10 21:00:00.000,0.0
5398,2011-02-10 22:00:00.000,0.0
5399,2011-02-10 23:00:00.000,0.0
5400,2011-02-11 00:00:00.000,0.0
5401,2011-02-11 01:00:00.000,0.0
5402,2011-02-11 02:00:00.000,0.0
5403,2011-02-11 03:00:00.000,0.0
5404,2011-02-11 04:00:00.000,0.0
5405,2011-02-11 05:00:00.000,0.0
5406,2011-02-11 06:00:00.000,0.54
5407,2011-02-11 07:00:00.000,9.099999999999998
5408,2011-02-11 08:00:00.000,26.725999999999996
5409,2011-02-11 09:00:00.000,38.019000000000005
5410,2011-02-11 10:00:00.000,50.407
5411,2011-02-11 11:00:00.000,57.948999999999984
5412,2011-02-11 12:00:00.000,60.14100000000002
5413,2011-02-11 13:00:00.000,53.24799999999999
5414,2011-02-11 14:00:00.000,48.58699999999999
5415,2011-02-11 15:00:00.000,49.245000000000005
5416,2011-02-11 16:00:00.000,26.520000000000007
5417,2011-02-11 17:00:00.000,13.489000000000003
5418,2011-02-11 18:00:00.000,7.279
5419,2011-02-11 19:00:00.000,1.5169999999999995
5420,2011-02-11 20:00:00.000,0.0
5421,2011-02-11 21:00:00.000,0.0
5422,2011-02-11 22:00:00.000,0.0
5423,2011-02-11 23:00:00.000,0.0
5424,2011-02-12 00:00:00.000,0.0
5425,2011-02-12 01:00:00.000,0.0
5426,2011-02-12 02:00:00.000,0.0
5427,2011-02-12 03:00:00.000,0.0
5428,2011-02-12 04:00:00.000,0.0
5429,2011-02-12 05:00:00.000,0.0
5430,2011-02-12 06:00:00.000,0.0
5431,2011-02-12 07:00:00.000,1.5979999999999999
5432,2011-02-12 08:00:00.000,7.319000000000002
5433,2011-02-12 09:00:00.000,22.993999999999996
5434,2011-02-12 10:00:00.000,39.347
5435,2011-02-12 11:00:00.000,15.421999999999995
5436,2011-02-12 12:00:00.000,9.214000000000002
5437,2011-02-12 13:00:00.000,8.325000000000001
5438,2011-02-12 14:00:00.000,11.093000000000004
5439,2011-02-12 15:00:00.000,11.474999999999998
5440,2011-02-12 16:00:00.000,5.9
5441,2011-02-12 17:00:00.000,2.6030000000000006
5442,2011-02-12 18:00:00.000,1.0330000000000001
5443,2011-02-12 19:00:00.000,0.082
5444,2011-02-12 20:00:00.000,0.0
5445,2011-02-12 21:00:00.000,0.0
5446,2011-02-12 22:00:00.000,0.0
5447,2011-02-12 23:00:00.000,0.0
5448,2011-02-13 00:00:00.000,0.0
5449,2011-02-13 01:00:00.000,0.0
5450,2011-02-13 02:00:00.000,0.0
5451,2011-02-13 03:00:00.000,0.0
5452,2011-02-13 04:00:00.000,0.0
5453,2011-02-13 05:00:00.000,0.0
5454,2011-02-13 06:00:00.000,0.0
5455,2011-02-13 07:00:00.000,1.0200000000000002
5456,2011-02-13 08:00:00.000,6.922000000000001
5457,2011-02-13 09:00:00.000,15.815
5458,2011-02-13 10:00:00.000,29.033
5459,2011-02-13 11:00:00.000,28.654999999999998
5460,2011-02-13 12:00:00.000,18.479000000000003
5461,2011-02-13 13:00:00.000,14.790999999999999
5462,2011-02-13 14:00:00.000,12.577
5463,2011-02-13 15:00:00.000,8.899000000000003
5464,2011-02-13 16:00:00.000,6.6179999999999986
5465,2011-02-13 17:00:00.000,3.246
5466,2011-02-13 18:00:00.000,0.19800000000000004
5467,2011-02-13 19:00:00.000,0.0
5468,2011-02-13 20:00:00.000,0.0
5469,2011-02-13 21:00:00.000,0.0
5470,2011-02-13 22:00:00.000,0.0
5471,2011-02-13 23:00:00.000,0.0
5472,2011-02-14 00:00:00.000,0.0
5473,2011-02-14 01:00:00.000,0.0
5474,2011-02-14 02:00:00.000,0.0
5475,2011-02-14 03:00:00.000,0.0
5476,2011-02-14 04:00:00.000,0.0
5477,2011-02-14 05:00:00.000,0.0
5478,2011-02-14 06:00:00.000,0.0
5479,2011-02-14 07:00:00.000,0.157
5480,2011-02-14 08:00:00.000,3.0740000000000003
5481,2011-02-14 09:00:00.000,5.427000000000001
5482,2011-02-14 10:00:00.000,7.096000000000001
5483,2011-02-14 11:00:00.000,9.548
5484,2011-02-14 12:00:00.000,8.955
5485,2011-02-14 13:00:00.000,12.070000000000002
5486,2011-02-14 14:00:00.000,16.903
5487,2011-02-14 15:00:00.000,15.933000000000002
5488,2011-02-14 16:00:00.000,13.498999999999999
5489,2011-02-14 17:00:00.000,9.958000000000002
5490,2011-02-14 18:00:00.000,4.075
5491,2011-02-14 19:00:00.000,0.6620000000000003
5492,2011-02-14 20:00:00.000,0.0
5493,2011-02-14 21:00:00.000,0.0
5494,2011-02-14 22:00:00.000,0.0
5495,2011-02-14 23:00:00.000,0.0
5496,2011-02-15 00:00:00.000,0.0
5497,2011-02-15 01:00:00.000,0.0
5498,2011-02-15 02:00:00.000,0.0
5499,2011-02-15 03:00:00.000,0.0
5500,2011-02-15 04:00:00.000,0.0
5501,2011-02-15 05:00:00.000,0.0
5502,2011-02-15 06:00:00.000,0.0
5503,2011-02-15 07:00:00.000,0.7620000000000003
5504,2011-02-15 08:00:00.000,3.476000000000001
5505,2011-02-15 09:00:00.000,8.941999999999997
5506,2011-02-15 10:00:00.000,12.314000000000002
5507,2011-02-15 11:00:00.000,17.576999999999998
5508,2011-02-15 12:00:00.000,28.25
5509,2011-02-15 13:00:00.000,37.401
5510,2011-02-15 14:00:00.000,49.995
5511,2011-02-15 15:00:00.000,43.423
5512,2011-02-15 16:00:00.000,33.879000000000005
5513,2011-02-15 17:00:00.000,18.375999999999998
5514,2011-02-15 18:00:00.000,5.214999999999999
5515,2011-02-15 19:00:00.000,0.4540000000000002
5516,2011-02-15 20:00:00.000,0.0
5517,2011-02-15 21:00:00.000,0.0
5518,2011-02-15 22:00:00.000,0.0
5519,2011-02-15 23:00:00.000,0.0
5520,2011-02-16 00:00:00.000,0.0
5521,2011-02-16 01:00:00.000,0.0
5522,2011-02-16 02:00:00.000,0.0
5523,2011-02-16 03:00:00.000,0.0
5524,2011-02-16 04:00:00.000,0.0
5525,2011-02-16 05:00:00.000,0.0
5526,2011-02-16 06:00:00.000,0.032
5527,2011-02-16 07:00:00.000,2.5099999999999993
5528,2011-02-16 08:00:00.000,10.261
5529,2011-02-16 09:00:00.000,16.011000000000006
5530,2011-02-16 10:00:00.000,21.819000000000006
5531,2011-02-16 11:00:00.000,20.218999999999994
5532,2011-02-16 12:00:00.000,30.093000000000004
5533,2011-02-16 13:00:00.000,21.556000000000004
5534,2011-02-16 14:00:00.000,44.036
5535,2011-02-16 15:00:00.000,49.59699999999999
5536,2011-02-16 16:00:00.000,36.692
5537,2011-02-16 17:00:00.000,18.386999999999993
5538,2011-02-16 18:00:00.000,1.8849999999999996
5539,2011-02-16 19:00:00.000,0.25000000000000006
5540,2011-02-16 20:00:00.000,0.0
5541,2011-02-16 21:00:00.000,0.0
5542,2011-02-16 22:00:00.000,0.0
5543,2011-02-16 23:00:00.000,0.0
5544,2011-02-17 00:00:00.000,0.0
5545,2011-02-17 01:00:00.000,0.0
5546,2011-02-17 02:00:00.000,0.0
5547,2011-02-17 03:00:00.000,0.0
5548,2011-02-17 04:00:00.000,0.0
5549,2011-02-17 05:00:00.000,0.0
5550,2011-02-17 06:00:00.000,0.4940000000000001
5551,2011-02-17 07:00:00.000,6.584999999999999
5552,2011-02-17 08:00:00.000,16.955000000000002
5553,2011-02-17 09:00:00.000,26.334
5554,2011-02-17 10:00:00.000,47.651999999999994
5555,2011-02-17 11:00:00.000,46.45200000000002
5556,2011-02-17 12:00:00.000,56.347
5557,2011-02-17 13:00:00.000,53.70900000000002
5558,2011-02-17 14:00:00.000,3.306000000000001
5559,2011-02-17 15:00:00.000,0.8200000000000003
5560,2011-02-17 16:00:00.000,2.4930000000000003
5561,2011-02-17 17:00:00.000,6.064000000000001
5562,2011-02-17 18:00:00.000,3.5849999999999995
5563,2011-02-17 19:00:00.000,0.081
5564,2011-02-17 20:00:00.000,0.0
5565,2011-02-17 21:00:00.000,0.0
5566,2011-02-17 22:00:00.000,0.0
5567,2011-02-17 23:00:00.000,0.0
5568,2011-02-18 00:00:00.000,0.0
5569,2011-02-18 01:00:00.000,0.0
5570,2011-02-18 02:00:00.000,0.0
5571,2011-02-18 03:00:00.000,0.0
5572,2011-02-18 04:00:00.000,0.0
5573,2011-02-18 05:00:00.000,0.0
5574,2011-02-18 06:00:00.000,0.026
5575,2011-02-18 07:00:00.000,5.580999999999998
5576,2011-02-18 08:00:00.000,14.409000000000002
5577,2011-02-18 09:00:00.000,26.724999999999998
5578,2011-02-18 10:00:00.000,40.86399999999999
5579,2011-02-18 11:00:00.000,48.684000000000005
5580,2011-02-18 12:00:00.000,52.873999999999995
5581,2011-02-18 13:00:00.000,58.76099999999998
5582,2011-02-18 14:00:00.000,49.49199999999999
5583,2011-02-18 15:00:00.000,39.393
5584,2011-02-18 16:00:00.000,18.615000000000002
5585,2011-02-18 17:00:00.000,9.690000000000003
5586,2011-02-18 18:00:00.000,4.073999999999999
5587,2011-02-18 19:00:00.000,0.48000000000000015
5588,2011-02-18 20:00:00.000,0.0
5589,2011-02-18 21:00:00.000,0.0
5590,2011-02-18 22:00:00.000,0.0
5591,2011-02-18 23:00:00.000,0.0
5592,2011-02-19 00:00:00.000,0.0
5593,2011-02-19 01:00:00.000,0.0
5594,2011-02-19 02:00:00.000,0.0
5595,2011-02-19 03:00:00.000,0.0
5596,2011-02-19 04:00:00.000,0.0
5597,2011-02-19 05:00:00.000,0.0
5598,2011-02-19 06:00:00.000,0.21900000000000003
5599,2011-02-19 07:00:00.000,7.399000000000003
5600,2011-02-19 08:00:00.000,20.352
5601,2011-02-19 09:00:00.000,27.549999999999994
5602,2011-02-19 10:00:00.000,44.28499999999999
5603,2011-02-19 11:00:00.000,56.37899999999999
5604,2011-02-19 12:00:00.000,60.21099999999999
5605,2011-02-19 13:00:00.000,59.74599999999998
5606,2011-02-19 14:00:00.000,53.341999999999985
5607,2011-02-19 15:00:00.000,44.001999999999995
5608,2011-02-19 16:00:00.000,34.43
5609,2011-02-19 17:00:00.000,17.848000000000003
5610,2011-02-19 18:00:00.000,5.401
5611,2011-02-19 19:00:00.000,0.43600000000000017
5612,2011-02-19 20:00:00.000,0.0
5613,2011-02-19 21:00:00.000,0.0
5614,2011-02-19 22:00:00.000,0.0
5615,2011-02-19 23:00:00.000,0.0
5616,2011-02-20 00:00:00.000,0.0
5617,2011-02-20 01:00:00.000,0.0
5618,2011-02-20 02:00:00.000,0.0
5619,2011-02-20 03:00:00.000,0.0
5620,2011-02-20 04:00:00.000,0.0
5621,2011-02-20 05:00:00.000,0.0
5622,2011-02-20 06:00:00.000,0.0
5623,2011-02-20 07:00:00.000,0.121
5624,2011-02-20 08:00:00.000,2.894999999999999
5625,2011-02-20 09:00:00.000,4.776
5626,2011-02-20 10:00:00.000,12.997000000000002
5627,2011-02-20 11:00:00.000,24.21099999999999
5628,2011-02-20 12:00:00.000,38.961999999999996
5629,2011-02-20 13:00:00.000,46.001
5630,2011-02-20 14:00:00.000,40.53100000000002
5631,2011-02-20 15:00:00.000,25.871
5632,2011-02-20 16:00:00.000,13.447000000000003
5633,2011-02-20 17:00:00.000,22.022
5634,2011-02-20 18:00:00.000,8.427999999999999
5635,2011-02-20 19:00:00.000,1.2650000000000006
5636,2011-02-20 20:00:00.000,0.0
5637,2011-02-20 21:00:00.000,0.0
5638,2011-02-20 22:00:00.000,0.0
5639,2011-02-20 23:00:00.000,0.0
5640,2011-02-21 00:00:00.000,0.0
5641,2011-02-21 01:00:00.000,0.0
5642,2011-02-21 02:00:00.000,0.0
5643,2011-02-21 03:00:00.000,0.0
5644,2011-02-21 04:00:00.000,0.0
5645,2011-02-21 05:00:00.000,0.0
5646,2011-02-21 06:00:00.000,0.013
5647,2011-02-21 07:00:00.000,1.0930000000000002
5648,2011-02-21 08:00:00.000,4.115
5649,2011-02-21 09:00:00.000,8.015
5650,2011-02-21 10:00:00.000,8.455
5651,2011-02-21 11:00:00.000,12.725999999999999
5652,2011-02-21 12:00:00.000,28.578999999999997
5653,2011-02-21 13:00:00.000,13.962
5654,2011-02-21 14:00:00.000,26.409000000000002
5655,2011-02-21 15:00:00.000,31.319000000000003
5656,2011-02-21 16:00:00.000,20.433000000000007
5657,2011-02-21 17:00:00.000,10.179
5658,2011-02-21 18:00:00.000,0.8600000000000003
5659,2011-02-21 19:00:00.000,0.0
5660,2011-02-21 20:00:00.000,0.0
5661,2011-02-21 21:00:00.000,0.0
5662,2011-02-21 22:00:00.000,0.0
5663,2011-02-21 23:00:00.000,0.0
5664,2011-02-22 00:00:00.000,0.0
5665,2011-02-22 01:00:00.000,0.0
5666,2011-02-22 02:00:00.000,0.0
5667,2011-02-22 03:00:00.000,0.0
5668,2011-02-22 04:00:00.000,0.0
5669,2011-02-22 05:00:00.000,0.0
5670,2011-02-22 06:00:00.000,0.0
5671,2011-02-22 07:00:00.000,3.481
5672,2011-02-22 08:00:00.000,11.804
5673,2011-02-22 09:00:00.000,34.416
5674,2011-02-22 10:00:00.000,39.23
5675,2011-02-22 11:00:00.000,52.215999999999994
5676,2011-02-22 12:00:00.000,38.46899999999999
5677,2011-02-22 13:00:00.000,42.620999999999995
5678,2011-02-22 14:00:00.000,42.41200000000001
5679,2011-02-22 15:00:00.000,32.25899999999999
5680,2011-02-22 16:00:00.000,21.887999999999998
5681,2011-02-22 17:00:00.000,6.054
5682,2011-02-22 18:00:00.000,1.3440000000000003
5683,2011-02-22 19:00:00.000,0.0
5684,2011-02-22 20:00:00.000,0.0
5685,2011-02-22 21:00:00.000,0.0
5686,2011-02-22 22:00:00.000,0.0
5687,2011-02-22 23:00:00.000,0.0
5688,2011-02-23 00:00:00.000,0.0
5689,2011-02-23 01:00:00.000,0.0
5690,2011-02-23 02:00:00.000,0.0
5691,2011-02-23 03:00:00.000,0.0
5692,2011-02-23 04:00:00.000,0.0
5693,2011-02-23 05:00:00.000,0.0
5694,2011-02-23 06:00:00.000,0.0
5695,2011-02-23 07:00:00.000,1.6709999999999994
5696,2011-02-23 08:00:00.000,13.995999999999997
5697,2011-02-23 09:00:00.000,30.520999999999997
5698,2011-02-23 10:00:00.000,36.939
5699,2011-02-23 11:00:00.000,49.849
5700,2011-02-23 12:00:00.000,59.638999999999996
5701,2011-02-23 13:00:00.000,60.09299999999999
5702,2011-02-23 14:00:00.000,50.97599999999999
5703,2011-02-23 15:00:00.000,45.68099999999999
5704,2011-02-23 16:00:00.000,37.522
5705,2011-02-23 17:00:00.000,21.10600000000001
5706,2011-02-23 18:00:00.000,7.788999999999998
5707,2011-02-23 19:00:00.000,0.4500000000000001
5708,2011-02-23 20:00:00.000,0.0
5709,2011-02-23 21:00:00.000,0.0
5710,2011-02-23 22:00:00.000,0.0
5711,2011-02-23 23:00:00.000,0.0
5712,2011-02-24 00:00:00.000,0.0
5713,2011-02-24 01:00:00.000,0.0
5714,2011-02-24 02:00:00.000,0.0
5715,2011-02-24 03:00:00.000,0.0
5716,2011-02-24 04:00:00.000,0.0
5717,2011-02-24 05:00:00.000,0.0
5718,2011-02-24 06:00:00.000,0.026
5719,2011-02-24 07:00:00.000,6.069000000000001
5720,2011-02-24 08:00:00.000,18.551999999999996
5721,2011-02-24 09:00:00.000,22.624999999999993
5722,2011-02-24 10:00:00.000,38.091
5723,2011-02-24 11:00:00.000,47.75399999999999
5724,2011-02-24 12:00:00.000,50.919
5725,2011-02-24 13:00:00.000,61.256000000000014
5726,2011-02-24 14:00:00.000,60.64800000000001
5727,2011-02-24 15:00:00.000,52.74699999999999
5728,2011-02-24 16:00:00.000,39.734
5729,2011-02-24 17:00:00.000,21.53200000000001
5730,2011-02-24 18:00:00.000,7.502999999999999
5731,2011-02-24 19:00:00.000,0.35300000000000004
5732,2011-02-24 20:00:00.000,0.0
5733,2011-02-24 21:00:00.000,0.0
5734,2011-02-24 22:00:00.000,0.0
5735,2011-02-24 23:00:00.000,0.0
5736,2011-02-25 00:00:00.000,0.0
5737,2011-02-25 01:00:00.000,0.0
5738,2011-02-25 02:00:00.000,0.0
5739,2011-02-25 03:00:00.000,0.0
5740,2011-02-25 04:00:00.000,0.0
5741,2011-02-25 05:00:00.000,0.0
5742,2011-02-25 06:00:00.000,0.056999999999999995
5743,2011-02-25 07:00:00.000,5.67
5744,2011-02-25 08:00:00.000,17.528
5745,2011-02-25 09:00:00.000,27.106999999999996
5746,2011-02-25 10:00:00.000,49.952000000000005
5747,2011-02-25 11:00:00.000,44.73400000000001
5748,2011-02-25 12:00:00.000,35.88000000000001
5749,2011-02-25 13:00:00.000,36.15500000000001
5750,2011-02-25 14:00:00.000,26.27499999999999
5751,2011-02-25 15:00:00.000,22.56
5752,2011-02-25 16:00:00.000,23.163999999999998
5753,2011-02-25 17:00:00.000,10.433000000000002
5754,2011-02-25 18:00:00.000,6.676000000000001
5755,2011-02-25 19:00:00.000,0.051000000000000004
5756,2011-02-25 20:00:00.000,0.0
5757,2011-02-25 21:00:00.000,0.0
5758,2011-02-25 22:00:00.000,0.0
5759,2011-02-25 23:00:00.000,0.0
5760,2011-02-26 00:00:00.000,0.0
5761,2011-02-26 01:00:00.000,0.0
5762,2011-02-26 02:00:00.000,0.0
5763,2011-02-26 03:00:00.000,0.0
5764,2011-02-26 04:00:00.000,0.0
5765,2011-02-26 05:00:00.000,0.0
5766,2011-02-26 06:00:00.000,0.0
5767,2011-02-26 07:00:00.000,3.806
5768,2011-02-26 08:00:00.000,20.618000000000002
5769,2011-02-26 09:00:00.000,35.085
5770,2011-02-26 10:00:00.000,48.30999999999999
5771,2011-02-26 11:00:00.000,56.636
5772,2011-02-26 12:00:00.000,61.23500000000001
5773,2011-02-26 13:00:00.000,61.980000000000004
5774,2011-02-26 14:00:00.000,57.980999999999995
5775,2011-02-26 15:00:00.000,49.660999999999994
5776,2011-02-26 16:00:00.000,37.085999999999984
5777,2011-02-26 17:00:00.000,19.165000000000003
5778,2011-02-26 18:00:00.000,6.471999999999997
5779,2011-02-26 19:00:00.000,0.20800000000000002
5780,2011-02-26 20:00:00.000,0.0
5781,2011-02-26 21:00:00.000,0.0
5782,2011-02-26 22:00:00.000,0.0
5783,2011-02-26 23:00:00.000,0.0
5784,2011-02-27 00:00:00.000,0.0
5785,2011-02-27 01:00:00.000,0.0
5786,2011-02-27 02:00:00.000,0.0
5787,2011-02-27 03:00:00.000,0.0
5788,2011-02-27 04:00:00.000,0.0
5789,2011-02-27 05:00:00.000,0.0
5790,2011-02-27 06:00:00.000,0.107
5791,2011-02-27 07:00:00.000,6.422999999999999
5792,2011-02-27 08:00:00.000,20.500000000000004
5793,2011-02-27 09:00:00.000,31.444000000000003
5794,2011-02-27 10:00:00.000,21.515000000000004
5795,2011-02-27 11:00:00.000,21.88300000000001
5796,2011-02-27 12:00:00.000,27.743999999999993
5797,2011-02-27 13:00:00.000,27.851000000000003
5798,2011-02-27 14:00:00.000,24.723
5799,2011-02-27 15:00:00.000,10.498000000000001
5800,2011-02-27 16:00:00.000,8.365000000000002
5801,2011-02-27 17:00:00.000,3.771000000000001
5802,2011-02-27 18:00:00.000,0.8720000000000004
5803,2011-02-27 19:00:00.000,0.0
5804,2011-02-27 20:00:00.000,0.0
5805,2011-02-27 21:00:00.000,0.0
5806,2011-02-27 22:00:00.000,0.0
5807,2011-02-27 23:00:00.000,0.0
5808,2011-02-28 00:00:00.000,0.0
5809,2011-02-28 01:00:00.000,0.0
5810,2011-02-28 02:00:00.000,0.0
5811,2011-02-28 03:00:00.000,0.0
5812,2011-02-28 04:00:00.000,0.0
5813,2011-02-28 05:00:00.000,0.0
5814,2011-02-28 06:00:00.000,0.044
5815,2011-02-28 07:00:00.000,4.84
5816,2011-02-28 08:00:00.000,8.927
5817,2011-02-28 09:00:00.000,26.471000000000007
5818,2011-02-28 10:00:00.000,32.852000000000004
5819,2011-02-28 11:00:00.000,40.867999999999995
5820,2011-02-28 12:00:00.000,60.266000000000005
5821,2011-02-28 13:00:00.000,62.062999999999995
5822,2011-02-28 14:00:00.000,49.786
5823,2011-02-28 15:00:00.000,14.287999999999998
5824,2011-02-28 16:00:00.000,6.2540000000000004
5825,2011-02-28 17:00:00.000,1.2819999999999998
5826,2011-02-28 18:00:00.000,4.806999999999999
5827,2011-02-28 19:00:00.000,0.0
5828,2011-02-28 20:00:00.000,0.0
5829,2011-02-28 21:00:00.000,0.0
5830,2011-02-28 22:00:00.000,0.0
5831,2011-02-28 23:00:00.000,0.0
5832,2011-03-01 00:00:00.000,0.0
5833,2011-03-01 01:00:00.000,0.0
5834,2011-03-01 02:00:00.000,0.0
5835,2011-03-01 03:00:00.000,0.0
5836,2011-03-01 04:00:00.000,0.0
5837,2011-03-01 05:00:00.000,0.0
5838,2011-03-01 06:00:00.000,0.0
5839,2011-03-01 07:00:00.000,5.219000000000001
5840,2011-03-01 08:00:00.000,18.834
5841,2011-03-01 09:00:00.000,34.66599999999999
5842,2011-03-01 10:00:00.000,47.416
5843,2011-03-01 11:00:00.000,55.934999999999995
5844,2011-03-01 12:00:00.000,49.458
5845,2011-03-01 13:00:00.000,47.04199999999999
5846,2011-03-01 14:00:00.000,51.45700000000001
5847,2011-03-01 15:00:00.000,27.145999999999997
5848,2011-03-01 16:00:00.000,16.002999999999997
5849,2011-03-01 17:00:00.000,14.903
5850,2011-03-01 18:00:00.000,3.528999999999999
5851,2011-03-01 19:00:00.000,0.026
5852,2011-03-01 20:00:00.000,0.0
5853,2011-03-01 21:00:00.000,0.0
5854,2011-03-01 22:00:00.000,0.0
5855,2011-03-01 23:00:00.000,0.0
5856,2011-03-02 00:00:00.000,0.0
5857,2011-03-02 01:00:00.000,0.0
5858,2011-03-02 02:00:00.000,0.0
5859,2011-03-02 03:00:00.000,0.0
5860,2011-03-02 04:00:00.000,0.0
5861,2011-03-02 05:00:00.000,0.0
5862,2011-03-02 06:00:00.000,0.0
5863,2011-03-02 07:00:00.000,0.4350000000000001
5864,2011-03-02 08:00:00.000,4.7860000000000005
5865,2011-03-02 09:00:00.000,7.807
5866,2011-03-02 10:00:00.000,9.406999999999998
5867,2011-03-02 11:00:00.000,8.767000000000003
5868,2011-03-02 12:00:00.000,7.331000000000001
5869,2011-03-02 13:00:00.000,16.129999999999995
5870,2011-03-02 14:00:00.000,14.744
5871,2011-03-02 15:00:00.000,10.112000000000002
5872,2011-03-02 16:00:00.000,5.692000000000001
5873,2011-03-02 17:00:00.000,3.7970000000000006
5874,2011-03-02 18:00:00.000,0.8710000000000006
5875,2011-03-02 19:00:00.000,0.0
5876,2011-03-02 20:00:00.000,0.0
5877,2011-03-02 21:00:00.000,0.0
5878,2011-03-02 22:00:00.000,0.0
5879,2011-03-02 23:00:00.000,0.0
5880,2011-03-03 00:00:00.000,0.0
5881,2011-03-03 01:00:00.000,0.0
5882,2011-03-03 02:00:00.000,0.0
5883,2011-03-03 03:00:00.000,0.0
5884,2011-03-03 04:00:00.000,0.0
5885,2011-03-03 05:00:00.000,0.0
5886,2011-03-03 06:00:00.000,0.0
5887,2011-03-03 07:00:00.000,3.0259999999999994
5888,2011-03-03 08:00:00.000,12.071999999999997
5889,2011-03-03 09:00:00.000,27.700999999999997
5890,2011-03-03 10:00:00.000,40.11199999999999
5891,2011-03-03 11:00:00.000,55.218999999999994
5892,2011-03-03 12:00:00.000,56.842000000000006
5893,2011-03-03 13:00:00.000,53.903
5894,2011-03-03 14:00:00.000,56.215
5895,2011-03-03 15:00:00.000,48.917999999999985
5896,2011-03-03 16:00:00.000,29.203000000000003
5897,2011-03-03 17:00:00.000,18.64999999999999
5898,2011-03-03 18:00:00.000,4.747999999999998
5899,2011-03-03 19:00:00.000,0.076
5900,2011-03-03 20:00:00.000,0.0
5901,2011-03-03 21:00:00.000,0.0
5902,2011-03-03 22:00:00.000,0.0
5903,2011-03-03 23:00:00.000,0.0
5904,2011-03-04 00:00:00.000,0.0
5905,2011-03-04 01:00:00.000,0.0
5906,2011-03-04 02:00:00.000,0.0
5907,2011-03-04 03:00:00.000,0.0
5908,2011-03-04 04:00:00.000,0.0
5909,2011-03-04 05:00:00.000,0.0
5910,2011-03-04 06:00:00.000,0.0
5911,2011-03-04 07:00:00.000,0.7420000000000004
5912,2011-03-04 08:00:00.000,4.5790000000000015
5913,2011-03-04 09:00:00.000,9.203000000000001
5914,2011-03-04 10:00:00.000,16.669999999999995
5915,2011-03-04 11:00:00.000,34.885999999999996
5916,2011-03-04 12:00:00.000,38.24100000000001
5917,2011-03-04 13:00:00.000,59.538000000000004
5918,2011-03-04 14:00:00.000,58.160999999999994
5919,2011-03-04 15:00:00.000,48.96900000000001
5920,2011-03-04 16:00:00.000,34.859
5921,2011-03-04 17:00:00.000,17.09
5922,2011-03-04 18:00:00.000,6.4239999999999995
5923,2011-03-04 19:00:00.000,0.158
5924,2011-03-04 20:00:00.000,0.0
5925,2011-03-04 21:00:00.000,0.0
5926,2011-03-04 22:00:00.000,0.0
5927,2011-03-04 23:00:00.000,0.0
5928,2011-03-05 00:00:00.000,0.0
5929,2011-03-05 01:00:00.000,0.0
5930,2011-03-05 02:00:00.000,0.0
5931,2011-03-05 03:00:00.000,0.0
5932,2011-03-05 04:00:00.000,0.0
5933,2011-03-05 05:00:00.000,0.0
5934,2011-03-05 06:00:00.000,0.0
5935,2011-03-05 07:00:00.000,2.7030000000000003
5936,2011-03-05 08:00:00.000,11.779999999999998
5937,2011-03-05 09:00:00.000,19.631999999999994
5938,2011-03-05 10:00:00.000,18.647000000000002
5939,2011-03-05 11:00:00.000,23.313000000000002
5940,2011-03-05 12:00:00.000,21.981999999999996
5941,2011-03-05 13:00:00.000,37.727000000000004
5942,2011-03-05 14:00:00.000,26.252000000000013
5943,2011-03-05 15:00:00.000,15.714000000000002
5944,2011-03-05 16:00:00.000,16.221000000000004
5945,2011-03-05 17:00:00.000,10.317
5946,2011-03-05 18:00:00.000,1.8409999999999997
5947,2011-03-05 19:00:00.000,0.0
5948,2011-03-05 20:00:00.000,0.0
5949,2011-03-05 21:00:00.000,0.0
5950,2011-03-05 22:00:00.000,0.0
5951,2011-03-05 23:00:00.000,0.0
5952,2011-03-06 00:00:00.000,0.0
5953,2011-03-06 01:00:00.000,0.0
5954,2011-03-06 02:00:00.000,0.0
5955,2011-03-06 03:00:00.000,0.0
5956,2011-03-06 04:00:00.000,0.0
5957,2011-03-06 05:00:00.000,0.0
5958,2011-03-06 06:00:00.000,0.0
5959,2011-03-06 07:00:00.000,1.4709999999999996
5960,2011-03-06 08:00:00.000,10.657000000000002
5961,2011-03-06 09:00:00.000,17.201000000000004
5962,2011-03-06 10:00:00.000,23.282
5963,2011-03-06 11:00:00.000,32.568
5964,2011-03-06 12:00:00.000,53.362
5965,2011-03-06 13:00:00.000,43.573000000000015
5966,2011-03-06 14:00:00.000,51.535000000000004
5967,2011-03-06 15:00:00.000,48.282000000000004
5968,2011-03-06 16:00:00.000,13.777999999999999
5969,2011-03-06 17:00:00.000,12.091999999999997
5970,2011-03-06 18:00:00.000,3.9880000000000004
5971,2011-03-06 19:00:00.000,0.013
5972,2011-03-06 20:00:00.000,0.0
5973,2011-03-06 21:00:00.000,0.0
5974,2011-03-06 22:00:00.000,0.0
5975,2011-03-06 23:00:00.000,0.0
5976,2011-03-07 00:00:00.000,0.0
5977,2011-03-07 01:00:00.000,0.0
5978,2011-03-07 02:00:00.000,0.0
5979,2011-03-07 03:00:00.000,0.0
5980,2011-03-07 04:00:00.000,0.0
5981,2011-03-07 05:00:00.000,0.0
5982,2011-03-07 06:00:00.000,0.0
5983,2011-03-07 07:00:00.000,1.4080000000000001
5984,2011-03-07 08:00:00.000,7.988999999999998
5985,2011-03-07 09:00:00.000,25.841
5986,2011-03-07 10:00:00.000,35.095
5987,2011-03-07 11:00:00.000,46.55199999999999
5988,2011-03-07 12:00:00.000,54.18300000000002
5989,2011-03-07 13:00:00.000,60.61599999999999
5990,2011-03-07 14:00:00.000,58.876999999999995
5991,2011-03-07 15:00:00.000,51.18300000000001
5992,2011-03-07 16:00:00.000,36.452000000000005
5993,2011-03-07 17:00:00.000,17.923000000000002
5994,2011-03-07 18:00:00.000,3.444
5995,2011-03-07 19:00:00.000,0.013
5996,2011-03-07 20:00:00.000,0.0
5997,2011-03-07 21:00:00.000,0.0
5998,2011-03-07 22:00:00.000,0.0
5999,2011-03-07 23:00:00.000,0.0
6000,2011-03-08 00:00:00.000,0.0
6001,2011-03-08 01:00:00.000,0.0
6002,2011-03-08 02:00:00.000,0.0
6003,2011-03-08 03:00:00.000,0.0
6004,2011-03-08 04:00:00.000,0.0
6005,2011-03-08 05:00:00.000,0.0
6006,2011-03-08 06:00:00.000,0.0
6007,2011-03-08 07:00:00.000,5.789000000000001
6008,2011-03-08 08:00:00.000,20.576000000000008
6009,2011-03-08 09:00:00.000,36.61999999999999
6010,2011-03-08 10:00:00.000,50.27100000000001
6011,2011-03-08 11:00:00.000,58.163999999999994
6012,2011-03-08 12:00:00.000,59.056
6013,2011-03-08 13:00:00.000,63.39599999999999
6014,2011-03-08 14:00:00.000,57.757000000000005
6015,2011-03-08 15:00:00.000,50.42199999999998
6016,2011-03-08 16:00:00.000,36.467
6017,2011-03-08 17:00:00.000,18.8
6018,2011-03-08 18:00:00.000,5.105
6019,2011-03-08 19:00:00.000,0.032
6020,2011-03-08 20:00:00.000,0.0
6021,2011-03-08 21:00:00.000,0.0
6022,2011-03-08 22:00:00.000,0.0
6023,2011-03-08 23:00:00.000,0.0
6024,2011-03-09 00:00:00.000,0.0
6025,2011-03-09 01:00:00.000,0.0
6026,2011-03-09 02:00:00.000,0.0
6027,2011-03-09 03:00:00.000,0.0
6028,2011-03-09 04:00:00.000,0.0
6029,2011-03-09 05:00:00.000,0.0
6030,2011-03-09 06:00:00.000,0.0
6031,2011-03-09 07:00:00.000,1.8069999999999995
6032,2011-03-09 08:00:00.000,9.379
6033,2011-03-09 09:00:00.000,27.391999999999992
6034,2011-03-09 10:00:00.000,22.949999999999996
6035,2011-03-09 11:00:00.000,26.839999999999993
6036,2011-03-09 12:00:00.000,22.75899999999999
6037,2011-03-09 13:00:00.000,15.617
6038,2011-03-09 14:00:00.000,20.200000000000006
6039,2011-03-09 15:00:00.000,24.445999999999998
6040,2011-03-09 16:00:00.000,26.250000000000004
6041,2011-03-09 17:00:00.000,6.3950000000000005
6042,2011-03-09 18:00:00.000,0.22500000000000006
6043,2011-03-09 19:00:00.000,0.0
6044,2011-03-09 20:00:00.000,0.0
6045,2011-03-09 21:00:00.000,0.0
6046,2011-03-09 22:00:00.000,0.0
6047,2011-03-09 23:00:00.000,0.0
6048,2011-03-10 00:00:00.000,0.0
6049,2011-03-10 01:00:00.000,0.0
6050,2011-03-10 02:00:00.000,0.0
6051,2011-03-10 03:00:00.000,0.0
6052,2011-03-10 04:00:00.000,0.0
6053,2011-03-10 05:00:00.000,0.0
6054,2011-03-10 06:00:00.000,0.019
6055,2011-03-10 07:00:00.000,2.2449999999999997
6056,2011-03-10 08:00:00.000,7.888999999999998
6057,2011-03-10 09:00:00.000,10.998000000000001
6058,2011-03-10 10:00:00.000,22.506000000000004
6059,2011-03-10 11:00:00.000,30.001999999999995
6060,2011-03-10 12:00:00.000,28.239999999999995
6061,2011-03-10 13:00:00.000,30.312000000000005
6062,2011-03-10 14:00:00.000,20.808999999999997
6063,2011-03-10 15:00:00.000,5.978999999999999
6064,2011-03-10 16:00:00.000,2.5569999999999995
6065,2011-03-10 17:00:00.000,0.6630000000000003
6066,2011-03-10 18:00:00.000,0.063
6067,2011-03-10 19:00:00.000,0.0
6068,2011-03-10 20:00:00.000,0.0
6069,2011-03-10 21:00:00.000,0.0
6070,2011-03-10 22:00:00.000,0.0
6071,2011-03-10 23:00:00.000,0.0
6072,2011-03-11 00:00:00.000,0.0
6073,2011-03-11 01:00:00.000,0.0
6074,2011-03-11 02:00:00.000,0.0
6075,2011-03-11 03:00:00.000,0.0
6076,2011-03-11 04:00:00.000,0.0
6077,2011-03-11 05:00:00.000,0.0
6078,2011-03-11 06:00:00.000,0.0
6079,2011-03-11 07:00:00.000,1.6179999999999992
6080,2011-03-11 08:00:00.000,16.442000000000004
6081,2011-03-11 09:00:00.000,19.377
6082,2011-03-11 10:00:00.000,24.927
6083,2011-03-11 11:00:00.000,18.274000000000004
6084,2011-03-11 12:00:00.000,22.858999999999998
6085,2011-03-11 13:00:00.000,25.763999999999992
6086,2011-03-11 14:00:00.000,20.821
6087,2011-03-11 15:00:00.000,22.463
6088,2011-03-11 16:00:00.000,16.545
6089,2011-03-11 17:00:00.000,13.252
6090,2011-03-11 18:00:00.000,3.0490000000000004
6091,2011-03-11 19:00:00.000,0.0
6092,2011-03-11 20:00:00.000,0.0
6093,2011-03-11 21:00:00.000,0.0
6094,2011-03-11 22:00:00.000,0.0
6095,2011-03-11 23:00:00.000,0.0
6096,2011-03-12 00:00:00.000,0.0
6097,2011-03-12 01:00:00.000,0.0
6098,2011-03-12 02:00:00.000,0.0
6099,2011-03-12 03:00:00.000,0.0
6100,2011-03-12 04:00:00.000,0.0
6101,2011-03-12 05:00:00.000,0.0
6102,2011-03-12 06:00:00.000,0.0
6103,2011-03-12 07:00:00.000,0.9590000000000004
6104,2011-03-12 08:00:00.000,12.388999999999996
6105,2011-03-12 09:00:00.000,29.605000000000008
6106,2011-03-12 10:00:00.000,33.86400000000001
6107,2011-03-12 11:00:00.000,42.008999999999986
6108,2011-03-12 12:00:00.000,52.458999999999996
6109,2011-03-12 13:00:00.000,55.87900000000002
6110,2011-03-12 14:00:00.000,55.36499999999998
6111,2011-03-12 15:00:00.000,48.00500000000001
6112,2011-03-12 16:00:00.000,33.38699999999999
6113,2011-03-12 17:00:00.000,16.574999999999996
6114,2011-03-12 18:00:00.000,2.8770000000000002
6115,2011-03-12 19:00:00.000,0.0
6116,2011-03-12 20:00:00.000,0.0
6117,2011-03-12 21:00:00.000,0.0
6118,2011-03-12 22:00:00.000,0.0
6119,2011-03-12 23:00:00.000,0.0
6120,2011-03-13 00:00:00.000,0.0
6121,2011-03-13 01:00:00.000,0.0
6122,2011-03-13 02:00:00.000,0.0
6123,2011-03-13 03:00:00.000,0.0
6124,2011-03-13 04:00:00.000,0.0
6125,2011-03-13 05:00:00.000,0.0
6126,2011-03-13 06:00:00.000,0.0
6127,2011-03-13 07:00:00.000,4.7410000000000005
6128,2011-03-13 08:00:00.000,18.688000000000002
6129,2011-03-13 09:00:00.000,34.477
6130,2011-03-13 10:00:00.000,46.97799999999999
6131,2011-03-13 11:00:00.000,54.601
6132,2011-03-13 12:00:00.000,58.34799999999998
6133,2011-03-13 13:00:00.000,58.675
6134,2011-03-13 14:00:00.000,56.552
6135,2011-03-13 15:00:00.000,48.495
6136,2011-03-13 16:00:00.000,33.34
6137,2011-03-13 17:00:00.000,16.588
6138,2011-03-13 18:00:00.000,3.262999999999999
6139,2011-03-13 19:00:00.000,0.0
6140,2011-03-13 20:00:00.000,0.0
6141,2011-03-13 21:00:00.000,0.0
6142,2011-03-13 22:00:00.000,0.0
6143,2011-03-13 23:00:00.000,0.0
6144,2011-03-14 00:00:00.000,0.0
6145,2011-03-14 01:00:00.000,0.0
6146,2011-03-14 02:00:00.000,0.0
6147,2011-03-14 03:00:00.000,0.0
6148,2011-03-14 04:00:00.000,0.0
6149,2011-03-14 05:00:00.000,0.0
6150,2011-03-14 06:00:00.000,0.0
6151,2011-03-14 07:00:00.000,4.167000000000001
6152,2011-03-14 08:00:00.000,17.576
6153,2011-03-14 09:00:00.000,32.851
6154,2011-03-14 10:00:00.000,44.489000000000004
6155,2011-03-14 11:00:00.000,52.01200000000001
6156,2011-03-14 12:00:00.000,57.68099999999997
6157,2011-03-14 13:00:00.000,57.198
6158,2011-03-14 14:00:00.000,34.016000000000005
6159,2011-03-14 15:00:00.000,9.609
6160,2011-03-14 16:00:00.000,1.3670000000000002
6161,2011-03-14 17:00:00.000,0.38200000000000006
6162,2011-03-14 18:00:00.000,0.0
6163,2011-03-14 19:00:00.000,0.0
6164,2011-03-14 20:00:00.000,0.0
6165,2011-03-14 21:00:00.000,0.0
6166,2011-03-14 22:00:00.000,0.0
6167,2011-03-14 23:00:00.000,0.0
6168,2011-03-15 00:00:00.000,0.0
6169,2011-03-15 01:00:00.000,0.0
6170,2011-03-15 02:00:00.000,0.0
6171,2011-03-15 03:00:00.000,0.0
6172,2011-03-15 04:00:00.000,0.0
6173,2011-03-15 05:00:00.000,0.0
6174,2011-03-15 06:00:00.000,0.0
6175,2011-03-15 07:00:00.000,1.537
6176,2011-03-15 08:00:00.000,15.626999999999997
6177,2011-03-15 09:00:00.000,27.482
6178,2011-03-15 10:00:00.000,31.869
6179,2011-03-15 11:00:00.000,48.09999999999999
6180,2011-03-15 12:00:00.000,53.897000000000006
6181,2011-03-15 13:00:00.000,57.67099999999999
6182,2011-03-15 14:00:00.000,46.130999999999986
6183,2011-03-15 15:00:00.000,27.791999999999994
6184,2011-03-15 16:00:00.000,22.546
6185,2011-03-15 17:00:00.000,11.420999999999998
6186,2011-03-15 18:00:00.000,3.3460000000000005
6187,2011-03-15 19:00:00.000,0.0
6188,2011-03-15 20:00:00.000,0.0
6189,2011-03-15 21:00:00.000,0.0
6190,2011-03-15 22:00:00.000,0.0
6191,2011-03-15 23:00:00.000,0.0
6192,2011-03-16 00:00:00.000,0.0
6193,2011-03-16 01:00:00.000,0.0
6194,2011-03-16 02:00:00.000,0.0
6195,2011-03-16 03:00:00.000,0.0
6196,2011-03-16 04:00:00.000,0.0
6197,2011-03-16 05:00:00.000,0.0
6198,2011-03-16 06:00:00.000,0.0
6199,2011-03-16 07:00:00.000,3.8780000000000006
6200,2011-03-16 08:00:00.000,17.090000000000003
6201,2011-03-16 09:00:00.000,31.589000000000002
6202,2011-03-16 10:00:00.000,42.263
6203,2011-03-16 11:00:00.000,47.18200000000001
6204,2011-03-16 12:00:00.000,56.31100000000001
6205,2011-03-16 13:00:00.000,58.80899999999999
6206,2011-03-16 14:00:00.000,54.50999999999999
6207,2011-03-16 15:00:00.000,46.23499999999999
6208,2011-03-16 16:00:00.000,27.494
6209,2011-03-16 17:00:00.000,12.351
6210,2011-03-16 18:00:00.000,1.4969999999999994
6211,2011-03-16 19:00:00.000,0.0
6212,2011-03-16 20:00:00.000,0.0
6213,2011-03-16 21:00:00.000,0.0
6214,2011-03-16 22:00:00.000,0.0
6215,2011-03-16 23:00:00.000,0.0
6216,2011-03-17 00:00:00.000,0.0
6217,2011-03-17 01:00:00.000,0.0
6218,2011-03-17 02:00:00.000,0.0
6219,2011-03-17 03:00:00.000,0.0
6220,2011-03-17 04:00:00.000,0.0
6221,2011-03-17 05:00:00.000,0.0
6222,2011-03-17 06:00:00.000,0.0
6223,2011-03-17 07:00:00.000,1.9989999999999994
6224,2011-03-17 08:00:00.000,7.012
6225,2011-03-17 09:00:00.000,7.699999999999998
6226,2011-03-17 10:00:00.000,13.29
6227,2011-03-17 11:00:00.000,9.286000000000001
6228,2011-03-17 12:00:00.000,10.199
6229,2011-03-17 13:00:00.000,11.360999999999999
6230,2011-03-17 14:00:00.000,10.495000000000001
6231,2011-03-17 15:00:00.000,9.473999999999997
6232,2011-03-17 16:00:00.000,9.249999999999998
6233,2011-03-17 17:00:00.000,8.804000000000002
6234,2011-03-17 18:00:00.000,2.128999999999999
6235,2011-03-17 19:00:00.000,0.0
6236,2011-03-17 20:00:00.000,0.0
6237,2011-03-17 21:00:00.000,0.0
6238,2011-03-17 22:00:00.000,0.0
6239,2011-03-17 23:00:00.000,0.0
6240,2011-03-18 00:00:00.000,0.0
6241,2011-03-18 01:00:00.000,0.0
6242,2011-03-18 02:00:00.000,0.0
6243,2011-03-18 03:00:00.000,0.0
6244,2011-03-18 04:00:00.000,0.0
6245,2011-03-18 05:00:00.000,0.0
6246,2011-03-18 06:00:00.000,0.0
6247,2011-03-18 07:00:00.000,0.6570000000000003
6248,2011-03-18 08:00:00.000,5.725
6249,2011-03-18 09:00:00.000,19.453
6250,2011-03-18 10:00:00.000,19.238
6251,2011-03-18 11:00:00.000,25.842999999999996
6252,2011-03-18 12:00:00.000,19.458999999999996
6253,2011-03-18 13:00:00.000,18.143
6254,2011-03-18 14:00:00.000,24.839
6255,2011-03-18 15:00:00.000,23.205000000000005
6256,2011-03-18 16:00:00.000,21.046000000000003
6257,2011-03-18 17:00:00.000,11.828999999999999
6258,2011-03-18 18:00:00.000,1.2040000000000002
6259,2011-03-18 19:00:00.000,0.0
6260,2011-03-18 20:00:00.000,0.0
6261,2011-03-18 21:00:00.000,0.0
6262,2011-03-18 22:00:00.000,0.0
6263,2011-03-18 23:00:00.000,0.0
6264,2011-03-19 00:00:00.000,0.0
6265,2011-03-19 01:00:00.000,0.0
6266,2011-03-19 02:00:00.000,0.0
6267,2011-03-19 03:00:00.000,0.0
6268,2011-03-19 04:00:00.000,0.0
6269,2011-03-19 05:00:00.000,0.0
6270,2011-03-19 06:00:00.000,0.0
6271,2011-03-19 07:00:00.000,1.8159999999999996
6272,2011-03-19 08:00:00.000,6.215
6273,2011-03-19 09:00:00.000,8.621
6274,2011-03-19 10:00:00.000,28.385
6275,2011-03-19 11:00:00.000,35.33800000000001
6276,2011-03-19 12:00:00.000,39.432
6277,2011-03-19 13:00:00.000,50.05999999999999
6278,2011-03-19 14:00:00.000,52.144999999999996
6279,2011-03-19 15:00:00.000,28.748999999999995
6280,2011-03-19 16:00:00.000,15.063
6281,2011-03-19 17:00:00.000,2.568
6282,2011-03-19 18:00:00.000,0.6340000000000002
6283,2011-03-19 19:00:00.000,0.0
6284,2011-03-19 20:00:00.000,0.0
6285,2011-03-19 21:00:00.000,0.0
6286,2011-03-19 22:00:00.000,0.0
6287,2011-03-19 23:00:00.000,0.0
6288,2011-03-20 00:00:00.000,0.0
6289,2011-03-20 01:00:00.000,0.0
6290,2011-03-20 02:00:00.000,0.0
6291,2011-03-20 03:00:00.000,0.0
6292,2011-03-20 04:00:00.000,0.0
6293,2011-03-20 05:00:00.000,0.0
6294,2011-03-20 06:00:00.000,0.0
6295,2011-03-20 07:00:00.000,0.151
6296,2011-03-20 08:00:00.000,8.885
6297,2011-03-20 09:00:00.000,26.839999999999993
6298,2011-03-20 10:00:00.000,34.903999999999996
6299,2011-03-20 11:00:00.000,36.224
6300,2011-03-20 12:00:00.000,50.47599999999999
6301,2011-03-20 13:00:00.000,54.683000000000014
6302,2011-03-20 14:00:00.000,54.72599999999999
6303,2011-03-20 15:00:00.000,46.56699999999999
6304,2011-03-20 16:00:00.000,30.927999999999997
6305,2011-03-20 17:00:00.000,14.441999999999998
6306,2011-03-20 18:00:00.000,2.686999999999999
6307,2011-03-20 19:00:00.000,0.0
6308,2011-03-20 20:00:00.000,0.0
6309,2011-03-20 21:00:00.000,0.0
6310,2011-03-20 22:00:00.000,0.0
6311,2011-03-20 23:00:00.000,0.0
6312,2011-03-21 00:00:00.000,0.0
6313,2011-03-21 01:00:00.000,0.0
6314,2011-03-21 02:00:00.000,0.0
6315,2011-03-21 03:00:00.000,0.0
6316,2011-03-21 04:00:00.000,0.0
6317,2011-03-21 05:00:00.000,0.0
6318,2011-03-21 06:00:00.000,0.0
6319,2011-03-21 07:00:00.000,0.7830000000000003
6320,2011-03-21 08:00:00.000,11.080999999999998
6321,2011-03-21 09:00:00.000,28.018
6322,2011-03-21 10:00:00.000,42.129999999999995
6323,2011-03-21 11:00:00.000,44.929999999999986
6324,2011-03-21 12:00:00.000,41.55200000000001
6325,2011-03-21 13:00:00.000,46.471
6326,2011-03-21 14:00:00.000,33.278999999999996
6327,2011-03-21 15:00:00.000,24.81999999999999
6328,2011-03-21 16:00:00.000,12.604000000000005
6329,2011-03-21 17:00:00.000,9.245000000000003
6330,2011-03-21 18:00:00.000,0.6410000000000003
6331,2011-03-21 19:00:00.000,0.0
6332,2011-03-21 20:00:00.000,0.0
6333,2011-03-21 21:00:00.000,0.0
6334,2011-03-21 22:00:00.000,0.0
6335,2011-03-21 23:00:00.000,0.0
6336,2011-03-22 00:00:00.000,0.0
6337,2011-03-22 01:00:00.000,0.0
6338,2011-03-22 02:00:00.000,0.0
6339,2011-03-22 03:00:00.000,0.0
6340,2011-03-22 04:00:00.000,0.0
6341,2011-03-22 05:00:00.000,0.0
6342,2011-03-22 06:00:00.000,0.0
6343,2011-03-22 07:00:00.000,2.543999999999999
6344,2011-03-22 08:00:00.000,15.164999999999996
6345,2011-03-22 09:00:00.000,32.477999999999994
6346,2011-03-22 10:00:00.000,46.44799999999999
6347,2011-03-22 11:00:00.000,52.229
6348,2011-03-22 12:00:00.000,56.270999999999994
6349,2011-03-22 13:00:00.000,49.068999999999996
6350,2011-03-22 14:00:00.000,38.965
6351,2011-03-22 15:00:00.000,38.517
6352,2011-03-22 16:00:00.000,26.288000000000007
6353,2011-03-22 17:00:00.000,14.845000000000004
6354,2011-03-22 18:00:00.000,2.0319999999999987
6355,2011-03-22 19:00:00.000,0.0
6356,2011-03-22 20:00:00.000,0.0
6357,2011-03-22 21:00:00.000,0.0
6358,2011-03-22 22:00:00.000,0.0
6359,2011-03-22 23:00:00.000,0.0
6360,2011-03-23 00:00:00.000,0.0
6361,2011-03-23 01:00:00.000,0.0
6362,2011-03-23 02:00:00.000,0.0
6363,2011-03-23 03:00:00.000,0.0
6364,2011-03-23 04:00:00.000,0.0
6365,2011-03-23 05:00:00.000,0.0
6366,2011-03-23 06:00:00.000,0.0
6367,2011-03-23 07:00:00.000,3.727
6368,2011-03-23 08:00:00.000,17.509
6369,2011-03-23 09:00:00.000,33.775
6370,2011-03-23 10:00:00.000,47.461999999999996
6371,2011-03-23 11:00:00.000,55.333000000000006
6372,2011-03-23 12:00:00.000,56.741
6373,2011-03-23 13:00:00.000,43.15799999999999
6374,2011-03-23 14:00:00.000,37.676
6375,2011-03-23 15:00:00.000,41.12900000000001
6376,2011-03-23 16:00:00.000,29.141
6377,2011-03-23 17:00:00.000,15.004000000000003
6378,2011-03-23 18:00:00.000,2.743999999999999
6379,2011-03-23 19:00:00.000,0.0
6380,2011-03-23 20:00:00.000,0.0
6381,2011-03-23 21:00:00.000,0.0
6382,2011-03-23 22:00:00.000,0.0
6383,2011-03-23 23:00:00.000,0.0
6384,2011-03-24 00:00:00.000,0.0
6385,2011-03-24 01:00:00.000,0.0
6386,2011-03-24 02:00:00.000,0.0
6387,2011-03-24 03:00:00.000,0.0
6388,2011-03-24 04:00:00.000,0.0
6389,2011-03-24 05:00:00.000,0.0
6390,2011-03-24 06:00:00.000,0.0
6391,2011-03-24 07:00:00.000,3.961999999999999
6392,2011-03-24 08:00:00.000,14.924999999999995
6393,2011-03-24 09:00:00.000,32.301
6394,2011-03-24 10:00:00.000,48.92999999999999
6395,2011-03-24 11:00:00.000,58.137000000000015
6396,2011-03-24 12:00:00.000,62.021
6397,2011-03-24 13:00:00.000,58.62799999999999
6398,2011-03-24 14:00:00.000,41.961999999999996
6399,2011-03-24 15:00:00.000,42.598
6400,2011-03-24 16:00:00.000,26.162
6401,2011-03-24 17:00:00.000,14.163000000000002
6402,2011-03-24 18:00:00.000,1.9779999999999993
6403,2011-03-24 19:00:00.000,0.0
6404,2011-03-24 20:00:00.000,0.0
6405,2011-03-24 21:00:00.000,0.0
6406,2011-03-24 22:00:00.000,0.0
6407,2011-03-24 23:00:00.000,0.0
6408,2011-03-25 00:00:00.000,0.0
6409,2011-03-25 01:00:00.000,0.0
6410,2011-03-25 02:00:00.000,0.0
6411,2011-03-25 03:00:00.000,0.0
6412,2011-03-25 04:00:00.000,0.0
6413,2011-03-25 05:00:00.000,0.0
6414,2011-03-25 06:00:00.000,0.0
6415,2011-03-25 07:00:00.000,3.482
6416,2011-03-25 08:00:00.000,17.669
6417,2011-03-25 09:00:00.000,34.52899999999999
6418,2011-03-25 10:00:00.000,48.283000000000015
6419,2011-03-25 11:00:00.000,52.03900000000001
6420,2011-03-25 12:00:00.000,43.28099999999999
6421,2011-03-25 13:00:00.000,49.80499999999999
6422,2011-03-25 14:00:00.000,27.317000000000004
6423,2011-03-25 15:00:00.000,9.688
6424,2011-03-25 16:00:00.000,5.970999999999999
6425,2011-03-25 17:00:00.000,8.644999999999998
6426,2011-03-25 18:00:00.000,0.8480000000000003
6427,2011-03-25 19:00:00.000,0.0
6428,2011-03-25 20:00:00.000,0.0
6429,2011-03-25 21:00:00.000,0.0
6430,2011-03-25 22:00:00.000,0.0
6431,2011-03-25 23:00:00.000,0.0
6432,2011-03-26 00:00:00.000,0.0
6433,2011-03-26 01:00:00.000,0.0
6434,2011-03-26 02:00:00.000,0.0
6435,2011-03-26 03:00:00.000,0.0
6436,2011-03-26 04:00:00.000,0.0
6437,2011-03-26 05:00:00.000,0.0
6438,2011-03-26 06:00:00.000,0.0
6439,2011-03-26 07:00:00.000,0.21100000000000005
6440,2011-03-26 08:00:00.000,4.635000000000002
6441,2011-03-26 09:00:00.000,19.336999999999993
6442,2011-03-26 10:00:00.000,34.279
6443,2011-03-26 11:00:00.000,34.455000000000005
6444,2011-03-26 12:00:00.000,46.114999999999995
6445,2011-03-26 13:00:00.000,29.423999999999996
6446,2011-03-26 14:00:00.000,38.294
6447,2011-03-26 15:00:00.000,17.306
6448,2011-03-26 16:00:00.000,9.004000000000003
6449,2011-03-26 17:00:00.000,5.209999999999999
6450,2011-03-26 18:00:00.000,2.1609999999999996
6451,2011-03-26 19:00:00.000,0.0
6452,2011-03-26 20:00:00.000,0.0
6453,2011-03-26 21:00:00.000,0.0
6454,2011-03-26 22:00:00.000,0.0
6455,2011-03-26 23:00:00.000,0.0
6456,2011-03-27 00:00:00.000,0.0
6457,2011-03-27 01:00:00.000,0.0
6458,2011-03-27 02:00:00.000,0.0
6459,2011-03-27 03:00:00.000,0.0
6460,2011-03-27 04:00:00.000,0.0
6461,2011-03-27 05:00:00.000,0.0
6462,2011-03-27 06:00:00.000,0.0
6463,2011-03-27 07:00:00.000,0.5540000000000002
6464,2011-03-27 08:00:00.000,4.8500000000000005
6465,2011-03-27 09:00:00.000,11.616999999999999
6466,2011-03-27 10:00:00.000,19.988000000000007
6467,2011-03-27 11:00:00.000,23.732
6468,2011-03-27 12:00:00.000,18.182
6469,2011-03-27 13:00:00.000,38.974999999999994
6470,2011-03-27 14:00:00.000,33.793
6471,2011-03-27 15:00:00.000,37.69899999999999
6472,2011-03-27 16:00:00.000,23.16499999999999
6473,2011-03-27 17:00:00.000,8.597
6474,2011-03-27 18:00:00.000,1.036
6475,2011-03-27 19:00:00.000,0.0
6476,2011-03-27 20:00:00.000,0.0
6477,2011-03-27 21:00:00.000,0.0
6478,2011-03-27 22:00:00.000,0.0
6479,2011-03-27 23:00:00.000,0.0
6480,2011-03-28 00:00:00.000,0.0
6481,2011-03-28 01:00:00.000,0.0
6482,2011-03-28 02:00:00.000,0.0
6483,2011-03-28 03:00:00.000,0.0
6484,2011-03-28 04:00:00.000,0.0
6485,2011-03-28 05:00:00.000,0.0
6486,2011-03-28 06:00:00.000,0.0
6487,2011-03-28 07:00:00.000,0.20600000000000004
6488,2011-03-28 08:00:00.000,9.608
6489,2011-03-28 09:00:00.000,26.161
6490,2011-03-28 10:00:00.000,33.798
6491,2011-03-28 11:00:00.000,38.09300000000001
6492,2011-03-28 12:00:00.000,59.721999999999994
6493,2011-03-28 13:00:00.000,56.55600000000001
6494,2011-03-28 14:00:00.000,42.684
6495,2011-03-28 15:00:00.000,25.48500000000001
6496,2011-03-28 16:00:00.000,10.969000000000001
6497,2011-03-28 17:00:00.000,8.831
6498,2011-03-28 18:00:00.000,0.6760000000000003
6499,2011-03-28 19:00:00.000,0.0
6500,2011-03-28 20:00:00.000,0.0
6501,2011-03-28 21:00:00.000,0.0
6502,2011-03-28 22:00:00.000,0.0
6503,2011-03-28 23:00:00.000,0.0
6504,2011-03-29 00:00:00.000,0.0
6505,2011-03-29 01:00:00.000,0.0
6506,2011-03-29 02:00:00.000,0.0
6507,2011-03-29 03:00:00.000,0.0
6508,2011-03-29 04:00:00.000,0.0
6509,2011-03-29 05:00:00.000,0.0
6510,2011-03-29 06:00:00.000,0.0
6511,2011-03-29 07:00:00.000,1.3139999999999998
6512,2011-03-29 08:00:00.000,5.847000000000001
6513,2011-03-29 09:00:00.000,12.928000000000003
6514,2011-03-29 10:00:00.000,29.637999999999998
6515,2011-03-29 11:00:00.000,50.98500000000001
6516,2011-03-29 12:00:00.000,33.084999999999994
6517,2011-03-29 13:00:00.000,26.169999999999998
6518,2011-03-29 14:00:00.000,54.374999999999986
6519,2011-03-29 15:00:00.000,46.18
6520,2011-03-29 16:00:00.000,29.802000000000007
6521,2011-03-29 17:00:00.000,13.302
6522,2011-03-29 18:00:00.000,1.6859999999999993
6523,2011-03-29 19:00:00.000,0.0
6524,2011-03-29 20:00:00.000,0.0
6525,2011-03-29 21:00:00.000,0.0
6526,2011-03-29 22:00:00.000,0.0
6527,2011-03-29 23:00:00.000,0.0
6528,2011-03-30 00:00:00.000,0.0
6529,2011-03-30 01:00:00.000,0.0
6530,2011-03-30 02:00:00.000,0.0
6531,2011-03-30 03:00:00.000,0.0
6532,2011-03-30 04:00:00.000,0.0
6533,2011-03-30 05:00:00.000,0.0
6534,2011-03-30 06:00:00.000,0.0
6535,2011-03-30 07:00:00.000,1.286
6536,2011-03-30 08:00:00.000,10.232000000000003
6537,2011-03-30 09:00:00.000,32.251
6538,2011-03-30 10:00:00.000,45.99099999999999
6539,2011-03-30 11:00:00.000,53.881
6540,2011-03-30 12:00:00.000,56.83599999999999
6541,2011-03-30 13:00:00.000,55.187
6542,2011-03-30 14:00:00.000,51.638999999999996
6543,2011-03-30 15:00:00.000,22.700000000000003
6544,2011-03-30 16:00:00.000,24.521
6545,2011-03-30 17:00:00.000,1.0170000000000003
6546,2011-03-30 18:00:00.000,0.6870000000000002
6547,2011-03-30 19:00:00.000,0.0
6548,2011-03-30 20:00:00.000,0.0
6549,2011-03-30 21:00:00.000,0.0
6550,2011-03-30 22:00:00.000,0.0
6551,2011-03-30 23:00:00.000,0.0
6552,2011-03-31 00:00:00.000,0.0
6553,2011-03-31 01:00:00.000,0.0
6554,2011-03-31 02:00:00.000,0.0
6555,2011-03-31 03:00:00.000,0.0
6556,2011-03-31 04:00:00.000,0.0
6557,2011-03-31 05:00:00.000,0.0
6558,2011-03-31 06:00:00.000,0.0
6559,2011-03-31 07:00:00.000,1.2689999999999992
6560,2011-03-31 08:00:00.000,3.444
6561,2011-03-31 09:00:00.000,6.170999999999999
6562,2011-03-31 10:00:00.000,22.235000000000007
6563,2011-03-31 11:00:00.000,25.214999999999996
6564,2011-03-31 12:00:00.000,25.689
6565,2011-03-31 13:00:00.000,25.82899999999999
6566,2011-03-31 14:00:00.000,24.46200000000001
6567,2011-03-31 15:00:00.000,25.10400000000001
6568,2011-03-31 16:00:00.000,15.705000000000002
6569,2011-03-31 17:00:00.000,9.119999999999997
6570,2011-03-31 18:00:00.000,0.33100000000000007
6571,2011-03-31 19:00:00.000,0.0
6572,2011-03-31 20:00:00.000,0.0
6573,2011-03-31 21:00:00.000,0.0
6574,2011-03-31 22:00:00.000,0.0
6575,2011-03-31 23:00:00.000,0.0
6576,2011-04-01 00:00:00.000,0.0
6577,2011-04-01 01:00:00.000,0.0
6578,2011-04-01 02:00:00.000,0.0
6579,2011-04-01 03:00:00.000,0.0
6580,2011-04-01 04:00:00.000,0.0
6581,2011-04-01 05:00:00.000,0.0
6582,2011-04-01 06:00:00.000,0.0
6583,2011-04-01 07:00:00.000,1.9939999999999984
6584,2011-04-01 08:00:00.000,13.948000000000002
6585,2011-04-01 09:00:00.000,30.559000000000005
6586,2011-04-01 10:00:00.000,40.001999999999995
6587,2011-04-01 11:00:00.000,27.73599999999999
6588,2011-04-01 12:00:00.000,21.858000000000004
6589,2011-04-01 13:00:00.000,25.20699999999999
6590,2011-04-01 14:00:00.000,39.835
6591,2011-04-01 15:00:00.000,32.922
6592,2011-04-01 16:00:00.000,25.723000000000003
6593,2011-04-01 17:00:00.000,12.480000000000002
6594,2011-04-01 18:00:00.000,1.348
6595,2011-04-01 19:00:00.000,0.0
6596,2011-04-01 20:00:00.000,0.0
6597,2011-04-01 21:00:00.000,0.0
6598,2011-04-01 22:00:00.000,0.0
6599,2011-04-01 23:00:00.000,0.0
6600,2011-04-02 00:00:00.000,0.0
6601,2011-04-02 01:00:00.000,0.0
6602,2011-04-02 02:00:00.000,0.0
6603,2011-04-02 03:00:00.000,0.0
6604,2011-04-02 04:00:00.000,0.0
6605,2011-04-02 05:00:00.000,0.0
6606,2011-04-02 06:00:00.000,0.0
6607,2011-04-02 07:00:00.000,2.1069999999999998
6608,2011-04-02 08:00:00.000,14.162999999999995
6609,2011-04-02 09:00:00.000,30.357000000000006
6610,2011-04-02 10:00:00.000,37.502
6611,2011-04-02 11:00:00.000,28.441999999999997
6612,2011-04-02 12:00:00.000,38.63100000000001
6613,2011-04-02 13:00:00.000,39.678
6614,2011-04-02 14:00:00.000,35.802000000000014
6615,2011-04-02 15:00:00.000,26.86400000000001
6616,2011-04-02 16:00:00.000,19.055999999999994
6617,2011-04-02 17:00:00.000,5.906000000000001
6618,2011-04-02 18:00:00.000,0.0
6619,2011-04-02 19:00:00.000,0.0
6620,2011-04-02 20:00:00.000,0.0
6621,2011-04-02 21:00:00.000,0.0
6622,2011-04-02 22:00:00.000,0.0
6623,2011-04-02 23:00:00.000,0.0
6624,2011-04-03 00:00:00.000,0.0
6625,2011-04-03 01:00:00.000,0.0
6626,2011-04-03 02:00:00.000,0.0
6627,2011-04-03 03:00:00.000,0.0
6628,2011-04-03 04:00:00.000,0.0
6629,2011-04-03 05:00:00.000,0.0
6630,2011-04-03 06:00:00.000,1.669
6631,2011-04-03 07:00:00.000,14.105
6632,2011-04-03 08:00:00.000,31.418999999999997
6633,2011-04-03 09:00:00.000,43.241
6634,2011-04-03 10:00:00.000,38.244
6635,2011-04-03 11:00:00.000,50.92199999999999
6636,2011-04-03 12:00:00.000,52.75999999999999
6637,2011-04-03 13:00:00.000,53.43199999999999
6638,2011-04-03 14:00:00.000,44.155
6639,2011-04-03 15:00:00.000,27.932999999999993
6640,2011-04-03 16:00:00.000,11.967000000000004
6641,2011-04-03 17:00:00.000,1.168
6642,2011-04-03 18:00:00.000,0.0
6643,2011-04-03 19:00:00.000,0.0
6644,2011-04-03 20:00:00.000,0.0
6645,2011-04-03 21:00:00.000,0.0
6646,2011-04-03 22:00:00.000,0.0
6647,2011-04-03 23:00:00.000,0.0
6648,2011-04-04 00:00:00.000,0.0
6649,2011-04-04 01:00:00.000,0.0
6650,2011-04-04 02:00:00.000,0.0
6651,2011-04-04 03:00:00.000,0.0
6652,2011-04-04 04:00:00.000,0.0
6653,2011-04-04 05:00:00.000,0.0
6654,2011-04-04 06:00:00.000,1.939999999999999
6655,2011-04-04 07:00:00.000,11.031999999999998
6656,2011-04-04 08:00:00.000,9.580999999999998
6657,2011-04-04 09:00:00.000,17.198
6658,2011-04-04 10:00:00.000,35.49100000000001
6659,2011-04-04 11:00:00.000,38.44500000000002
6660,2011-04-04 12:00:00.000,35.779
6661,2011-04-04 13:00:00.000,43.666
6662,2011-04-04 14:00:00.000,42.17
6663,2011-04-04 15:00:00.000,27.865
6664,2011-04-04 16:00:00.000,11.862999999999996
6665,2011-04-04 17:00:00.000,1.198
6666,2011-04-04 18:00:00.000,0.0
6667,2011-04-04 19:00:00.000,0.0
6668,2011-04-04 20:00:00.000,0.0
6669,2011-04-04 21:00:00.000,0.0
6670,2011-04-04 22:00:00.000,0.0
6671,2011-04-04 23:00:00.000,0.0
6672,2011-04-05 00:00:00.000,0.0
6673,2011-04-05 01:00:00.000,0.0
6674,2011-04-05 02:00:00.000,0.0
6675,2011-04-05 03:00:00.000,0.0
6676,2011-04-05 04:00:00.000,0.0
6677,2011-04-05 05:00:00.000,0.0
6678,2011-04-05 06:00:00.000,0.6620000000000004
6679,2011-04-05 07:00:00.000,3.7399999999999998
6680,2011-04-05 08:00:00.000,14.393000000000002
6681,2011-04-05 09:00:00.000,16.329000000000004
6682,2011-04-05 10:00:00.000,30.610999999999997
6683,2011-04-05 11:00:00.000,36.776
6684,2011-04-05 12:00:00.000,32.183
6685,2011-04-05 13:00:00.000,21.037
6686,2011-04-05 14:00:00.000,20.588999999999995
6687,2011-04-05 15:00:00.000,17.699
6688,2011-04-05 16:00:00.000,6.125000000000001
6689,2011-04-05 17:00:00.000,0.14500000000000002
6690,2011-04-05 18:00:00.000,0.0
6691,2011-04-05 19:00:00.000,0.0
6692,2011-04-05 20:00:00.000,0.0
6693,2011-04-05 21:00:00.000,0.0
6694,2011-04-05 22:00:00.000,0.0
6695,2011-04-05 23:00:00.000,0.0
6696,2011-04-06 00:00:00.000,0.0
6697,2011-04-06 01:00:00.000,0.0
6698,2011-04-06 02:00:00.000,0.0
6699,2011-04-06 03:00:00.000,0.0
6700,2011-04-06 04:00:00.000,0.0
6701,2011-04-06 05:00:00.000,0.0
6702,2011-04-06 06:00:00.000,0.268
6703,2011-04-06 07:00:00.000,5.099
6704,2011-04-06 08:00:00.000,13.702000000000002
6705,2011-04-06 09:00:00.000,19.81
6706,2011-04-06 10:00:00.000,32.82900000000001
6707,2011-04-06 11:00:00.000,43.37299999999999
6708,2011-04-06 12:00:00.000,36.92799999999999
6709,2011-04-06 13:00:00.000,37.546
6710,2011-04-06 14:00:00.000,33.468999999999994
6711,2011-04-06 15:00:00.000,19.383000000000003
6712,2011-04-06 16:00:00.000,12.359000000000002
6713,2011-04-06 17:00:00.000,0.7880000000000003
6714,2011-04-06 18:00:00.000,0.0
6715,2011-04-06 19:00:00.000,0.0
6716,2011-04-06 20:00:00.000,0.0
6717,2011-04-06 21:00:00.000,0.0
6718,2011-04-06 22:00:00.000,0.0
6719,2011-04-06 23:00:00.000,0.0
6720,2011-04-07 00:00:00.000,0.0
6721,2011-04-07 01:00:00.000,0.0
6722,2011-04-07 02:00:00.000,0.0
6723,2011-04-07 03:00:00.000,0.0
6724,2011-04-07 04:00:00.000,0.0
6725,2011-04-07 05:00:00.000,0.0
6726,2011-04-07 06:00:00.000,0.133
6727,2011-04-07 07:00:00.000,2.3769999999999993
6728,2011-04-07 08:00:00.000,12.575000000000001
6729,2011-04-07 09:00:00.000,15.573
6730,2011-04-07 10:00:00.000,17.975000000000005
6731,2011-04-07 11:00:00.000,27.960999999999995
6732,2011-04-07 12:00:00.000,28.064000000000007
6733,2011-04-07 13:00:00.000,16.870999999999995
6734,2011-04-07 14:00:00.000,9.078
6735,2011-04-07 15:00:00.000,5.483
6736,2011-04-07 16:00:00.000,3.4039999999999995
6737,2011-04-07 17:00:00.000,0.9160000000000004
6738,2011-04-07 18:00:00.000,0.0
6739,2011-04-07 19:00:00.000,0.0
6740,2011-04-07 20:00:00.000,0.0
6741,2011-04-07 21:00:00.000,0.0
6742,2011-04-07 22:00:00.000,0.0
6743,2011-04-07 23:00:00.000,0.0
6744,2011-04-08 00:00:00.000,0.0
6745,2011-04-08 01:00:00.000,0.0
6746,2011-04-08 02:00:00.000,0.0
6747,2011-04-08 03:00:00.000,0.0
6748,2011-04-08 04:00:00.000,0.0
6749,2011-04-08 05:00:00.000,0.0
6750,2011-04-08 06:00:00.000,0.182
6751,2011-04-08 07:00:00.000,4.317000000000001
6752,2011-04-08 08:00:00.000,7.237000000000001
6753,2011-04-08 09:00:00.000,13.432000000000004
6754,2011-04-08 10:00:00.000,19.258000000000003
6755,2011-04-08 11:00:00.000,21.916999999999994
6756,2011-04-08 12:00:00.000,43.525000000000006
6757,2011-04-08 13:00:00.000,31.103999999999996
6758,2011-04-08 14:00:00.000,13.547000000000002
6759,2011-04-08 15:00:00.000,13.194999999999997
6760,2011-04-08 16:00:00.000,5.833999999999999
6761,2011-04-08 17:00:00.000,0.511
6762,2011-04-08 18:00:00.000,0.0
6763,2011-04-08 19:00:00.000,0.0
6764,2011-04-08 20:00:00.000,0.0
6765,2011-04-08 21:00:00.000,0.0
6766,2011-04-08 22:00:00.000,0.0
6767,2011-04-08 23:00:00.000,0.0
6768,2011-04-09 00:00:00.000,0.0
6769,2011-04-09 01:00:00.000,0.0
6770,2011-04-09 02:00:00.000,0.0
6771,2011-04-09 03:00:00.000,0.0
6772,2011-04-09 04:00:00.000,0.0
6773,2011-04-09 05:00:00.000,0.0
6774,2011-04-09 06:00:00.000,1.092
6775,2011-04-09 07:00:00.000,12.59
6776,2011-04-09 08:00:00.000,30.676000000000005
6777,2011-04-09 09:00:00.000,46.028999999999996
6778,2011-04-09 10:00:00.000,54.793000000000006
6779,2011-04-09 11:00:00.000,58.027000000000015
6780,2011-04-09 12:00:00.000,56.42599999999999
6781,2011-04-09 13:00:00.000,51.85399999999999
6782,2011-04-09 14:00:00.000,42.78399999999999
6783,2011-04-09 15:00:00.000,26.49899999999999
6784,2011-04-09 16:00:00.000,10.745000000000001
6785,2011-04-09 17:00:00.000,0.5770000000000001
6786,2011-04-09 18:00:00.000,0.0
6787,2011-04-09 19:00:00.000,0.0
6788,2011-04-09 20:00:00.000,0.0
6789,2011-04-09 21:00:00.000,0.0
6790,2011-04-09 22:00:00.000,0.0
6791,2011-04-09 23:00:00.000,0.0
6792,2011-04-10 00:00:00.000,0.0
6793,2011-04-10 01:00:00.000,0.0
6794,2011-04-10 02:00:00.000,0.0
6795,2011-04-10 03:00:00.000,0.0
6796,2011-04-10 04:00:00.000,0.0
6797,2011-04-10 05:00:00.000,0.0
6798,2011-04-10 06:00:00.000,1.7609999999999995
6799,2011-04-10 07:00:00.000,14.935
6800,2011-04-10 08:00:00.000,31.232999999999993
6801,2011-04-10 09:00:00.000,45.955000000000005
6802,2011-04-10 10:00:00.000,54.908
6803,2011-04-10 11:00:00.000,57.70300000000001
6804,2011-04-10 12:00:00.000,47.32
6805,2011-04-10 13:00:00.000,34.386
6806,2011-04-10 14:00:00.000,37.760000000000005
6807,2011-04-10 15:00:00.000,5.131
6808,2011-04-10 16:00:00.000,1.2350000000000005
6809,2011-04-10 17:00:00.000,0.0
6810,2011-04-10 18:00:00.000,0.0
6811,2011-04-10 19:00:00.000,0.0
6812,2011-04-10 20:00:00.000,0.0
6813,2011-04-10 21:00:00.000,0.0
6814,2011-04-10 22:00:00.000,0.0
6815,2011-04-10 23:00:00.000,0.0
6816,2011-04-11 00:00:00.000,0.0
6817,2011-04-11 01:00:00.000,0.0
6818,2011-04-11 02:00:00.000,0.0
6819,2011-04-11 03:00:00.000,0.0
6820,2011-04-11 04:00:00.000,0.0
6821,2011-04-11 05:00:00.000,0.0
6822,2011-04-11 06:00:00.000,0.151
6823,2011-04-11 07:00:00.000,4.042000000000001
6824,2011-04-11 08:00:00.000,11.753999999999998
6825,2011-04-11 09:00:00.000,23.146
6826,2011-04-11 10:00:00.000,55.07399999999999
6827,2011-04-11 11:00:00.000,57.44600000000001
6828,2011-04-11 12:00:00.000,50.91599999999999
6829,2011-04-11 13:00:00.000,53.46700000000001
6830,2011-04-11 14:00:00.000,43.777000000000015
6831,2011-04-11 15:00:00.000,26.875
6832,2011-04-11 16:00:00.000,9.469999999999999
6833,2011-04-11 17:00:00.000,0.139
6834,2011-04-11 18:00:00.000,0.0
6835,2011-04-11 19:00:00.000,0.0
6836,2011-04-11 20:00:00.000,0.0
6837,2011-04-11 21:00:00.000,0.0
6838,2011-04-11 22:00:00.000,0.0
6839,2011-04-11 23:00:00.000,0.0
6840,2011-04-12 00:00:00.000,0.0
6841,2011-04-12 01:00:00.000,0.0
6842,2011-04-12 02:00:00.000,0.0
6843,2011-04-12 03:00:00.000,0.0
6844,2011-04-12 04:00:00.000,0.0
6845,2011-04-12 05:00:00.000,0.0
6846,2011-04-12 06:00:00.000,2.0069999999999997
6847,2011-04-12 07:00:00.000,15.216
6848,2011-04-12 08:00:00.000,31.558999999999997
6849,2011-04-12 09:00:00.000,46.48699999999999
6850,2011-04-12 10:00:00.000,56.232000000000006
6851,2011-04-12 11:00:00.000,60.088999999999984
6852,2011-04-12 12:00:00.000,50.119000000000014
6853,2011-04-12 13:00:00.000,45.376999999999995
6854,2011-04-12 14:00:00.000,40.623
6855,2011-04-12 15:00:00.000,25.628999999999998
6856,2011-04-12 16:00:00.000,8.940000000000001
6857,2011-04-12 17:00:00.000,0.21800000000000003
6858,2011-04-12 18:00:00.000,0.0
6859,2011-04-12 19:00:00.000,0.0
6860,2011-04-12 20:00:00.000,0.0
6861,2011-04-12 21:00:00.000,0.0
6862,2011-04-12 22:00:00.000,0.0
6863,2011-04-12 23:00:00.000,0.0
6864,2011-04-13 00:00:00.000,0.0
6865,2011-04-13 01:00:00.000,0.0
6866,2011-04-13 02:00:00.000,0.0
6867,2011-04-13 03:00:00.000,0.0
6868,2011-04-13 04:00:00.000,0.0
6869,2011-04-13 05:00:00.000,0.0
6870,2011-04-13 06:00:00.000,1.8969999999999994
6871,2011-04-13 07:00:00.000,15.142999999999997
6872,2011-04-13 08:00:00.000,31.130999999999997
6873,2011-04-13 09:00:00.000,46.27399999999999
6874,2011-04-13 10:00:00.000,56.77300000000002
6875,2011-04-13 11:00:00.000,60.472
6876,2011-04-13 12:00:00.000,58.55
6877,2011-04-13 13:00:00.000,53.411
6878,2011-04-13 14:00:00.000,36.36100000000001
6879,2011-04-13 15:00:00.000,23.792000000000005
6880,2011-04-13 16:00:00.000,8.453999999999997
6881,2011-04-13 17:00:00.000,0.08199999999999999
6882,2011-04-13 18:00:00.000,0.0
6883,2011-04-13 19:00:00.000,0.0
6884,2011-04-13 20:00:00.000,0.0
6885,2011-04-13 21:00:00.000,0.0
6886,2011-04-13 22:00:00.000,0.0
6887,2011-04-13 23:00:00.000,0.0
6888,2011-04-14 00:00:00.000,0.0
6889,2011-04-14 01:00:00.000,0.0
6890,2011-04-14 02:00:00.000,0.0
6891,2011-04-14 03:00:00.000,0.0
6892,2011-04-14 04:00:00.000,0.0
6893,2011-04-14 05:00:00.000,0.0
6894,2011-04-14 06:00:00.000,1.7599999999999998
6895,2011-04-14 07:00:00.000,14.316999999999997
6896,2011-04-14 08:00:00.000,30.495000000000005
6897,2011-04-14 09:00:00.000,45.108000000000004
6898,2011-04-14 10:00:00.000,54.196999999999996
6899,2011-04-14 11:00:00.000,57.045
6900,2011-04-14 12:00:00.000,55.18099999999998
6901,2011-04-14 13:00:00.000,50.48799999999999
6902,2011-04-14 14:00:00.000,37.72800000000001
6903,2011-04-14 15:00:00.000,22.878000000000004
6904,2011-04-14 16:00:00.000,7.288
6905,2011-04-14 17:00:00.000,0.5080000000000001
6906,2011-04-14 18:00:00.000,0.0
6907,2011-04-14 19:00:00.000,0.0
6908,2011-04-14 20:00:00.000,0.0
6909,2011-04-14 21:00:00.000,0.0
6910,2011-04-14 22:00:00.000,0.0
6911,2011-04-14 23:00:00.000,0.0
6912,2011-04-15 00:00:00.000,0.0
6913,2011-04-15 01:00:00.000,0.0
6914,2011-04-15 02:00:00.000,0.0
6915,2011-04-15 03:00:00.000,0.0
6916,2011-04-15 04:00:00.000,0.0
6917,2011-04-15 05:00:00.000,0.0
6918,2011-04-15 06:00:00.000,1.9759999999999989
6919,2011-04-15 07:00:00.000,12.461999999999998
6920,2011-04-15 08:00:00.000,26.048000000000005
6921,2011-04-15 09:00:00.000,42.876000000000005
6922,2011-04-15 10:00:00.000,52.392
6923,2011-04-15 11:00:00.000,56.44999999999999
6924,2011-04-15 12:00:00.000,55.419999999999995
6925,2011-04-15 13:00:00.000,50.173
6926,2011-04-15 14:00:00.000,32.45099999999999
6927,2011-04-15 15:00:00.000,15.920000000000002
6928,2011-04-15 16:00:00.000,4.26
6929,2011-04-15 17:00:00.000,0.013
6930,2011-04-15 18:00:00.000,0.0
6931,2011-04-15 19:00:00.000,0.0
6932,2011-04-15 20:00:00.000,0.0
6933,2011-04-15 21:00:00.000,0.0
6934,2011-04-15 22:00:00.000,0.0
6935,2011-04-15 23:00:00.000,0.0
6936,2011-04-16 00:00:00.000,0.0
6937,2011-04-16 01:00:00.000,0.0
6938,2011-04-16 02:00:00.000,0.0
6939,2011-04-16 03:00:00.000,0.0
6940,2011-04-16 04:00:00.000,0.0
6941,2011-04-16 05:00:00.000,0.0
6942,2011-04-16 06:00:00.000,0.0
6943,2011-04-16 07:00:00.000,0.278
6944,2011-04-16 08:00:00.000,0.7910000000000004
6945,2011-04-16 09:00:00.000,1.2070000000000003
6946,2011-04-16 10:00:00.000,4.071000000000001
6947,2011-04-16 11:00:00.000,6.882000000000002
6948,2011-04-16 12:00:00.000,9.691
6949,2011-04-16 13:00:00.000,3.0949999999999998
6950,2011-04-16 14:00:00.000,2.06
6951,2011-04-16 15:00:00.000,2.460000000000001
6952,2011-04-16 16:00:00.000,0.4960000000000002
6953,2011-04-16 17:00:00.000,0.0
6954,2011-04-16 18:00:00.000,0.0
6955,2011-04-16 19:00:00.000,0.0
6956,2011-04-16 20:00:00.000,0.0
6957,2011-04-16 21:00:00.000,0.0
6958,2011-04-16 22:00:00.000,0.0
6959,2011-04-16 23:00:00.000,0.0
6960,2011-04-17 00:00:00.000,0.0
6961,2011-04-17 01:00:00.000,0.0
6962,2011-04-17 02:00:00.000,0.0
6963,2011-04-17 03:00:00.000,0.0
6964,2011-04-17 04:00:00.000,0.0
6965,2011-04-17 05:00:00.000,0.0
6966,2011-04-17 06:00:00.000,1.532
6967,2011-04-17 07:00:00.000,12.320999999999996
6968,2011-04-17 08:00:00.000,8.705000000000002
6969,2011-04-17 09:00:00.000,25.751000000000005
6970,2011-04-17 10:00:00.000,49.76599999999999
6971,2011-04-17 11:00:00.000,46.791000000000004
6972,2011-04-17 12:00:00.000,50.961999999999996
6973,2011-04-17 13:00:00.000,32.665
6974,2011-04-17 14:00:00.000,29.713000000000005
6975,2011-04-17 15:00:00.000,17.152
6976,2011-04-17 16:00:00.000,3.1810000000000005
6977,2011-04-17 17:00:00.000,0.013
6978,2011-04-17 18:00:00.000,0.0
6979,2011-04-17 19:00:00.000,0.0
6980,2011-04-17 20:00:00.000,0.0
6981,2011-04-17 21:00:00.000,0.0
6982,2011-04-17 22:00:00.000,0.0
6983,2011-04-17 23:00:00.000,0.0
6984,2011-04-18 00:00:00.000,0.0
6985,2011-04-18 01:00:00.000,0.0
6986,2011-04-18 02:00:00.000,0.0
6987,2011-04-18 03:00:00.000,0.0
6988,2011-04-18 04:00:00.000,0.0
6989,2011-04-18 05:00:00.000,0.0
6990,2011-04-18 06:00:00.000,1.4130000000000003
6991,2011-04-18 07:00:00.000,13.885999999999996
6992,2011-04-18 08:00:00.000,28.311000000000003
6993,2011-04-18 09:00:00.000,40.233
6994,2011-04-18 10:00:00.000,47.167
6995,2011-04-18 11:00:00.000,48.315
6996,2011-04-18 12:00:00.000,39.027000000000015
6997,2011-04-18 13:00:00.000,46.80099999999998
6998,2011-04-18 14:00:00.000,37.69699999999999
6999,2011-04-18 15:00:00.000,23.54099999999999
7000,2011-04-18 16:00:00.000,7.471000000000001
7001,2011-04-18 17:00:00.000,0.101
7002,2011-04-18 18:00:00.000,0.0
7003,2011-04-18 19:00:00.000,0.0
7004,2011-04-18 20:00:00.000,0.0
7005,2011-04-18 21:00:00.000,0.0
7006,2011-04-18 22:00:00.000,0.0
7007,2011-04-18 23:00:00.000,0.0
7008,2011-04-19 00:00:00.000,0.0
7009,2011-04-19 01:00:00.000,0.0
7010,2011-04-19 02:00:00.000,0.0
7011,2011-04-19 03:00:00.000,0.0
7012,2011-04-19 04:00:00.000,0.0
7013,2011-04-19 05:00:00.000,0.0
7014,2011-04-19 06:00:00.000,0.9090000000000003
7015,2011-04-19 07:00:00.000,13.564999999999994
7016,2011-04-19 08:00:00.000,28.866999999999994
7017,2011-04-19 09:00:00.000,42.27800000000001
7018,2011-04-19 10:00:00.000,48.148999999999994
7019,2011-04-19 11:00:00.000,40.99699999999999
7020,2011-04-19 12:00:00.000,44.131
7021,2011-04-19 13:00:00.000,34.598
7022,2011-04-19 14:00:00.000,26.982
7023,2011-04-19 15:00:00.000,15.727000000000002
7024,2011-04-19 16:00:00.000,7.938
7025,2011-04-19 17:00:00.000,0.013
7026,2011-04-19 18:00:00.000,0.0
7027,2011-04-19 19:00:00.000,0.0
7028,2011-04-19 20:00:00.000,0.0
7029,2011-04-19 21:00:00.000,0.0
7030,2011-04-19 22:00:00.000,0.0
7031,2011-04-19 23:00:00.000,0.0
7032,2011-04-20 00:00:00.000,0.0
7033,2011-04-20 01:00:00.000,0.0
7034,2011-04-20 02:00:00.000,0.0
7035,2011-04-20 03:00:00.000,0.0
7036,2011-04-20 04:00:00.000,0.0
7037,2011-04-20 05:00:00.000,0.0
7038,2011-04-20 06:00:00.000,1.982999999999999
7039,2011-04-20 07:00:00.000,9.980000000000002
7040,2011-04-20 08:00:00.000,25.972000000000005
7041,2011-04-20 09:00:00.000,23.446
7042,2011-04-20 10:00:00.000,35.525
7043,2011-04-20 11:00:00.000,26.007
7044,2011-04-20 12:00:00.000,10.575
7045,2011-04-20 13:00:00.000,10.083
7046,2011-04-20 14:00:00.000,12.828999999999999
7047,2011-04-20 15:00:00.000,7.929000000000002
7048,2011-04-20 16:00:00.000,1.2270000000000005
7049,2011-04-20 17:00:00.000,0.0
7050,2011-04-20 18:00:00.000,0.0
7051,2011-04-20 19:00:00.000,0.0
7052,2011-04-20 20:00:00.000,0.0
7053,2011-04-20 21:00:00.000,0.0
7054,2011-04-20 22:00:00.000,0.0
7055,2011-04-20 23:00:00.000,0.0
7056,2011-04-21 00:00:00.000,0.0
7057,2011-04-21 01:00:00.000,0.0
7058,2011-04-21 02:00:00.000,0.0
7059,2011-04-21 03:00:00.000,0.0
7060,2011-04-21 04:00:00.000,0.0
7061,2011-04-21 05:00:00.000,0.0
7062,2011-04-21 06:00:00.000,0.3790000000000001
7063,2011-04-21 07:00:00.000,12.713000000000001
7064,2011-04-21 08:00:00.000,27.497
7065,2011-04-21 09:00:00.000,41.638
7066,2011-04-21 10:00:00.000,50.67300000000001
7067,2011-04-21 11:00:00.000,52.36000000000001
7068,2011-04-21 12:00:00.000,44.56699999999999
7069,2011-04-21 13:00:00.000,43.95599999999999
7070,2011-04-21 14:00:00.000,36.986000000000004
7071,2011-04-21 15:00:00.000,21.352999999999998
7072,2011-04-21 16:00:00.000,6.032
7073,2011-04-21 17:00:00.000,0.056
7074,2011-04-21 18:00:00.000,0.0
7075,2011-04-21 19:00:00.000,0.0
7076,2011-04-21 20:00:00.000,0.0
7077,2011-04-21 21:00:00.000,0.0
7078,2011-04-21 22:00:00.000,0.0
7079,2011-04-21 23:00:00.000,0.0
7080,2011-04-22 00:00:00.000,0.0
7081,2011-04-22 01:00:00.000,0.0
7082,2011-04-22 02:00:00.000,0.0
7083,2011-04-22 03:00:00.000,0.0
7084,2011-04-22 04:00:00.000,0.0
7085,2011-04-22 05:00:00.000,0.0
7086,2011-04-22 06:00:00.000,0.8600000000000004
7087,2011-04-22 07:00:00.000,8.388
7088,2011-04-22 08:00:00.000,26.822000000000003
7089,2011-04-22 09:00:00.000,42.27599999999999
7090,2011-04-22 10:00:00.000,51.40700000000001
7091,2011-04-22 11:00:00.000,54.85
7092,2011-04-22 12:00:00.000,53.865
7093,2011-04-22 13:00:00.000,49.32999999999999
7094,2011-04-22 14:00:00.000,34.647
7095,2011-04-22 15:00:00.000,11.43
7096,2011-04-22 16:00:00.000,3.065999999999999
7097,2011-04-22 17:00:00.000,0.038
7098,2011-04-22 18:00:00.000,0.0
7099,2011-04-22 19:00:00.000,0.0
7100,2011-04-22 20:00:00.000,0.0
7101,2011-04-22 21:00:00.000,0.0
7102,2011-04-22 22:00:00.000,0.0
7103,2011-04-22 23:00:00.000,0.0
7104,2011-04-23 00:00:00.000,0.0
7105,2011-04-23 01:00:00.000,0.0
7106,2011-04-23 02:00:00.000,0.0
7107,2011-04-23 03:00:00.000,0.0
7108,2011-04-23 04:00:00.000,0.0
7109,2011-04-23 05:00:00.000,0.0
7110,2011-04-23 06:00:00.000,0.8630000000000003
7111,2011-04-23 07:00:00.000,12.533
7112,2011-04-23 08:00:00.000,26.19699999999999
7113,2011-04-23 09:00:00.000,41.041
7114,2011-04-23 10:00:00.000,47.51400000000002
7115,2011-04-23 11:00:00.000,45.370000000000005
7116,2011-04-23 12:00:00.000,46.86499999999999
7117,2011-04-23 13:00:00.000,42.39300000000001
7118,2011-04-23 14:00:00.000,33.3
7119,2011-04-23 15:00:00.000,22.243999999999996
7120,2011-04-23 16:00:00.000,6.890000000000001
7121,2011-04-23 17:00:00.000,0.038
7122,2011-04-23 18:00:00.000,0.0
7123,2011-04-23 19:00:00.000,0.0
7124,2011-04-23 20:00:00.000,0.0
7125,2011-04-23 21:00:00.000,0.0
7126,2011-04-23 22:00:00.000,0.0
7127,2011-04-23 23:00:00.000,0.0
7128,2011-04-24 00:00:00.000,0.0
7129,2011-04-24 01:00:00.000,0.0
7130,2011-04-24 02:00:00.000,0.0
7131,2011-04-24 03:00:00.000,0.0
7132,2011-04-24 04:00:00.000,0.0
7133,2011-04-24 05:00:00.000,0.0
7134,2011-04-24 06:00:00.000,0.7790000000000001
7135,2011-04-24 07:00:00.000,12.259999999999998
7136,2011-04-24 08:00:00.000,27.061
7137,2011-04-24 09:00:00.000,32.697
7138,2011-04-24 10:00:00.000,32.50499999999999
7139,2011-04-24 11:00:00.000,34.69
7140,2011-04-24 12:00:00.000,34.025999999999996
7141,2011-04-24 13:00:00.000,37.221999999999994
7142,2011-04-24 14:00:00.000,35.407
7143,2011-04-24 15:00:00.000,21.336
7144,2011-04-24 16:00:00.000,4.909999999999999
7145,2011-04-24 17:00:00.000,0.044
7146,2011-04-24 18:00:00.000,0.0
7147,2011-04-24 19:00:00.000,0.0
7148,2011-04-24 20:00:00.000,0.0
7149,2011-04-24 21:00:00.000,0.0
7150,2011-04-24 22:00:00.000,0.0
7151,2011-04-24 23:00:00.000,0.0
7152,2011-04-25 00:00:00.000,0.0
7153,2011-04-25 01:00:00.000,0.0
7154,2011-04-25 02:00:00.000,0.0
7155,2011-04-25 03:00:00.000,0.0
7156,2011-04-25 04:00:00.000,0.0
7157,2011-04-25 05:00:00.000,0.0
7158,2011-04-25 06:00:00.000,0.039
7159,2011-04-25 07:00:00.000,2.8699999999999997
7160,2011-04-25 08:00:00.000,6.412999999999999
7161,2011-04-25 09:00:00.000,16.657000000000004
7162,2011-04-25 10:00:00.000,19.771000000000004
7163,2011-04-25 11:00:00.000,23.282999999999998
7164,2011-04-25 12:00:00.000,17.758
7165,2011-04-25 13:00:00.000,17.479000000000003
7166,2011-04-25 14:00:00.000,5.078
7167,2011-04-25 15:00:00.000,1.3120000000000003
7168,2011-04-25 16:00:00.000,0.26700000000000007
7169,2011-04-25 17:00:00.000,0.0
7170,2011-04-25 18:00:00.000,0.0
7171,2011-04-25 19:00:00.000,0.0
7172,2011-04-25 20:00:00.000,0.0
7173,2011-04-25 21:00:00.000,0.0
7174,2011-04-25 22:00:00.000,0.0
7175,2011-04-25 23:00:00.000,0.0
7176,2011-04-26 00:00:00.000,0.0
7177,2011-04-26 01:00:00.000,0.0
7178,2011-04-26 02:00:00.000,0.0
7179,2011-04-26 03:00:00.000,0.0
7180,2011-04-26 04:00:00.000,0.0
7181,2011-04-26 05:00:00.000,0.0
7182,2011-04-26 06:00:00.000,0.08299999999999999
7183,2011-04-26 07:00:00.000,2.291999999999999
7184,2011-04-26 08:00:00.000,12.187
7185,2011-04-26 09:00:00.000,25.005999999999997
7186,2011-04-26 10:00:00.000,34.51699999999999
7187,2011-04-26 11:00:00.000,46.53600000000001
7188,2011-04-26 12:00:00.000,29.260000000000005
7189,2011-04-26 13:00:00.000,41.326
7190,2011-04-26 14:00:00.000,23.436
7191,2011-04-26 15:00:00.000,15.248000000000001
7192,2011-04-26 16:00:00.000,1.9199999999999997
7193,2011-04-26 17:00:00.000,0.0
7194,2011-04-26 18:00:00.000,0.0
7195,2011-04-26 19:00:00.000,0.0
7196,2011-04-26 20:00:00.000,0.0
7197,2011-04-26 21:00:00.000,0.0
7198,2011-04-26 22:00:00.000,0.0
7199,2011-04-26 23:00:00.000,0.0
7200,2011-04-27 00:00:00.000,0.0
7201,2011-04-27 01:00:00.000,0.0
7202,2011-04-27 02:00:00.000,0.0
7203,2011-04-27 03:00:00.000,0.0
7204,2011-04-27 04:00:00.000,0.0
7205,2011-04-27 05:00:00.000,0.0
7206,2011-04-27 06:00:00.000,0.9350000000000003
7207,2011-04-27 07:00:00.000,8.809000000000001
7208,2011-04-27 08:00:00.000,11.397
7209,2011-04-27 09:00:00.000,28.262999999999995
7210,2011-04-27 10:00:00.000,41.393
7211,2011-04-27 11:00:00.000,37.18499999999999
7212,2011-04-27 12:00:00.000,50.739
7213,2011-04-27 13:00:00.000,41.328
7214,2011-04-27 14:00:00.000,28.735999999999997
7215,2011-04-27 15:00:00.000,12.279
7216,2011-04-27 16:00:00.000,3.5540000000000003
7217,2011-04-27 17:00:00.000,0.0
7218,2011-04-27 18:00:00.000,0.0
7219,2011-04-27 19:00:00.000,0.0
7220,2011-04-27 20:00:00.000,0.0
7221,2011-04-27 21:00:00.000,0.0
7222,2011-04-27 22:00:00.000,0.0
7223,2011-04-27 23:00:00.000,0.0
7224,2011-04-28 00:00:00.000,0.0
7225,2011-04-28 01:00:00.000,0.0
7226,2011-04-28 02:00:00.000,0.0
7227,2011-04-28 03:00:00.000,0.0
7228,2011-04-28 04:00:00.000,0.0
7229,2011-04-28 05:00:00.000,0.0
7230,2011-04-28 06:00:00.000,1.2900000000000003
7231,2011-04-28 07:00:00.000,12.122999999999996
7232,2011-04-28 08:00:00.000,16.460000000000004
7233,2011-04-28 09:00:00.000,27.997000000000003
7234,2011-04-28 10:00:00.000,29.524000000000008
7235,2011-04-28 11:00:00.000,43.013000000000005
7236,2011-04-28 12:00:00.000,31.820999999999998
7237,2011-04-28 13:00:00.000,38.084999999999994
7238,2011-04-28 14:00:00.000,34.901
7239,2011-04-28 15:00:00.000,14.091999999999999
7240,2011-04-28 16:00:00.000,4.986
7241,2011-04-28 17:00:00.000,0.0
7242,2011-04-28 18:00:00.000,0.0
7243,2011-04-28 19:00:00.000,0.0
7244,2011-04-28 20:00:00.000,0.0
7245,2011-04-28 21:00:00.000,0.0
7246,2011-04-28 22:00:00.000,0.0
7247,2011-04-28 23:00:00.000,0.0
7248,2011-04-29 00:00:00.000,0.0
7249,2011-04-29 01:00:00.000,0.0
7250,2011-04-29 02:00:00.000,0.0
7251,2011-04-29 03:00:00.000,0.0
7252,2011-04-29 04:00:00.000,0.0
7253,2011-04-29 05:00:00.000,0.0
7254,2011-04-29 06:00:00.000,0.0
7255,2011-04-29 07:00:00.000,2.538999999999999
7256,2011-04-29 08:00:00.000,16.593
7257,2011-04-29 09:00:00.000,30.281999999999996
7258,2011-04-29 10:00:00.000,42.812000000000005
7259,2011-04-29 11:00:00.000,40.30700000000001
7260,2011-04-29 12:00:00.000,38.82899999999999
7261,2011-04-29 13:00:00.000,38.006
7262,2011-04-29 14:00:00.000,25.222999999999995
7263,2011-04-29 15:00:00.000,8.182000000000002
7264,2011-04-29 16:00:00.000,1.541
7265,2011-04-29 17:00:00.000,0.0
7266,2011-04-29 18:00:00.000,0.0
7267,2011-04-29 19:00:00.000,0.0
7268,2011-04-29 20:00:00.000,0.0
7269,2011-04-29 21:00:00.000,0.0
7270,2011-04-29 22:00:00.000,0.0
7271,2011-04-29 23:00:00.000,0.0
7272,2011-04-30 00:00:00.000,0.0
7273,2011-04-30 01:00:00.000,0.0
7274,2011-04-30 02:00:00.000,0.0
7275,2011-04-30 03:00:00.000,0.0
7276,2011-04-30 04:00:00.000,0.0
7277,2011-04-30 05:00:00.000,0.0
7278,2011-04-30 06:00:00.000,1.4300000000000002
7279,2011-04-30 07:00:00.000,5.559
7280,2011-04-30 08:00:00.000,23.70500000000001
7281,2011-04-30 09:00:00.000,27.575000000000006
7282,2011-04-30 10:00:00.000,21.147
7283,2011-04-30 11:00:00.000,31.231
7284,2011-04-30 12:00:00.000,20.206
7285,2011-04-30 13:00:00.000,43.175999999999995
7286,2011-04-30 14:00:00.000,24.323999999999998
7287,2011-04-30 15:00:00.000,15.052999999999997
7288,2011-04-30 16:00:00.000,3.621
7289,2011-04-30 17:00:00.000,0.0
7290,2011-04-30 18:00:00.000,0.0
7291,2011-04-30 19:00:00.000,0.0
7292,2011-04-30 20:00:00.000,0.0
7293,2011-04-30 21:00:00.000,0.0
7294,2011-04-30 22:00:00.000,0.0
7295,2011-04-30 23:00:00.000,0.0
7296,2011-05-01 00:00:00.000,0.0
7297,2011-05-01 01:00:00.000,0.0
7298,2011-05-01 02:00:00.000,0.0
7299,2011-05-01 03:00:00.000,0.0
7300,2011-05-01 04:00:00.000,0.0
7301,2011-05-01 05:00:00.000,0.0
7302,2011-05-01 06:00:00.000,0.039
7303,2011-05-01 07:00:00.000,6.1080000000000005
7304,2011-05-01 08:00:00.000,21.987000000000002
7305,2011-05-01 09:00:00.000,22.743000000000002
7306,2011-05-01 10:00:00.000,32.994
7307,2011-05-01 11:00:00.000,36.364000000000004
7308,2011-05-01 12:00:00.000,47.93599999999999
7309,2011-05-01 13:00:00.000,34.513000000000005
7310,2011-05-01 14:00:00.000,29.179000000000002
7311,2011-05-01 15:00:00.000,18.431
7312,2011-05-01 16:00:00.000,4.328
7313,2011-05-01 17:00:00.000,0.0
7314,2011-05-01 18:00:00.000,0.0
7315,2011-05-01 19:00:00.000,0.0
7316,2011-05-01 20:00:00.000,0.0
7317,2011-05-01 21:00:00.000,0.0
7318,2011-05-01 22:00:00.000,0.0
7319,2011-05-01 23:00:00.000,0.0
7320,2011-05-02 00:00:00.000,0.0
7321,2011-05-02 01:00:00.000,0.0
7322,2011-05-02 02:00:00.000,0.0
7323,2011-05-02 03:00:00.000,0.0
7324,2011-05-02 04:00:00.000,0.0
7325,2011-05-02 05:00:00.000,0.0
7326,2011-05-02 06:00:00.000,1.0760000000000003
7327,2011-05-02 07:00:00.000,8.523
7328,2011-05-02 08:00:00.000,14.059000000000003
7329,2011-05-02 09:00:00.000,13.845
7330,2011-05-02 10:00:00.000,26.246
7331,2011-05-02 11:00:00.000,16.692
7332,2011-05-02 12:00:00.000,23.202999999999996
7333,2011-05-02 13:00:00.000,30.329
7334,2011-05-02 14:00:00.000,13.324999999999998
7335,2011-05-02 15:00:00.000,12.102999999999994
7336,2011-05-02 16:00:00.000,3.0469999999999997
7337,2011-05-02 17:00:00.000,0.0
7338,2011-05-02 18:00:00.000,0.0
7339,2011-05-02 19:00:00.000,0.0
7340,2011-05-02 20:00:00.000,0.0
7341,2011-05-02 21:00:00.000,0.0
7342,2011-05-02 22:00:00.000,0.0
7343,2011-05-02 23:00:00.000,0.0
7344,2011-05-03 00:00:00.000,0.0
7345,2011-05-03 01:00:00.000,0.0
7346,2011-05-03 02:00:00.000,0.0
7347,2011-05-03 03:00:00.000,0.0
7348,2011-05-03 04:00:00.000,0.0
7349,2011-05-03 05:00:00.000,0.0
7350,2011-05-03 06:00:00.000,0.08299999999999999
7351,2011-05-03 07:00:00.000,4.182
7352,2011-05-03 08:00:00.000,19.905
7353,2011-05-03 09:00:00.000,37.968999999999994
7354,2011-05-03 10:00:00.000,37.696999999999996
7355,2011-05-03 11:00:00.000,26.575999999999997
7356,2011-05-03 12:00:00.000,20.291
7357,2011-05-03 13:00:00.000,9.78
7358,2011-05-03 14:00:00.000,10.304
7359,2011-05-03 15:00:00.000,7.646
7360,2011-05-03 16:00:00.000,1.4679999999999995
7361,2011-05-03 17:00:00.000,0.0
7362,2011-05-03 18:00:00.000,0.0
7363,2011-05-03 19:00:00.000,0.0
7364,2011-05-03 20:00:00.000,0.0
7365,2011-05-03 21:00:00.000,0.0
7366,2011-05-03 22:00:00.000,0.0
7367,2011-05-03 23:00:00.000,0.0
7368,2011-05-04 00:00:00.000,0.0
7369,2011-05-04 01:00:00.000,0.0
7370,2011-05-04 02:00:00.000,0.0
7371,2011-05-04 03:00:00.000,0.0
7372,2011-05-04 04:00:00.000,0.0
7373,2011-05-04 05:00:00.000,0.0
7374,2011-05-04 06:00:00.000,0.0
7375,2011-05-04 07:00:00.000,5.268
7376,2011-05-04 08:00:00.000,22.648
7377,2011-05-04 09:00:00.000,32.038000000000004
7378,2011-05-04 10:00:00.000,45.215999999999994
7379,2011-05-04 11:00:00.000,26.950000000000003
7380,2011-05-04 12:00:00.000,22.165999999999997
7381,2011-05-04 13:00:00.000,21.069
7382,2011-05-04 14:00:00.000,11.616000000000001
7383,2011-05-04 15:00:00.000,5.6579999999999995
7384,2011-05-04 16:00:00.000,4.774000000000001
7385,2011-05-04 17:00:00.000,0.0
7386,2011-05-04 18:00:00.000,0.0
7387,2011-05-04 19:00:00.000,0.0
7388,2011-05-04 20:00:00.000,0.0
7389,2011-05-04 21:00:00.000,0.0
7390,2011-05-04 22:00:00.000,0.0
7391,2011-05-04 23:00:00.000,0.0
7392,2011-05-05 00:00:00.000,0.0
7393,2011-05-05 01:00:00.000,0.0
7394,2011-05-05 02:00:00.000,0.0
7395,2011-05-05 03:00:00.000,0.0
7396,2011-05-05 04:00:00.000,0.0
7397,2011-05-05 05:00:00.000,0.0
7398,2011-05-05 06:00:00.000,0.202
7399,2011-05-05 07:00:00.000,10.272000000000002
7400,2011-05-05 08:00:00.000,25.970000000000006
7401,2011-05-05 09:00:00.000,40.24300000000001
7402,2011-05-05 10:00:00.000,41.07700000000001
7403,2011-05-05 11:00:00.000,46.888000000000005
7404,2011-05-05 12:00:00.000,48.72899999999999
7405,2011-05-05 13:00:00.000,45.525000000000006
7406,2011-05-05 14:00:00.000,31.773999999999987
7407,2011-05-05 15:00:00.000,16.961999999999996
7408,2011-05-05 16:00:00.000,4.813000000000001
7409,2011-05-05 17:00:00.000,0.0
7410,2011-05-05 18:00:00.000,0.0
7411,2011-05-05 19:00:00.000,0.0
7412,2011-05-05 20:00:00.000,0.0
7413,2011-05-05 21:00:00.000,0.0
7414,2011-05-05 22:00:00.000,0.0
7415,2011-05-05 23:00:00.000,0.0
7416,2011-05-06 00:00:00.000,0.0
7417,2011-05-06 01:00:00.000,0.0
7418,2011-05-06 02:00:00.000,0.0
7419,2011-05-06 03:00:00.000,0.0
7420,2011-05-06 04:00:00.000,0.0
7421,2011-05-06 05:00:00.000,0.0
7422,2011-05-06 06:00:00.000,0.057999999999999996
7423,2011-05-06 07:00:00.000,4.262
7424,2011-05-06 08:00:00.000,14.111999999999998
7425,2011-05-06 09:00:00.000,36.04100000000001
7426,2011-05-06 10:00:00.000,46.21099999999998
7427,2011-05-06 11:00:00.000,50.504
7428,2011-05-06 12:00:00.000,47.722
7429,2011-05-06 13:00:00.000,45.40300000000002
7430,2011-05-06 14:00:00.000,26.229999999999993
7431,2011-05-06 15:00:00.000,19.584999999999997
7432,2011-05-06 16:00:00.000,3.0839999999999996
7433,2011-05-06 17:00:00.000,0.0
7434,2011-05-06 18:00:00.000,0.0
7435,2011-05-06 19:00:00.000,0.0
7436,2011-05-06 20:00:00.000,0.0
7437,2011-05-06 21:00:00.000,0.0
7438,2011-05-06 22:00:00.000,0.0
7439,2011-05-06 23:00:00.000,0.0
7440,2011-05-07 00:00:00.000,0.0
7441,2011-05-07 01:00:00.000,0.0
7442,2011-05-07 02:00:00.000,0.0
7443,2011-05-07 03:00:00.000,0.0
7444,2011-05-07 04:00:00.000,0.0
7445,2011-05-07 05:00:00.000,0.0
7446,2011-05-07 06:00:00.000,0.387
7447,2011-05-07 07:00:00.000,10.568999999999999
7448,2011-05-07 08:00:00.000,25.853999999999996
7449,2011-05-07 09:00:00.000,39.821999999999996
7450,2011-05-07 10:00:00.000,49.238
7451,2011-05-07 11:00:00.000,51.96099999999999
7452,2011-05-07 12:00:00.000,47.18200000000001
7453,2011-05-07 13:00:00.000,39.86600000000001
7454,2011-05-07 14:00:00.000,32.065
7455,2011-05-07 15:00:00.000,15.538999999999998
7456,2011-05-07 16:00:00.000,3.2109999999999994
7457,2011-05-07 17:00:00.000,0.0
7458,2011-05-07 18:00:00.000,0.0
7459,2011-05-07 19:00:00.000,0.0
7460,2011-05-07 20:00:00.000,0.0
7461,2011-05-07 21:00:00.000,0.0
7462,2011-05-07 22:00:00.000,0.0
7463,2011-05-07 23:00:00.000,0.0
7464,2011-05-08 00:00:00.000,0.0
7465,2011-05-08 01:00:00.000,0.0
7466,2011-05-08 02:00:00.000,0.0
7467,2011-05-08 03:00:00.000,0.0
7468,2011-05-08 04:00:00.000,0.0
7469,2011-05-08 05:00:00.000,0.0
7470,2011-05-08 06:00:00.000,0.24400000000000002
7471,2011-05-08 07:00:00.000,9.924
7472,2011-05-08 08:00:00.000,25.378
7473,2011-05-08 09:00:00.000,37.639
7474,2011-05-08 10:00:00.000,46.11499999999998
7475,2011-05-08 11:00:00.000,49.88700000000001
7476,2011-05-08 12:00:00.000,49.15500000000001
7477,2011-05-08 13:00:00.000,31.220999999999997
7478,2011-05-08 14:00:00.000,27.281000000000002
7479,2011-05-08 15:00:00.000,14.196999999999997
7480,2011-05-08 16:00:00.000,2.2889999999999993
7481,2011-05-08 17:00:00.000,0.0
7482,2011-05-08 18:00:00.000,0.0
7483,2011-05-08 19:00:00.000,0.0
7484,2011-05-08 20:00:00.000,0.0
7485,2011-05-08 21:00:00.000,0.0
7486,2011-05-08 22:00:00.000,0.0
7487,2011-05-08 23:00:00.000,0.0
7488,2011-05-09 00:00:00.000,0.0
7489,2011-05-09 01:00:00.000,0.0
7490,2011-05-09 02:00:00.000,0.0
7491,2011-05-09 03:00:00.000,0.0
7492,2011-05-09 04:00:00.000,0.0
7493,2011-05-09 05:00:00.000,0.0
7494,2011-05-09 06:00:00.000,0.06999999999999999
7495,2011-05-09 07:00:00.000,8.441999999999998
7496,2011-05-09 08:00:00.000,24.378
7497,2011-05-09 09:00:00.000,38.45899999999999
7498,2011-05-09 10:00:00.000,48.187
7499,2011-05-09 11:00:00.000,45.287000000000006
7500,2011-05-09 12:00:00.000,17.728999999999996
7501,2011-05-09 13:00:00.000,9.105
7502,2011-05-09 14:00:00.000,5.835999999999999
7503,2011-05-09 15:00:00.000,1.8010000000000002
7504,2011-05-09 16:00:00.000,0.14600000000000002
7505,2011-05-09 17:00:00.000,0.0
7506,2011-05-09 18:00:00.000,0.0
7507,2011-05-09 19:00:00.000,0.0
7508,2011-05-09 20:00:00.000,0.0
7509,2011-05-09 21:00:00.000,0.0
7510,2011-05-09 22:00:00.000,0.0
7511,2011-05-09 23:00:00.000,0.0
7512,2011-05-10 00:00:00.000,0.0
7513,2011-05-10 01:00:00.000,0.0
7514,2011-05-10 02:00:00.000,0.0
7515,2011-05-10 03:00:00.000,0.0
7516,2011-05-10 04:00:00.000,0.0
7517,2011-05-10 05:00:00.000,0.0
7518,2011-05-10 06:00:00.000,0.0
7519,2011-05-10 07:00:00.000,4.899
7520,2011-05-10 08:00:00.000,23.897000000000002
7521,2011-05-10 09:00:00.000,23.172999999999995
7522,2011-05-10 10:00:00.000,44.652
7523,2011-05-10 11:00:00.000,42.25200000000001
7524,2011-05-10 12:00:00.000,43.923
7525,2011-05-10 13:00:00.000,46.65399999999999
7526,2011-05-10 14:00:00.000,35.83
7527,2011-05-10 15:00:00.000,19.491
7528,2011-05-10 16:00:00.000,3.813
7529,2011-05-10 17:00:00.000,0.0
7530,2011-05-10 18:00:00.000,0.0
7531,2011-05-10 19:00:00.000,0.0
7532,2011-05-10 20:00:00.000,0.0
7533,2011-05-10 21:00:00.000,0.0
7534,2011-05-10 22:00:00.000,0.0
7535,2011-05-10 23:00:00.000,0.0
7536,2011-05-11 00:00:00.000,0.0
7537,2011-05-11 01:00:00.000,0.0
7538,2011-05-11 02:00:00.000,0.0
7539,2011-05-11 03:00:00.000,0.0
7540,2011-05-11 04:00:00.000,0.0
7541,2011-05-11 05:00:00.000,0.0
7542,2011-05-11 06:00:00.000,0.282
7543,2011-05-11 07:00:00.000,9.595
7544,2011-05-11 08:00:00.000,25.509
7545,2011-05-11 09:00:00.000,41.413999999999994
7546,2011-05-11 10:00:00.000,33.925000000000004
7547,2011-05-11 11:00:00.000,28.394
7548,2011-05-11 12:00:00.000,17.467
7549,2011-05-11 13:00:00.000,14.998000000000006
7550,2011-05-11 14:00:00.000,9.889999999999997
7551,2011-05-11 15:00:00.000,3.3720000000000003
7552,2011-05-11 16:00:00.000,0.15900000000000003
7553,2011-05-11 17:00:00.000,0.0
7554,2011-05-11 18:00:00.000,0.0
7555,2011-05-11 19:00:00.000,0.0
7556,2011-05-11 20:00:00.000,0.0
7557,2011-05-11 21:00:00.000,0.0
7558,2011-05-11 22:00:00.000,0.0
7559,2011-05-11 23:00:00.000,0.0
7560,2011-05-12 00:00:00.000,0.0
7561,2011-05-12 01:00:00.000,0.0
7562,2011-05-12 02:00:00.000,0.0
7563,2011-05-12 03:00:00.000,0.0
7564,2011-05-12 04:00:00.000,0.0
7565,2011-05-12 05:00:00.000,0.0
7566,2011-05-12 06:00:00.000,0.251
7567,2011-05-12 07:00:00.000,9.487
7568,2011-05-12 08:00:00.000,25.631
7569,2011-05-12 09:00:00.000,41.03399999999999
7570,2011-05-12 10:00:00.000,51.101000000000006
7571,2011-05-12 11:00:00.000,55.195
7572,2011-05-12 12:00:00.000,53.629000000000005
7573,2011-05-12 13:00:00.000,48.112
7574,2011-05-12 14:00:00.000,35.923
7575,2011-05-12 15:00:00.000,19.897
7576,2011-05-12 16:00:00.000,3.8729999999999993
7577,2011-05-12 17:00:00.000,0.0
7578,2011-05-12 18:00:00.000,0.0
7579,2011-05-12 19:00:00.000,0.0
7580,2011-05-12 20:00:00.000,0.0
7581,2011-05-12 21:00:00.000,0.0
7582,2011-05-12 22:00:00.000,0.0
7583,2011-05-12 23:00:00.000,0.0
7584,2011-05-13 00:00:00.000,0.0
7585,2011-05-13 01:00:00.000,0.0
7586,2011-05-13 02:00:00.000,0.0
7587,2011-05-13 03:00:00.000,0.0
7588,2011-05-13 04:00:00.000,0.0
7589,2011-05-13 05:00:00.000,0.0
7590,2011-05-13 06:00:00.000,0.245
7591,2011-05-13 07:00:00.000,8.884000000000002
7592,2011-05-13 08:00:00.000,24.296000000000003
7593,2011-05-13 09:00:00.000,39.06099999999999
7594,2011-05-13 10:00:00.000,48.79500000000001
7595,2011-05-13 11:00:00.000,51.36900000000001
7596,2011-05-13 12:00:00.000,41.974
7597,2011-05-13 13:00:00.000,27.92
7598,2011-05-13 14:00:00.000,29.805999999999997
7599,2011-05-13 15:00:00.000,12.909
7600,2011-05-13 16:00:00.000,2.5069999999999992
7601,2011-05-13 17:00:00.000,0.0
7602,2011-05-13 18:00:00.000,0.0
7603,2011-05-13 19:00:00.000,0.0
7604,2011-05-13 20:00:00.000,0.0
7605,2011-05-13 21:00:00.000,0.0
7606,2011-05-13 22:00:00.000,0.0
7607,2011-05-13 23:00:00.000,0.0
7608,2011-05-14 00:00:00.000,0.0
7609,2011-05-14 01:00:00.000,0.0
7610,2011-05-14 02:00:00.000,0.0
7611,2011-05-14 03:00:00.000,0.0
7612,2011-05-14 04:00:00.000,0.0
7613,2011-05-14 05:00:00.000,0.0
7614,2011-05-14 06:00:00.000,0.252
7615,2011-05-14 07:00:00.000,9.339
7616,2011-05-14 08:00:00.000,25.299
7617,2011-05-14 09:00:00.000,39.86300000000001
7618,2011-05-14 10:00:00.000,49.57100000000001
7619,2011-05-14 11:00:00.000,54.344000000000015
7620,2011-05-14 12:00:00.000,52.024
7621,2011-05-14 13:00:00.000,42.271
7622,2011-05-14 14:00:00.000,25.592999999999996
7623,2011-05-14 15:00:00.000,18.58
7624,2011-05-14 16:00:00.000,3.4119999999999995
7625,2011-05-14 17:00:00.000,0.0
7626,2011-05-14 18:00:00.000,0.0
7627,2011-05-14 19:00:00.000,0.0
7628,2011-05-14 20:00:00.000,0.0
7629,2011-05-14 21:00:00.000,0.0
7630,2011-05-14 22:00:00.000,0.0
7631,2011-05-14 23:00:00.000,0.0
7632,2011-05-15 00:00:00.000,0.0
7633,2011-05-15 01:00:00.000,0.0
7634,2011-05-15 02:00:00.000,0.0
7635,2011-05-15 03:00:00.000,0.0
7636,2011-05-15 04:00:00.000,0.0
7637,2011-05-15 05:00:00.000,0.0
7638,2011-05-15 06:00:00.000,0.17700000000000002
7639,2011-05-15 07:00:00.000,9.058999999999997
7640,2011-05-15 08:00:00.000,24.602999999999998
7641,2011-05-15 09:00:00.000,38.41299999999999
7642,2011-05-15 10:00:00.000,46.58499999999999
7643,2011-05-15 11:00:00.000,51.816999999999986
7644,2011-05-15 12:00:00.000,50.484
7645,2011-05-15 13:00:00.000,44.786
7646,2011-05-15 14:00:00.000,33.215999999999994
7647,2011-05-15 15:00:00.000,17.996999999999996
7648,2011-05-15 16:00:00.000,3.3129999999999993
7649,2011-05-15 17:00:00.000,0.0
7650,2011-05-15 18:00:00.000,0.0
7651,2011-05-15 19:00:00.000,0.0
7652,2011-05-15 20:00:00.000,0.0
7653,2011-05-15 21:00:00.000,0.0
7654,2011-05-15 22:00:00.000,0.0
7655,2011-05-15 23:00:00.000,0.0
7656,2011-05-16 00:00:00.000,0.0
7657,2011-05-16 01:00:00.000,0.0
7658,2011-05-16 02:00:00.000,0.0
7659,2011-05-16 03:00:00.000,0.0
7660,2011-05-16 04:00:00.000,0.0
7661,2011-05-16 05:00:00.000,0.0
7662,2011-05-16 06:00:00.000,0.201
7663,2011-05-16 07:00:00.000,9.296000000000001
7664,2011-05-16 08:00:00.000,24.865000000000006
7665,2011-05-16 09:00:00.000,38.641000000000005
7666,2011-05-16 10:00:00.000,48.082
7667,2011-05-16 11:00:00.000,52.846000000000004
7668,2011-05-16 12:00:00.000,51.776
7669,2011-05-16 13:00:00.000,45.946000000000005
7670,2011-05-16 14:00:00.000,33.79399999999999
7671,2011-05-16 15:00:00.000,18.029000000000003
7672,2011-05-16 16:00:00.000,3.161
7673,2011-05-16 17:00:00.000,0.0
7674,2011-05-16 18:00:00.000,0.0
7675,2011-05-16 19:00:00.000,0.0
7676,2011-05-16 20:00:00.000,0.0
7677,2011-05-16 21:00:00.000,0.0
7678,2011-05-16 22:00:00.000,0.0
7679,2011-05-16 23:00:00.000,0.0
7680,2011-05-17 00:00:00.000,0.0
7681,2011-05-17 01:00:00.000,0.0
7682,2011-05-17 02:00:00.000,0.0
7683,2011-05-17 03:00:00.000,0.0
7684,2011-05-17 04:00:00.000,0.0
7685,2011-05-17 05:00:00.000,0.0
7686,2011-05-17 06:00:00.000,0.056999999999999995
7687,2011-05-17 07:00:00.000,8.238000000000001
7688,2011-05-17 08:00:00.000,21.825000000000003
7689,2011-05-17 09:00:00.000,34.66
7690,2011-05-17 10:00:00.000,42.62999999999999
7691,2011-05-17 11:00:00.000,34.882
7692,2011-05-17 12:00:00.000,44.224999999999994
7693,2011-05-17 13:00:00.000,40.79500000000001
7694,2011-05-17 14:00:00.000,31.84900000000001
7695,2011-05-17 15:00:00.000,18.150000000000006
7696,2011-05-17 16:00:00.000,3.9999999999999996
7697,2011-05-17 17:00:00.000,0.0
7698,2011-05-17 18:00:00.000,0.0
7699,2011-05-17 19:00:00.000,0.0
7700,2011-05-17 20:00:00.000,0.0
7701,2011-05-17 21:00:00.000,0.0
7702,2011-05-17 22:00:00.000,0.0
7703,2011-05-17 23:00:00.000,0.0
7704,2011-05-18 00:00:00.000,0.0
7705,2011-05-18 01:00:00.000,0.0
7706,2011-05-18 02:00:00.000,0.0
7707,2011-05-18 03:00:00.000,0.0
7708,2011-05-18 04:00:00.000,0.0
7709,2011-05-18 05:00:00.000,0.0
7710,2011-05-18 06:00:00.000,0.06999999999999999
7711,2011-05-18 07:00:00.000,8.097999999999997
7712,2011-05-18 08:00:00.000,22.752000000000002
7713,2011-05-18 09:00:00.000,36.672999999999995
7714,2011-05-18 10:00:00.000,45.648
7715,2011-05-18 11:00:00.000,48.98899999999999
7716,2011-05-18 12:00:00.000,39.41
7717,2011-05-18 13:00:00.000,39.589999999999996
7718,2011-05-18 14:00:00.000,29.375000000000004
7719,2011-05-18 15:00:00.000,10.889
7720,2011-05-18 16:00:00.000,1.3080000000000003
7721,2011-05-18 17:00:00.000,0.0
7722,2011-05-18 18:00:00.000,0.0
7723,2011-05-18 19:00:00.000,0.0
7724,2011-05-18 20:00:00.000,0.0
7725,2011-05-18 21:00:00.000,0.0
7726,2011-05-18 22:00:00.000,0.0
7727,2011-05-18 23:00:00.000,0.0
7728,2011-05-19 00:00:00.000,0.0
7729,2011-05-19 01:00:00.000,0.0
7730,2011-05-19 02:00:00.000,0.0
7731,2011-05-19 03:00:00.000,0.0
7732,2011-05-19 04:00:00.000,0.0
7733,2011-05-19 05:00:00.000,0.0
7734,2011-05-19 06:00:00.000,0.019
7735,2011-05-19 07:00:00.000,5.1880000000000015
7736,2011-05-19 08:00:00.000,14.770999999999997
7737,2011-05-19 09:00:00.000,29.975000000000005
7738,2011-05-19 10:00:00.000,24.584
7739,2011-05-19 11:00:00.000,26.862000000000002
7740,2011-05-19 12:00:00.000,45.05500000000001
7741,2011-05-19 13:00:00.000,35.565999999999995
7742,2011-05-19 14:00:00.000,28.006
7743,2011-05-19 15:00:00.000,14.956999999999999
7744,2011-05-19 16:00:00.000,3.2479999999999998
7745,2011-05-19 17:00:00.000,0.0
7746,2011-05-19 18:00:00.000,0.0
7747,2011-05-19 19:00:00.000,0.0
7748,2011-05-19 20:00:00.000,0.0
7749,2011-05-19 21:00:00.000,0.0
7750,2011-05-19 22:00:00.000,0.0
7751,2011-05-19 23:00:00.000,0.0
7752,2011-05-20 00:00:00.000,0.0
7753,2011-05-20 01:00:00.000,0.0
7754,2011-05-20 02:00:00.000,0.0
7755,2011-05-20 03:00:00.000,0.0
7756,2011-05-20 04:00:00.000,0.0
7757,2011-05-20 05:00:00.000,0.0
7758,2011-05-20 06:00:00.000,0.103
7759,2011-05-20 07:00:00.000,7.611
7760,2011-05-20 08:00:00.000,23.095
7761,2011-05-20 09:00:00.000,36.559
7762,2011-05-20 10:00:00.000,45.331
7763,2011-05-20 11:00:00.000,49.45900000000001
7764,2011-05-20 12:00:00.000,47.92999999999999
7765,2011-05-20 13:00:00.000,41.733999999999995
7766,2011-05-20 14:00:00.000,30.781
7767,2011-05-20 15:00:00.000,16.436999999999998
7768,2011-05-20 16:00:00.000,2.5170000000000003
7769,2011-05-20 17:00:00.000,0.0
7770,2011-05-20 18:00:00.000,0.0
7771,2011-05-20 19:00:00.000,0.0
7772,2011-05-20 20:00:00.000,0.0
7773,2011-05-20 21:00:00.000,0.0
7774,2011-05-20 22:00:00.000,0.0
7775,2011-05-20 23:00:00.000,0.0
7776,2011-05-21 00:00:00.000,0.0
7777,2011-05-21 01:00:00.000,0.0
7778,2011-05-21 02:00:00.000,0.0
7779,2011-05-21 03:00:00.000,0.0
7780,2011-05-21 04:00:00.000,0.0
7781,2011-05-21 05:00:00.000,0.0
7782,2011-05-21 06:00:00.000,0.031
7783,2011-05-21 07:00:00.000,8.152
7784,2011-05-21 08:00:00.000,12.481000000000005
7785,2011-05-21 09:00:00.000,15.887
7786,2011-05-21 10:00:00.000,38.29600000000001
7787,2011-05-21 11:00:00.000,49.717
7788,2011-05-21 12:00:00.000,47.75099999999999
7789,2011-05-21 13:00:00.000,41.571999999999996
7790,2011-05-21 14:00:00.000,30.606
7791,2011-05-21 15:00:00.000,15.967999999999998
7792,2011-05-21 16:00:00.000,2.424
7793,2011-05-21 17:00:00.000,0.0
7794,2011-05-21 18:00:00.000,0.0
7795,2011-05-21 19:00:00.000,0.0
7796,2011-05-21 20:00:00.000,0.0
7797,2011-05-21 21:00:00.000,0.0
7798,2011-05-21 22:00:00.000,0.0
7799,2011-05-21 23:00:00.000,0.0
7800,2011-05-22 00:00:00.000,0.0
7801,2011-05-22 01:00:00.000,0.0
7802,2011-05-22 02:00:00.000,0.0
7803,2011-05-22 03:00:00.000,0.0
7804,2011-05-22 04:00:00.000,0.0
7805,2011-05-22 05:00:00.000,0.0
7806,2011-05-22 06:00:00.000,0.025
7807,2011-05-22 07:00:00.000,4.804999999999999
7808,2011-05-22 08:00:00.000,19.897999999999996
7809,2011-05-22 09:00:00.000,23.726000000000006
7810,2011-05-22 10:00:00.000,40.10099999999999
7811,2011-05-22 11:00:00.000,39.573
7812,2011-05-22 12:00:00.000,40.059999999999995
7813,2011-05-22 13:00:00.000,38.33
7814,2011-05-22 14:00:00.000,21.913000000000004
7815,2011-05-22 15:00:00.000,9.424999999999999
7816,2011-05-22 16:00:00.000,2.6589999999999994
7817,2011-05-22 17:00:00.000,0.0
7818,2011-05-22 18:00:00.000,0.0
7819,2011-05-22 19:00:00.000,0.0
7820,2011-05-22 20:00:00.000,0.0
7821,2011-05-22 21:00:00.000,0.0
7822,2011-05-22 22:00:00.000,0.0
7823,2011-05-22 23:00:00.000,0.0
7824,2011-05-23 00:00:00.000,0.0
7825,2011-05-23 01:00:00.000,0.0
7826,2011-05-23 02:00:00.000,0.0
7827,2011-05-23 03:00:00.000,0.0
7828,2011-05-23 04:00:00.000,0.0
7829,2011-05-23 05:00:00.000,0.0
7830,2011-05-23 06:00:00.000,0.0
7831,2011-05-23 07:00:00.000,0.039
7832,2011-05-23 08:00:00.000,2.5500000000000003
7833,2011-05-23 09:00:00.000,5.821000000000002
7834,2011-05-23 10:00:00.000,38.26200000000001
7835,2011-05-23 11:00:00.000,44.751
7836,2011-05-23 12:00:00.000,33.20199999999999
7837,2011-05-23 13:00:00.000,34.08299999999999
7838,2011-05-23 14:00:00.000,29.828000000000003
7839,2011-05-23 15:00:00.000,16.032000000000004
7840,2011-05-23 16:00:00.000,2.429
7841,2011-05-23 17:00:00.000,0.0
7842,2011-05-23 18:00:00.000,0.0
7843,2011-05-23 19:00:00.000,0.0
7844,2011-05-23 20:00:00.000,0.0
7845,2011-05-23 21:00:00.000,0.0
7846,2011-05-23 22:00:00.000,0.0
7847,2011-05-23 23:00:00.000,0.0
7848,2011-05-24 00:00:00.000,0.0
7849,2011-05-24 01:00:00.000,0.0
7850,2011-05-24 02:00:00.000,0.0
7851,2011-05-24 03:00:00.000,0.0
7852,2011-05-24 04:00:00.000,0.0
7853,2011-05-24 05:00:00.000,0.0
7854,2011-05-24 06:00:00.000,0.013
7855,2011-05-24 07:00:00.000,1.9489999999999992
7856,2011-05-24 08:00:00.000,18.783
7857,2011-05-24 09:00:00.000,36.38100000000001
7858,2011-05-24 10:00:00.000,45.99199999999999
7859,2011-05-24 11:00:00.000,50.53299999999998
7860,2011-05-24 12:00:00.000,48.703
7861,2011-05-24 13:00:00.000,30.841
7862,2011-05-24 14:00:00.000,12.198
7863,2011-05-24 15:00:00.000,6.797000000000001
7864,2011-05-24 16:00:00.000,0.226
7865,2011-05-24 17:00:00.000,0.0
7866,2011-05-24 18:00:00.000,0.0
7867,2011-05-24 19:00:00.000,0.0
7868,2011-05-24 20:00:00.000,0.0
7869,2011-05-24 21:00:00.000,0.0
7870,2011-05-24 22:00:00.000,0.0
7871,2011-05-24 23:00:00.000,0.0
7872,2011-05-25 00:00:00.000,0.0
7873,2011-05-25 01:00:00.000,0.0
7874,2011-05-25 02:00:00.000,0.0
7875,2011-05-25 03:00:00.000,0.0
7876,2011-05-25 04:00:00.000,0.0
7877,2011-05-25 05:00:00.000,0.0
7878,2011-05-25 06:00:00.000,0.0
7879,2011-05-25 07:00:00.000,0.0
7880,2011-05-25 08:00:00.000,0.0
7881,2011-05-25 09:00:00.000,0.34800000000000003
7882,2011-05-25 10:00:00.000,5.941000000000001
7883,2011-05-25 11:00:00.000,9.574999999999998
7884,2011-05-25 12:00:00.000,18.767999999999997
7885,2011-05-25 13:00:00.000,34.370000000000005
7886,2011-05-25 14:00:00.000,28.301000000000005
7887,2011-05-25 15:00:00.000,5.0
7888,2011-05-25 16:00:00.000,0.4530000000000001
7889,2011-05-25 17:00:00.000,0.0
7890,2011-05-25 18:00:00.000,0.0
7891,2011-05-25 19:00:00.000,0.0
7892,2011-05-25 20:00:00.000,0.0
7893,2011-05-25 21:00:00.000,0.0
7894,2011-05-25 22:00:00.000,0.0
7895,2011-05-25 23:00:00.000,0.0
7896,2011-05-26 00:00:00.000,0.0
7897,2011-05-26 01:00:00.000,0.0
7898,2011-05-26 02:00:00.000,0.0
7899,2011-05-26 03:00:00.000,0.0
7900,2011-05-26 04:00:00.000,0.0
7901,2011-05-26 05:00:00.000,0.0
7902,2011-05-26 06:00:00.000,0.0
7903,2011-05-26 07:00:00.000,2.433999999999999
7904,2011-05-26 08:00:00.000,13.403999999999998
7905,2011-05-26 09:00:00.000,18.368000000000006
7906,2011-05-26 10:00:00.000,25.031
7907,2011-05-26 11:00:00.000,33.123
7908,2011-05-26 12:00:00.000,36.501000000000005
7909,2011-05-26 13:00:00.000,31.852000000000004
7910,2011-05-26 14:00:00.000,10.079999999999998
7911,2011-05-26 15:00:00.000,9.875000000000002
7912,2011-05-26 16:00:00.000,3.297999999999999
7913,2011-05-26 17:00:00.000,0.0
7914,2011-05-26 18:00:00.000,0.0
7915,2011-05-26 19:00:00.000,0.0
7916,2011-05-26 20:00:00.000,0.0
7917,2011-05-26 21:00:00.000,0.0
7918,2011-05-26 22:00:00.000,0.0
7919,2011-05-26 23:00:00.000,0.0
7920,2011-05-27 00:00:00.000,0.0
7921,2011-05-27 01:00:00.000,0.0
7922,2011-05-27 02:00:00.000,0.0
7923,2011-05-27 03:00:00.000,0.0
7924,2011-05-27 04:00:00.000,0.0
7925,2011-05-27 05:00:00.000,0.0
7926,2011-05-27 06:00:00.000,0.013
7927,2011-05-27 07:00:00.000,7.190000000000001
7928,2011-05-27 08:00:00.000,22.462000000000003
7929,2011-05-27 09:00:00.000,35.82599999999999
7930,2011-05-27 10:00:00.000,44.919999999999995
7931,2011-05-27 11:00:00.000,49.322
7932,2011-05-27 12:00:00.000,48.19700000000001
7933,2011-05-27 13:00:00.000,41.27100000000001
7934,2011-05-27 14:00:00.000,30.77
7935,2011-05-27 15:00:00.000,12.258
7936,2011-05-27 16:00:00.000,1.9739999999999993
7937,2011-05-27 17:00:00.000,0.0
7938,2011-05-27 18:00:00.000,0.0
7939,2011-05-27 19:00:00.000,0.0
7940,2011-05-27 20:00:00.000,0.0
7941,2011-05-27 21:00:00.000,0.0
7942,2011-05-27 22:00:00.000,0.0
7943,2011-05-27 23:00:00.000,0.0
7944,2011-05-28 00:00:00.000,0.0
7945,2011-05-28 01:00:00.000,0.0
7946,2011-05-28 02:00:00.000,0.0
7947,2011-05-28 03:00:00.000,0.0
7948,2011-05-28 04:00:00.000,0.0
7949,2011-05-28 05:00:00.000,0.0
7950,2011-05-28 06:00:00.000,0.0
7951,2011-05-28 07:00:00.000,5.9559999999999995
7952,2011-05-28 08:00:00.000,15.02
7953,2011-05-28 09:00:00.000,23.08399999999999
7954,2011-05-28 10:00:00.000,12.267000000000005
7955,2011-05-28 11:00:00.000,11.264000000000001
7956,2011-05-28 12:00:00.000,18.608999999999998
7957,2011-05-28 13:00:00.000,11.739000000000003
7958,2011-05-28 14:00:00.000,9.417999999999997
7959,2011-05-28 15:00:00.000,8.368000000000002
7960,2011-05-28 16:00:00.000,0.6530000000000004
7961,2011-05-28 17:00:00.000,0.0
7962,2011-05-28 18:00:00.000,0.0
7963,2011-05-28 19:00:00.000,0.0
7964,2011-05-28 20:00:00.000,0.0
7965,2011-05-28 21:00:00.000,0.0
7966,2011-05-28 22:00:00.000,0.0
7967,2011-05-28 23:00:00.000,0.0
7968,2011-05-29 00:00:00.000,0.0
7969,2011-05-29 01:00:00.000,0.0
7970,2011-05-29 02:00:00.000,0.0
7971,2011-05-29 03:00:00.000,0.0
7972,2011-05-29 04:00:00.000,0.0
7973,2011-05-29 05:00:00.000,0.0
7974,2011-05-29 06:00:00.000,0.0
7975,2011-05-29 07:00:00.000,6.278
7976,2011-05-29 08:00:00.000,8.978000000000002
7977,2011-05-29 09:00:00.000,14.608999999999998
7978,2011-05-29 10:00:00.000,27.957000000000004
7979,2011-05-29 11:00:00.000,26.652999999999995
7980,2011-05-29 12:00:00.000,13.668999999999999
7981,2011-05-29 13:00:00.000,12.071999999999997
7982,2011-05-29 14:00:00.000,11.484
7983,2011-05-29 15:00:00.000,7.260000000000001
7984,2011-05-29 16:00:00.000,0.9190000000000005
7985,2011-05-29 17:00:00.000,0.0
7986,2011-05-29 18:00:00.000,0.0
7987,2011-05-29 19:00:00.000,0.0
7988,2011-05-29 20:00:00.000,0.0
7989,2011-05-29 21:00:00.000,0.0
7990,2011-05-29 22:00:00.000,0.0
7991,2011-05-29 23:00:00.000,0.0
7992,2011-05-30 00:00:00.000,0.0
7993,2011-05-30 01:00:00.000,0.0
7994,2011-05-30 02:00:00.000,0.0
7995,2011-05-30 03:00:00.000,0.0
7996,2011-05-30 04:00:00.000,0.0
7997,2011-05-30 05:00:00.000,0.0
7998,2011-05-30 06:00:00.000,0.0
7999,2011-05-30 07:00:00.000,1.295
8000,2011-05-30 08:00:00.000,7.820000000000001
8001,2011-05-30 09:00:00.000,8.347999999999999
8002,2011-05-30 10:00:00.000,11.551999999999998
8003,2011-05-30 11:00:00.000,14.023000000000001
8004,2011-05-30 12:00:00.000,5.021999999999999
8005,2011-05-30 13:00:00.000,2.029999999999999
8006,2011-05-30 14:00:00.000,3.9229999999999996
8007,2011-05-30 15:00:00.000,3.6100000000000003
8008,2011-05-30 16:00:00.000,0.08299999999999999
8009,2011-05-30 17:00:00.000,0.0
8010,2011-05-30 18:00:00.000,0.0
8011,2011-05-30 19:00:00.000,0.0
8012,2011-05-30 20:00:00.000,0.0
8013,2011-05-30 21:00:00.000,0.0
8014,2011-05-30 22:00:00.000,0.0
8015,2011-05-30 23:00:00.000,0.0
8016,2011-05-31 00:00:00.000,0.0
8017,2011-05-31 01:00:00.000,0.0
8018,2011-05-31 02:00:00.000,0.0
8019,2011-05-31 03:00:00.000,0.0
8020,2011-05-31 04:00:00.000,0.0
8021,2011-05-31 05:00:00.000,0.0
8022,2011-05-31 06:00:00.000,0.0
8023,2011-05-31 07:00:00.000,0.057999999999999996
8024,2011-05-31 08:00:00.000,0.4460000000000002
8025,2011-05-31 09:00:00.000,5.405999999999999
8026,2011-05-31 10:00:00.000,9.672999999999998
8027,2011-05-31 11:00:00.000,13.661000000000001
8028,2011-05-31 12:00:00.000,7.02
8029,2011-05-31 13:00:00.000,4.043
8030,2011-05-31 14:00:00.000,4.53
8031,2011-05-31 15:00:00.000,4.392
8032,2011-05-31 16:00:00.000,0.7840000000000005
8033,2011-05-31 17:00:00.000,0.0
8034,2011-05-31 18:00:00.000,0.0
8035,2011-05-31 19:00:00.000,0.0
8036,2011-05-31 20:00:00.000,0.0
8037,2011-05-31 21:00:00.000,0.0
8038,2011-05-31 22:00:00.000,0.0
8039,2011-05-31 23:00:00.000,0.0
8040,2011-06-01 00:00:00.000,0.0
8041,2011-06-01 01:00:00.000,0.0
8042,2011-06-01 02:00:00.000,0.0
8043,2011-06-01 03:00:00.000,0.0
8044,2011-06-01 04:00:00.000,0.0
8045,2011-06-01 05:00:00.000,0.0
8046,2011-06-01 06:00:00.000,0.0
8047,2011-06-01 07:00:00.000,2.795
8048,2011-06-01 08:00:00.000,9.595
8049,2011-06-01 09:00:00.000,29.46700000000001
8050,2011-06-01 10:00:00.000,34.671
8051,2011-06-01 11:00:00.000,42.96999999999999
8052,2011-06-01 12:00:00.000,44.60800000000001
8053,2011-06-01 13:00:00.000,33.273999999999994
8054,2011-06-01 14:00:00.000,25.023999999999997
8055,2011-06-01 15:00:00.000,6.469
8056,2011-06-01 16:00:00.000,1.5389999999999995
8057,2011-06-01 17:00:00.000,0.0
8058,2011-06-01 18:00:00.000,0.0
8059,2011-06-01 19:00:00.000,0.0
8060,2011-06-01 20:00:00.000,0.0
8061,2011-06-01 21:00:00.000,0.0
8062,2011-06-01 22:00:00.000,0.0
8063,2011-06-01 23:00:00.000,0.0
8064,2011-06-02 00:00:00.000,0.0
8065,2011-06-02 01:00:00.000,0.0
8066,2011-06-02 02:00:00.000,0.0
8067,2011-06-02 03:00:00.000,0.0
8068,2011-06-02 04:00:00.000,0.0
8069,2011-06-02 05:00:00.000,0.0
8070,2011-06-02 06:00:00.000,0.0
8071,2011-06-02 07:00:00.000,1.0290000000000001
8072,2011-06-02 08:00:00.000,11.190999999999997
8073,2011-06-02 09:00:00.000,16.624
8074,2011-06-02 10:00:00.000,36.242999999999995
8075,2011-06-02 11:00:00.000,40.407
8076,2011-06-02 12:00:00.000,44.781000000000006
8077,2011-06-02 13:00:00.000,35.341
8078,2011-06-02 14:00:00.000,28.442000000000004
8079,2011-06-02 15:00:00.000,14.245999999999997
8080,2011-06-02 16:00:00.000,2.679
8081,2011-06-02 17:00:00.000,0.0
8082,2011-06-02 18:00:00.000,0.0
8083,2011-06-02 19:00:00.000,0.0
8084,2011-06-02 20:00:00.000,0.0
8085,2011-06-02 21:00:00.000,0.0
8086,2011-06-02 22:00:00.000,0.0
8087,2011-06-02 23:00:00.000,0.0
8088,2011-06-03 00:00:00.000,0.0
8089,2011-06-03 01:00:00.000,0.0
8090,2011-06-03 02:00:00.000,0.0
8091,2011-06-03 03:00:00.000,0.0
8092,2011-06-03 04:00:00.000,0.0
8093,2011-06-03 05:00:00.000,0.0
8094,2011-06-03 06:00:00.000,0.0
8095,2011-06-03 07:00:00.000,5.538000000000001
8096,2011-06-03 08:00:00.000,17.461
8097,2011-06-03 09:00:00.000,33.467999999999996
8098,2011-06-03 10:00:00.000,41.56199999999999
8099,2011-06-03 11:00:00.000,45.96400000000001
8100,2011-06-03 12:00:00.000,46.31099999999999
8101,2011-06-03 13:00:00.000,40.32699999999999
8102,2011-06-03 14:00:00.000,26.851
8103,2011-06-03 15:00:00.000,13.079
8104,2011-06-03 16:00:00.000,2.249
8105,2011-06-03 17:00:00.000,0.0
8106,2011-06-03 18:00:00.000,0.0
8107,2011-06-03 19:00:00.000,0.0
8108,2011-06-03 20:00:00.000,0.0
8109,2011-06-03 21:00:00.000,0.0
8110,2011-06-03 22:00:00.000,0.0
8111,2011-06-03 23:00:00.000,0.0
8112,2011-06-04 00:00:00.000,0.0
8113,2011-06-04 01:00:00.000,0.0
8114,2011-06-04 02:00:00.000,0.0
8115,2011-06-04 03:00:00.000,0.0
8116,2011-06-04 04:00:00.000,0.0
8117,2011-06-04 05:00:00.000,0.0
8118,2011-06-04 06:00:00.000,0.0
8119,2011-06-04 07:00:00.000,4.6930000000000005
8120,2011-06-04 08:00:00.000,19.176
8121,2011-06-04 09:00:00.000,33.09299999999999
8122,2011-06-04 10:00:00.000,42.844999999999985
8123,2011-06-04 11:00:00.000,41.316
8124,2011-06-04 12:00:00.000,10.733
8125,2011-06-04 13:00:00.000,8.016999999999998
8126,2011-06-04 14:00:00.000,9.176999999999998
8127,2011-06-04 15:00:00.000,2.4640000000000004
8128,2011-06-04 16:00:00.000,0.7650000000000005
8129,2011-06-04 17:00:00.000,0.0
8130,2011-06-04 18:00:00.000,0.0
8131,2011-06-04 19:00:00.000,0.0
8132,2011-06-04 20:00:00.000,0.0
8133,2011-06-04 21:00:00.000,0.0
8134,2011-06-04 22:00:00.000,0.0
8135,2011-06-04 23:00:00.000,0.0
8136,2011-06-05 00:00:00.000,0.0
8137,2011-06-05 01:00:00.000,0.0
8138,2011-06-05 02:00:00.000,0.0
8139,2011-06-05 03:00:00.000,0.0
8140,2011-06-05 04:00:00.000,0.0
8141,2011-06-05 05:00:00.000,0.0
8142,2011-06-05 06:00:00.000,0.0
8143,2011-06-05 07:00:00.000,5.565999999999999
8144,2011-06-05 08:00:00.000,20.606999999999992
8145,2011-06-05 09:00:00.000,33.784000000000006
8146,2011-06-05 10:00:00.000,43.237999999999985
8147,2011-06-05 11:00:00.000,49.028999999999996
8148,2011-06-05 12:00:00.000,46.705
8149,2011-06-05 13:00:00.000,40.767999999999994
8150,2011-06-05 14:00:00.000,28.928
8151,2011-06-05 15:00:00.000,13.241999999999997
8152,2011-06-05 16:00:00.000,1.9589999999999999
8153,2011-06-05 17:00:00.000,0.0
8154,2011-06-05 18:00:00.000,0.0
8155,2011-06-05 19:00:00.000,0.0
8156,2011-06-05 20:00:00.000,0.0
8157,2011-06-05 21:00:00.000,0.0
8158,2011-06-05 22:00:00.000,0.0
8159,2011-06-05 23:00:00.000,0.0
8160,2011-06-06 00:00:00.000,0.0
8161,2011-06-06 01:00:00.000,0.0
8162,2011-06-06 02:00:00.000,0.0
8163,2011-06-06 03:00:00.000,0.0
8164,2011-06-06 04:00:00.000,0.0
8165,2011-06-06 05:00:00.000,0.0
8166,2011-06-06 06:00:00.000,0.0
8167,2011-06-06 07:00:00.000,5.697
8168,2011-06-06 08:00:00.000,19.634
8169,2011-06-06 09:00:00.000,33.872
8170,2011-06-06 10:00:00.000,43.902999999999984
8171,2011-06-06 11:00:00.000,48.80299999999999
8172,2011-06-06 12:00:00.000,38.84899999999999
8173,2011-06-06 13:00:00.000,32.184000000000005
8174,2011-06-06 14:00:00.000,23.019
8175,2011-06-06 15:00:00.000,3.9929999999999994
8176,2011-06-06 16:00:00.000,0.6550000000000002
8177,2011-06-06 17:00:00.000,0.0
8178,2011-06-06 18:00:00.000,0.0
8179,2011-06-06 19:00:00.000,0.0
8180,2011-06-06 20:00:00.000,0.0
8181,2011-06-06 21:00:00.000,0.0
8182,2011-06-06 22:00:00.000,0.0
8183,2011-06-06 23:00:00.000,0.0
8184,2011-06-07 00:00:00.000,0.0
8185,2011-06-07 01:00:00.000,0.0
8186,2011-06-07 02:00:00.000,0.0
8187,2011-06-07 03:00:00.000,0.0
8188,2011-06-07 04:00:00.000,0.0
8189,2011-06-07 05:00:00.000,0.0
8190,2011-06-07 06:00:00.000,0.0
8191,2011-06-07 07:00:00.000,6.1930000000000005
8192,2011-06-07 08:00:00.000,16.869
8193,2011-06-07 09:00:00.000,26.701000000000004
8194,2011-06-07 10:00:00.000,35.765
8195,2011-06-07 11:00:00.000,34.117999999999995
8196,2011-06-07 12:00:00.000,35.07200000000001
8197,2011-06-07 13:00:00.000,22.401000000000007
8198,2011-06-07 14:00:00.000,13.132
8199,2011-06-07 15:00:00.000,16.018
8200,2011-06-07 16:00:00.000,1.9279999999999997
8201,2011-06-07 17:00:00.000,0.0
8202,2011-06-07 18:00:00.000,0.0
8203,2011-06-07 19:00:00.000,0.0
8204,2011-06-07 20:00:00.000,0.0
8205,2011-06-07 21:00:00.000,0.0
8206,2011-06-07 22:00:00.000,0.0
8207,2011-06-07 23:00:00.000,0.0
8208,2011-06-08 00:00:00.000,0.0
8209,2011-06-08 01:00:00.000,0.0
8210,2011-06-08 02:00:00.000,0.0
8211,2011-06-08 03:00:00.000,0.0
8212,2011-06-08 04:00:00.000,0.0
8213,2011-06-08 05:00:00.000,0.0
8214,2011-06-08 06:00:00.000,0.0
8215,2011-06-08 07:00:00.000,4.337000000000001
8216,2011-06-08 08:00:00.000,20.011
8217,2011-06-08 09:00:00.000,35.17299999999999
8218,2011-06-08 10:00:00.000,45.79599999999999
8219,2011-06-08 11:00:00.000,51.29399999999999
8220,2011-06-08 12:00:00.000,49.885999999999996
8221,2011-06-08 13:00:00.000,43.413999999999994
8222,2011-06-08 14:00:00.000,32.48699999999999
8223,2011-06-08 15:00:00.000,16.476
8224,2011-06-08 16:00:00.000,2.118
8225,2011-06-08 17:00:00.000,0.0
8226,2011-06-08 18:00:00.000,0.0
8227,2011-06-08 19:00:00.000,0.0
8228,2011-06-08 20:00:00.000,0.0
8229,2011-06-08 21:00:00.000,0.0
8230,2011-06-08 22:00:00.000,0.0
8231,2011-06-08 23:00:00.000,0.0
8232,2011-06-09 00:00:00.000,0.0
8233,2011-06-09 01:00:00.000,0.0
8234,2011-06-09 02:00:00.000,0.0
8235,2011-06-09 03:00:00.000,0.0
8236,2011-06-09 04:00:00.000,0.0
8237,2011-06-09 05:00:00.000,0.0
8238,2011-06-09 06:00:00.000,0.0
8239,2011-06-09 07:00:00.000,5.380000000000001
8240,2011-06-09 08:00:00.000,20.069000000000003
8241,2011-06-09 09:00:00.000,34.73099999999999
8242,2011-06-09 10:00:00.000,45.024
8243,2011-06-09 11:00:00.000,50.67
8244,2011-06-09 12:00:00.000,49.12899999999999
8245,2011-06-09 13:00:00.000,41.970000000000006
8246,2011-06-09 14:00:00.000,31.194
8247,2011-06-09 15:00:00.000,15.576000000000004
8248,2011-06-09 16:00:00.000,2.054
8249,2011-06-09 17:00:00.000,0.0
8250,2011-06-09 18:00:00.000,0.0
8251,2011-06-09 19:00:00.000,0.0
8252,2011-06-09 20:00:00.000,0.0
8253,2011-06-09 21:00:00.000,0.0
8254,2011-06-09 22:00:00.000,0.0
8255,2011-06-09 23:00:00.000,0.0
8256,2011-06-10 00:00:00.000,0.0
8257,2011-06-10 01:00:00.000,0.0
8258,2011-06-10 02:00:00.000,0.0
8259,2011-06-10 03:00:00.000,0.0
8260,2011-06-10 04:00:00.000,0.0
8261,2011-06-10 05:00:00.000,0.0
8262,2011-06-10 06:00:00.000,0.0
8263,2011-06-10 07:00:00.000,5.088000000000001
8264,2011-06-10 08:00:00.000,19.078000000000007
8265,2011-06-10 09:00:00.000,33.300000000000004
8266,2011-06-10 10:00:00.000,43.26999999999999
8267,2011-06-10 11:00:00.000,48.166000000000004
8268,2011-06-10 12:00:00.000,40.62399999999998
8269,2011-06-10 13:00:00.000,20.991000000000003
8270,2011-06-10 14:00:00.000,10.809000000000001
8271,2011-06-10 15:00:00.000,6.405000000000002
8272,2011-06-10 16:00:00.000,0.2790000000000001
8273,2011-06-10 17:00:00.000,0.0
8274,2011-06-10 18:00:00.000,0.0
8275,2011-06-10 19:00:00.000,0.0
8276,2011-06-10 20:00:00.000,0.0
8277,2011-06-10 21:00:00.000,0.0
8278,2011-06-10 22:00:00.000,0.0
8279,2011-06-10 23:00:00.000,0.0
8280,2011-06-11 00:00:00.000,0.0
8281,2011-06-11 01:00:00.000,0.0
8282,2011-06-11 02:00:00.000,0.0
8283,2011-06-11 03:00:00.000,0.0
8284,2011-06-11 04:00:00.000,0.0
8285,2011-06-11 05:00:00.000,0.0
8286,2011-06-11 06:00:00.000,0.0
8287,2011-06-11 07:00:00.000,0.165
8288,2011-06-11 08:00:00.000,4.791
8289,2011-06-11 09:00:00.000,7.173000000000001
8290,2011-06-11 10:00:00.000,11.601
8291,2011-06-11 11:00:00.000,10.433000000000002
8292,2011-06-11 12:00:00.000,7.651999999999999
8293,2011-06-11 13:00:00.000,16.017
8294,2011-06-11 14:00:00.000,16.025000000000002
8295,2011-06-11 15:00:00.000,12.095000000000002
8296,2011-06-11 16:00:00.000,0.4530000000000001
8297,2011-06-11 17:00:00.000,0.0
8298,2011-06-11 18:00:00.000,0.0
8299,2011-06-11 19:00:00.000,0.0
8300,2011-06-11 20:00:00.000,0.0
8301,2011-06-11 21:00:00.000,0.0
8302,2011-06-11 22:00:00.000,0.0
8303,2011-06-11 23:00:00.000,0.0
8304,2011-06-12 00:00:00.000,0.0
8305,2011-06-12 01:00:00.000,0.0
8306,2011-06-12 02:00:00.000,0.0
8307,2011-06-12 03:00:00.000,0.0
8308,2011-06-12 04:00:00.000,0.0
8309,2011-06-12 05:00:00.000,0.0
8310,2011-06-12 06:00:00.000,0.0
8311,2011-06-12 07:00:00.000,0.0
8312,2011-06-12 08:00:00.000,0.0
8313,2011-06-12 09:00:00.000,0.6020000000000002
8314,2011-06-12 10:00:00.000,3.371
8315,2011-06-12 11:00:00.000,5.42
8316,2011-06-12 12:00:00.000,15.048000000000004
8317,2011-06-12 13:00:00.000,14.485000000000005
8318,2011-06-12 14:00:00.000,8.535
8319,2011-06-12 15:00:00.000,3.3229999999999995
8320,2011-06-12 16:00:00.000,0.17700000000000002
8321,2011-06-12 17:00:00.000,0.0
8322,2011-06-12 18:00:00.000,0.0
8323,2011-06-12 19:00:00.000,0.0
8324,2011-06-12 20:00:00.000,0.0
8325,2011-06-12 21:00:00.000,0.0
8326,2011-06-12 22:00:00.000,0.0
8327,2011-06-12 23:00:00.000,0.0
8328,2011-06-13 00:00:00.000,0.0
8329,2011-06-13 01:00:00.000,0.0
8330,2011-06-13 02:00:00.000,0.0
8331,2011-06-13 03:00:00.000,0.0
8332,2011-06-13 04:00:00.000,0.0
8333,2011-06-13 05:00:00.000,0.0
8334,2011-06-13 06:00:00.000,0.0
8335,2011-06-13 07:00:00.000,4.891
8336,2011-06-13 08:00:00.000,13.154000000000005
8337,2011-06-13 09:00:00.000,21.556999999999995
8338,2011-06-13 10:00:00.000,38.50699999999999
8339,2011-06-13 11:00:00.000,27.657
8340,2011-06-13 12:00:00.000,16.603
8341,2011-06-13 13:00:00.000,17.580000000000002
8342,2011-06-13 14:00:00.000,10.881
8343,2011-06-13 15:00:00.000,4.75
8344,2011-06-13 16:00:00.000,0.4540000000000001
8345,2011-06-13 17:00:00.000,0.0
8346,2011-06-13 18:00:00.000,0.0
8347,2011-06-13 19:00:00.000,0.0
8348,2011-06-13 20:00:00.000,0.0
8349,2011-06-13 21:00:00.000,0.0
8350,2011-06-13 22:00:00.000,0.0
8351,2011-06-13 23:00:00.000,0.0
8352,2011-06-14 00:00:00.000,0.0
8353,2011-06-14 01:00:00.000,0.0
8354,2011-06-14 02:00:00.000,0.0
8355,2011-06-14 03:00:00.000,0.0
8356,2011-06-14 04:00:00.000,0.0
8357,2011-06-14 05:00:00.000,0.0
8358,2011-06-14 06:00:00.000,0.0
8359,2011-06-14 07:00:00.000,0.057999999999999996
8360,2011-06-14 08:00:00.000,2.8400000000000003
8361,2011-06-14 09:00:00.000,8.816
8362,2011-06-14 10:00:00.000,15.586000000000004
8363,2011-06-14 11:00:00.000,16.812999999999995
8364,2011-06-14 12:00:00.000,26.892000000000003
8365,2011-06-14 13:00:00.000,23.88399999999999
8366,2011-06-14 14:00:00.000,13.533000000000003
8367,2011-06-14 15:00:00.000,2.4439999999999995
8368,2011-06-14 16:00:00.000,0.0
8369,2011-06-14 17:00:00.000,0.0
8370,2011-06-14 18:00:00.000,0.0
8371,2011-06-14 19:00:00.000,0.0
8372,2011-06-14 20:00:00.000,0.0
8373,2011-06-14 21:00:00.000,0.0
8374,2011-06-14 22:00:00.000,0.0
8375,2011-06-14 23:00:00.000,0.0
8376,2011-06-15 00:00:00.000,0.0
8377,2011-06-15 01:00:00.000,0.0
8378,2011-06-15 02:00:00.000,0.0
8379,2011-06-15 03:00:00.000,0.0
8380,2011-06-15 04:00:00.000,0.0
8381,2011-06-15 05:00:00.000,0.0
8382,2011-06-15 06:00:00.000,0.0
8383,2011-06-15 07:00:00.000,0.38400000000000006
8384,2011-06-15 08:00:00.000,1.1850000000000005
8385,2011-06-15 09:00:00.000,2.369
8386,2011-06-15 10:00:00.000,5.522000000000001
8387,2011-06-15 11:00:00.000,5.047000000000001
8388,2011-06-15 12:00:00.000,3.5330000000000004
8389,2011-06-15 13:00:00.000,3.265000000000001
8390,2011-06-15 14:00:00.000,3.5110000000000006
8391,2011-06-15 15:00:00.000,0.8170000000000004
8392,2011-06-15 16:00:00.000,0.063
8393,2011-06-15 17:00:00.000,0.0
8394,2011-06-15 18:00:00.000,0.0
8395,2011-06-15 19:00:00.000,0.0
8396,2011-06-15 20:00:00.000,0.0
8397,2011-06-15 21:00:00.000,0.0
8398,2011-06-15 22:00:00.000,0.0
8399,2011-06-15 23:00:00.000,0.0
8400,2011-06-16 00:00:00.000,0.0
8401,2011-06-16 01:00:00.000,0.0
8402,2011-06-16 02:00:00.000,0.0
8403,2011-06-16 03:00:00.000,0.0
8404,2011-06-16 04:00:00.000,0.0
8405,2011-06-16 05:00:00.000,0.0
8406,2011-06-16 06:00:00.000,0.0
8407,2011-06-16 07:00:00.000,3.1409999999999987
8408,2011-06-16 08:00:00.000,6.295
8409,2011-06-16 09:00:00.000,14.886999999999995
8410,2011-06-16 10:00:00.000,15.864000000000003
8411,2011-06-16 11:00:00.000,29.736
8412,2011-06-16 12:00:00.000,32.207
8413,2011-06-16 13:00:00.000,32.183000000000014
8414,2011-06-16 14:00:00.000,13.475
8415,2011-06-16 15:00:00.000,9.438000000000002
8416,2011-06-16 16:00:00.000,0.4590000000000002
8417,2011-06-16 17:00:00.000,0.0
8418,2011-06-16 18:00:00.000,0.0
8419,2011-06-16 19:00:00.000,0.0
8420,2011-06-16 20:00:00.000,0.0
8421,2011-06-16 21:00:00.000,0.0
8422,2011-06-16 22:00:00.000,0.0
8423,2011-06-16 23:00:00.000,0.0
8424,2011-06-17 00:00:00.000,0.0
8425,2011-06-17 01:00:00.000,0.0
8426,2011-06-17 02:00:00.000,0.0
8427,2011-06-17 03:00:00.000,0.0
8428,2011-06-17 04:00:00.000,0.0
8429,2011-06-17 05:00:00.000,0.0
8430,2011-06-17 06:00:00.000,0.0
8431,2011-06-17 07:00:00.000,4.535999999999999
8432,2011-06-17 08:00:00.000,18.158
8433,2011-06-17 09:00:00.000,32.415
8434,2011-06-17 10:00:00.000,42.65999999999999
8435,2011-06-17 11:00:00.000,48.235
8436,2011-06-17 12:00:00.000,47.34099999999998
8437,2011-06-17 13:00:00.000,40.812
8438,2011-06-17 14:00:00.000,27.755000000000006
8439,2011-06-17 15:00:00.000,12.067
8440,2011-06-17 16:00:00.000,1.9659999999999997
8441,2011-06-17 17:00:00.000,0.0
8442,2011-06-17 18:00:00.000,0.0
8443,2011-06-17 19:00:00.000,0.0
8444,2011-06-17 20:00:00.000,0.0
8445,2011-06-17 21:00:00.000,0.0
8446,2011-06-17 22:00:00.000,0.0
8447,2011-06-17 23:00:00.000,0.0
8448,2011-06-18 00:00:00.000,0.0
8449,2011-06-18 01:00:00.000,0.0
8450,2011-06-18 02:00:00.000,0.0
8451,2011-06-18 03:00:00.000,0.0
8452,2011-06-18 04:00:00.000,0.0
8453,2011-06-18 05:00:00.000,0.0
8454,2011-06-18 06:00:00.000,0.0
8455,2011-06-18 07:00:00.000,4.49
8456,2011-06-18 08:00:00.000,18.312000000000005
8457,2011-06-18 09:00:00.000,32.342
8458,2011-06-18 10:00:00.000,42.73899999999999
8459,2011-06-18 11:00:00.000,48.484
8460,2011-06-18 12:00:00.000,46.999999999999986
8461,2011-06-18 13:00:00.000,40.66499999999999
8462,2011-06-18 14:00:00.000,30.358000000000004
8463,2011-06-18 15:00:00.000,15.253
8464,2011-06-18 16:00:00.000,1.9399999999999993
8465,2011-06-18 17:00:00.000,0.0
8466,2011-06-18 18:00:00.000,0.0
8467,2011-06-18 19:00:00.000,0.0
8468,2011-06-18 20:00:00.000,0.0
8469,2011-06-18 21:00:00.000,0.0
8470,2011-06-18 22:00:00.000,0.0
8471,2011-06-18 23:00:00.000,0.0
8472,2011-06-19 00:00:00.000,0.0
8473,2011-06-19 01:00:00.000,0.0
8474,2011-06-19 02:00:00.000,0.0
8475,2011-06-19 03:00:00.000,0.0
8476,2011-06-19 04:00:00.000,0.0
8477,2011-06-19 05:00:00.000,0.0
8478,2011-06-19 06:00:00.000,0.0
8479,2011-06-19 07:00:00.000,4.508000000000001
8480,2011-06-19 08:00:00.000,19.078999999999997
8481,2011-06-19 09:00:00.000,32.61999999999999
8482,2011-06-19 10:00:00.000,42.982
8483,2011-06-19 11:00:00.000,48.041000000000004
8484,2011-06-19 12:00:00.000,47.408
8485,2011-06-19 13:00:00.000,40.827999999999996
8486,2011-06-19 14:00:00.000,30.642000000000003
8487,2011-06-19 15:00:00.000,15.574
8488,2011-06-19 16:00:00.000,1.9819999999999993
8489,2011-06-19 17:00:00.000,0.0
8490,2011-06-19 18:00:00.000,0.0
8491,2011-06-19 19:00:00.000,0.0
8492,2011-06-19 20:00:00.000,0.0
8493,2011-06-19 21:00:00.000,0.0
8494,2011-06-19 22:00:00.000,0.0
8495,2011-06-19 23:00:00.000,0.0
8496,2011-06-20 00:00:00.000,0.0
8497,2011-06-20 01:00:00.000,0.0
8498,2011-06-20 02:00:00.000,0.0
8499,2011-06-20 03:00:00.000,0.0
8500,2011-06-20 04:00:00.000,0.0
8501,2011-06-20 05:00:00.000,0.0
8502,2011-06-20 06:00:00.000,0.0
8503,2011-06-20 07:00:00.000,4.265000000000001
8504,2011-06-20 08:00:00.000,17.761
8505,2011-06-20 09:00:00.000,31.847999999999995
8506,2011-06-20 10:00:00.000,42.07199999999999
8507,2011-06-20 11:00:00.000,46.676
8508,2011-06-20 12:00:00.000,46.209
8509,2011-06-20 13:00:00.000,39.027999999999984
8510,2011-06-20 14:00:00.000,28.683
8511,2011-06-20 15:00:00.000,14.443000000000001
8512,2011-06-20 16:00:00.000,1.8749999999999991
8513,2011-06-20 17:00:00.000,0.0
8514,2011-06-20 18:00:00.000,0.0
8515,2011-06-20 19:00:00.000,0.0
8516,2011-06-20 20:00:00.000,0.0
8517,2011-06-20 21:00:00.000,0.0
8518,2011-06-20 22:00:00.000,0.0
8519,2011-06-20 23:00:00.000,0.0
8520,2011-06-21 00:00:00.000,0.0
8521,2011-06-21 01:00:00.000,0.0
8522,2011-06-21 02:00:00.000,0.0
8523,2011-06-21 03:00:00.000,0.0
8524,2011-06-21 04:00:00.000,0.0
8525,2011-06-21 05:00:00.000,0.0
8526,2011-06-21 06:00:00.000,0.0
8527,2011-06-21 07:00:00.000,4.130000000000001
8528,2011-06-21 08:00:00.000,17.196
8529,2011-06-21 09:00:00.000,30.418999999999993
8530,2011-06-21 10:00:00.000,39.172
8531,2011-06-21 11:00:00.000,45.199000000000005
8532,2011-06-21 12:00:00.000,43.22200000000001
8533,2011-06-21 13:00:00.000,39.407999999999994
8534,2011-06-21 14:00:00.000,29.764000000000006
8535,2011-06-21 15:00:00.000,13.501
8536,2011-06-21 16:00:00.000,1.774
8537,2011-06-21 17:00:00.000,0.0
8538,2011-06-21 18:00:00.000,0.0
8539,2011-06-21 19:00:00.000,0.0
8540,2011-06-21 20:00:00.000,0.0
8541,2011-06-21 21:00:00.000,0.0
8542,2011-06-21 22:00:00.000,0.0
8543,2011-06-21 23:00:00.000,0.0
8544,2011-06-22 00:00:00.000,0.0
8545,2011-06-22 01:00:00.000,0.0
8546,2011-06-22 02:00:00.000,0.0
8547,2011-06-22 03:00:00.000,0.0
8548,2011-06-22 04:00:00.000,0.0
8549,2011-06-22 05:00:00.000,0.0
8550,2011-06-22 06:00:00.000,0.0
8551,2011-06-22 07:00:00.000,3.5789999999999997
8552,2011-06-22 08:00:00.000,17.341
8553,2011-06-22 09:00:00.000,32.09499999999999
8554,2011-06-22 10:00:00.000,43.05799999999999
8555,2011-06-22 11:00:00.000,49.03399999999999
8556,2011-06-22 12:00:00.000,48.5
8557,2011-06-22 13:00:00.000,41.741
8558,2011-06-22 14:00:00.000,30.93600000000001
8559,2011-06-22 15:00:00.000,15.819999999999999
8560,2011-06-22 16:00:00.000,2.1109999999999998
8561,2011-06-22 17:00:00.000,0.0
8562,2011-06-22 18:00:00.000,0.0
8563,2011-06-22 19:00:00.000,0.0
8564,2011-06-22 20:00:00.000,0.0
8565,2011-06-22 21:00:00.000,0.0
8566,2011-06-22 22:00:00.000,0.0
8567,2011-06-22 23:00:00.000,0.0
8568,2011-06-23 00:00:00.000,0.0
8569,2011-06-23 01:00:00.000,0.0
8570,2011-06-23 02:00:00.000,0.0
8571,2011-06-23 03:00:00.000,0.0
8572,2011-06-23 04:00:00.000,0.0
8573,2011-06-23 05:00:00.000,0.0
8574,2011-06-23 06:00:00.000,0.0
8575,2011-06-23 07:00:00.000,4.236
8576,2011-06-23 08:00:00.000,18.196
8577,2011-06-23 09:00:00.000,32.556
8578,2011-06-23 10:00:00.000,42.708999999999996
8579,2011-06-23 11:00:00.000,48.24799999999999
8580,2011-06-23 12:00:00.000,47.19300000000001
8581,2011-06-23 13:00:00.000,40.496999999999986
8582,2011-06-23 14:00:00.000,30.316000000000013
8583,2011-06-23 15:00:00.000,15.255000000000004
8584,2011-06-23 16:00:00.000,1.9489999999999994
8585,2011-06-23 17:00:00.000,0.0
8586,2011-06-23 18:00:00.000,0.0
8587,2011-06-23 19:00:00.000,0.0
8588,2011-06-23 20:00:00.000,0.0
8589,2011-06-23 21:00:00.000,0.0
8590,2011-06-23 22:00:00.000,0.0
8591,2011-06-23 23:00:00.000,0.0
8592,2011-06-24 00:00:00.000,0.0
8593,2011-06-24 01:00:00.000,0.0
8594,2011-06-24 02:00:00.000,0.0
8595,2011-06-24 03:00:00.000,0.0
8596,2011-06-24 04:00:00.000,0.0
8597,2011-06-24 05:00:00.000,0.0
8598,2011-06-24 06:00:00.000,0.0
8599,2011-06-24 07:00:00.000,4.282
8600,2011-06-24 08:00:00.000,17.907999999999998
8601,2011-06-24 09:00:00.000,31.831
8602,2011-06-24 10:00:00.000,41.89099999999999
8603,2011-06-24 11:00:00.000,46.88800000000001
8604,2011-06-24 12:00:00.000,45.741
8605,2011-06-24 13:00:00.000,39.682
8606,2011-06-24 14:00:00.000,29.975
8607,2011-06-24 15:00:00.000,15.37
8608,2011-06-24 16:00:00.000,2.0439999999999996
8609,2011-06-24 17:00:00.000,0.0
8610,2011-06-24 18:00:00.000,0.0
8611,2011-06-24 19:00:00.000,0.0
8612,2011-06-24 20:00:00.000,0.0
8613,2011-06-24 21:00:00.000,0.0
8614,2011-06-24 22:00:00.000,0.0
8615,2011-06-24 23:00:00.000,0.0
8616,2011-06-25 00:00:00.000,0.0
8617,2011-06-25 01:00:00.000,0.0
8618,2011-06-25 02:00:00.000,0.0
8619,2011-06-25 03:00:00.000,0.0
8620,2011-06-25 04:00:00.000,0.0
8621,2011-06-25 05:00:00.000,0.0
8622,2011-06-25 06:00:00.000,0.0
8623,2011-06-25 07:00:00.000,4.176000000000001
8624,2011-06-25 08:00:00.000,18.072
8625,2011-06-25 09:00:00.000,31.405999999999988
8626,2011-06-25 10:00:00.000,40.94199999999999
8627,2011-06-25 11:00:00.000,45.693999999999996
8628,2011-06-25 12:00:00.000,43.736
8629,2011-06-25 13:00:00.000,35.892
8630,2011-06-25 14:00:00.000,26.11200000000001
8631,2011-06-25 15:00:00.000,10.895
8632,2011-06-25 16:00:00.000,1.6439999999999997
8633,2011-06-25 17:00:00.000,0.0
8634,2011-06-25 18:00:00.000,0.0
8635,2011-06-25 19:00:00.000,0.0
8636,2011-06-25 20:00:00.000,0.0
8637,2011-06-25 21:00:00.000,0.0
8638,2011-06-25 22:00:00.000,0.0
8639,2011-06-25 23:00:00.000,0.0
8640,2011-06-26 00:00:00.000,0.0
8641,2011-06-26 01:00:00.000,0.0
8642,2011-06-26 02:00:00.000,0.0
8643,2011-06-26 03:00:00.000,0.0
8644,2011-06-26 04:00:00.000,0.0
8645,2011-06-26 05:00:00.000,0.0
8646,2011-06-26 06:00:00.000,0.0
8647,2011-06-26 07:00:00.000,4.323
8648,2011-06-26 08:00:00.000,17.997999999999998
8649,2011-06-26 09:00:00.000,32.289
8650,2011-06-26 10:00:00.000,42.834999999999994
8651,2011-06-26 11:00:00.000,48.24699999999999
8652,2011-06-26 12:00:00.000,47.498
8653,2011-06-26 13:00:00.000,41.236999999999995
8654,2011-06-26 14:00:00.000,31.133999999999997
8655,2011-06-26 15:00:00.000,15.847999999999999
8656,2011-06-26 16:00:00.000,2.1399999999999992
8657,2011-06-26 17:00:00.000,0.0
8658,2011-06-26 18:00:00.000,0.0
8659,2011-06-26 19:00:00.000,0.0
8660,2011-06-26 20:00:00.000,0.0
8661,2011-06-26 21:00:00.000,0.0
8662,2011-06-26 22:00:00.000,0.0
8663,2011-06-26 23:00:00.000,0.0
8664,2011-06-27 00:00:00.000,0.0
8665,2011-06-27 01:00:00.000,0.0
8666,2011-06-27 02:00:00.000,0.0
8667,2011-06-27 03:00:00.000,0.0
8668,2011-06-27 04:00:00.000,0.0
8669,2011-06-27 05:00:00.000,0.0
8670,2011-06-27 06:00:00.000,0.0
8671,2011-06-27 07:00:00.000,4.6850000000000005
8672,2011-06-27 08:00:00.000,19.245000000000005
8673,2011-06-27 09:00:00.000,31.849999999999998
8674,2011-06-27 10:00:00.000,42.06499999999999
8675,2011-06-27 11:00:00.000,47.584
8676,2011-06-27 12:00:00.000,45.98399999999999
8677,2011-06-27 13:00:00.000,37.471000000000004
8678,2011-06-27 14:00:00.000,22.912999999999993
8679,2011-06-27 15:00:00.000,14.544999999999998
8680,2011-06-27 16:00:00.000,2.2809999999999997
8681,2011-06-27 17:00:00.000,0.0
8682,2011-06-27 18:00:00.000,0.0
8683,2011-06-27 19:00:00.000,0.0
8684,2011-06-27 20:00:00.000,0.0
8685,2011-06-27 21:00:00.000,0.0
8686,2011-06-27 22:00:00.000,0.0
8687,2011-06-27 23:00:00.000,0.0
8688,2011-06-28 00:00:00.000,0.0
8689,2011-06-28 01:00:00.000,0.0
8690,2011-06-28 02:00:00.000,0.0
8691,2011-06-28 03:00:00.000,0.0
8692,2011-06-28 04:00:00.000,0.0
8693,2011-06-28 05:00:00.000,0.0
8694,2011-06-28 06:00:00.000,0.0
8695,2011-06-28 07:00:00.000,1.232
8696,2011-06-28 08:00:00.000,8.264000000000001
8697,2011-06-28 09:00:00.000,9.718
8698,2011-06-28 10:00:00.000,23.13
8699,2011-06-28 11:00:00.000,16.271000000000004
8700,2011-06-28 12:00:00.000,12.681000000000003
8701,2011-06-28 13:00:00.000,14.907000000000004
8702,2011-06-28 14:00:00.000,8.226000000000003
8703,2011-06-28 15:00:00.000,2.2940000000000005
8704,2011-06-28 16:00:00.000,0.051
8705,2011-06-28 17:00:00.000,0.0
8706,2011-06-28 18:00:00.000,0.0
8707,2011-06-28 19:00:00.000,0.0
8708,2011-06-28 20:00:00.000,0.0
8709,2011-06-28 21:00:00.000,0.0
8710,2011-06-28 22:00:00.000,0.0
8711,2011-06-28 23:00:00.000,0.0
8712,2011-06-29 00:00:00.000,0.0
8713,2011-06-29 01:00:00.000,0.0
8714,2011-06-29 02:00:00.000,0.0
8715,2011-06-29 03:00:00.000,0.0
8716,2011-06-29 04:00:00.000,0.0
8717,2011-06-29 05:00:00.000,0.0
8718,2011-06-29 06:00:00.000,0.0
8719,2011-06-29 07:00:00.000,0.8340000000000004
8720,2011-06-29 08:00:00.000,5.815000000000001
8721,2011-06-29 09:00:00.000,18.935
8722,2011-06-29 10:00:00.000,13.016
8723,2011-06-29 11:00:00.000,31.642
8724,2011-06-29 12:00:00.000,34.28999999999999
8725,2011-06-29 13:00:00.000,32.51500000000001
8726,2011-06-29 14:00:00.000,13.621000000000002
8727,2011-06-29 15:00:00.000,5.495
8728,2011-06-29 16:00:00.000,0.9560000000000004
8729,2011-06-29 17:00:00.000,0.0
8730,2011-06-29 18:00:00.000,0.0
8731,2011-06-29 19:00:00.000,0.0
8732,2011-06-29 20:00:00.000,0.0
8733,2011-06-29 21:00:00.000,0.0
8734,2011-06-29 22:00:00.000,0.0
8735,2011-06-29 23:00:00.000,0.0
8736,2011-06-30 00:00:00.000,0.0
8737,2011-06-30 01:00:00.000,0.0
8738,2011-06-30 02:00:00.000,0.0
8739,2011-06-30 03:00:00.000,0.0
8740,2011-06-30 04:00:00.000,0.0
8741,2011-06-30 05:00:00.000,0.0
8742,2011-06-30 06:00:00.000,0.0
8743,2011-06-30 07:00:00.000,0.5040000000000001
8744,2011-06-30 08:00:00.000,4.578999999999999
8745,2011-06-30 09:00:00.000,11.329
8746,2011-06-30 10:00:00.000,15.169000000000002
8747,2011-06-30 11:00:00.000,13.930999999999997
8748,2011-06-30 12:00:00.000,13.783
8749,2011-06-30 13:00:00.000,27.445
8750,2011-06-30 14:00:00.000,21.56099999999999
8751,2011-06-30 15:00:00.000,8.621
8752,2011-06-30 16:00:00.000,0.196
8753,2011-06-30 17:00:00.000,0.0
8754,2011-06-30 18:00:00.000,0.0
8755,2011-06-30 19:00:00.000,0.0
8756,2011-06-30 20:00:00.000,0.0
8757,2011-06-30 21:00:00.000,0.0
8758,2011-06-30 22:00:00.000,0.0
8759,2011-06-30 23:00:00.000,0.0
8760,2011-07-01 00:00:00.000,0.0
8761,2011-07-01 01:00:00.000,0.0
8762,2011-07-01 02:00:00.000,0.0
8763,2011-07-01 03:00:00.000,0.0
8764,2011-07-01 04:00:00.000,0.0
8765,2011-07-01 05:00:00.000,0.0
8766,2011-07-01 06:00:00.000,0.0
8767,2011-07-01 07:00:00.000,1.1440000000000001
8768,2011-07-01 08:00:00.000,9.139999999999999
8769,2011-07-01 09:00:00.000,9.793000000000001
8770,2011-07-01 10:00:00.000,21.802
8771,2011-07-01 11:00:00.000,41.41
8772,2011-07-01 12:00:00.000,20.807000000000002
8773,2011-07-01 13:00:00.000,31.957000000000015
8774,2011-07-01 14:00:00.000,22.263999999999996
8775,2011-07-01 15:00:00.000,7.1530000000000005
8776,2011-07-01 16:00:00.000,0.42800000000000016
8777,2011-07-01 17:00:00.000,0.0
8778,2011-07-01 18:00:00.000,0.0
8779,2011-07-01 19:00:00.000,0.0
8780,2011-07-01 20:00:00.000,0.0
8781,2011-07-01 21:00:00.000,0.0
8782,2011-07-01 22:00:00.000,0.0
8783,2011-07-01 23:00:00.000,0.0
8784,2011-07-02 00:00:00.000,0.0
8785,2011-07-02 01:00:00.000,0.0
8786,2011-07-02 02:00:00.000,0.0
8787,2011-07-02 03:00:00.000,0.0
8788,2011-07-02 04:00:00.000,0.0
8789,2011-07-02 05:00:00.000,0.0
8790,2011-07-02 06:00:00.000,0.0
8791,2011-07-02 07:00:00.000,1.293
8792,2011-07-02 08:00:00.000,12.204
8793,2011-07-02 09:00:00.000,19.586000000000002
8794,2011-07-02 10:00:00.000,32.419000000000004
8795,2011-07-02 11:00:00.000,35.936
8796,2011-07-02 12:00:00.000,39.96399999999999
8797,2011-07-02 13:00:00.000,35.292
8798,2011-07-02 14:00:00.000,20.145
8799,2011-07-02 15:00:00.000,13.177999999999999
8800,2011-07-02 16:00:00.000,1.7349999999999994
8801,2011-07-02 17:00:00.000,0.0
8802,2011-07-02 18:00:00.000,0.0
8803,2011-07-02 19:00:00.000,0.0
8804,2011-07-02 20:00:00.000,0.0
8805,2011-07-02 21:00:00.000,0.0
8806,2011-07-02 22:00:00.000,0.0
8807,2011-07-02 23:00:00.000,0.0
8808,2011-07-03 00:00:00.000,0.0
8809,2011-07-03 01:00:00.000,0.0
8810,2011-07-03 02:00:00.000,0.0
8811,2011-07-03 03:00:00.000,0.0
8812,2011-07-03 04:00:00.000,0.0
8813,2011-07-03 05:00:00.000,0.0
8814,2011-07-03 06:00:00.000,0.0
8815,2011-07-03 07:00:00.000,1.6559999999999995
8816,2011-07-03 08:00:00.000,10.845000000000002
8817,2011-07-03 09:00:00.000,20.888
8818,2011-07-03 10:00:00.000,25.476000000000003
8819,2011-07-03 11:00:00.000,32.90899999999999
8820,2011-07-03 12:00:00.000,44.19699999999998
8821,2011-07-03 13:00:00.000,38.983000000000004
8822,2011-07-03 14:00:00.000,29.64500000000001
8823,2011-07-03 15:00:00.000,11.413000000000004
8824,2011-07-03 16:00:00.000,0.5850000000000002
8825,2011-07-03 17:00:00.000,0.0
8826,2011-07-03 18:00:00.000,0.0
8827,2011-07-03 19:00:00.000,0.0
8828,2011-07-03 20:00:00.000,0.0
8829,2011-07-03 21:00:00.000,0.0
8830,2011-07-03 22:00:00.000,0.0
8831,2011-07-03 23:00:00.000,0.0
8832,2011-07-04 00:00:00.000,0.0
8833,2011-07-04 01:00:00.000,0.0
8834,2011-07-04 02:00:00.000,0.0
8835,2011-07-04 03:00:00.000,0.0
8836,2011-07-04 04:00:00.000,0.0
8837,2011-07-04 05:00:00.000,0.0
8838,2011-07-04 06:00:00.000,0.0
8839,2011-07-04 07:00:00.000,3.5659999999999994
8840,2011-07-04 08:00:00.000,18.388
8841,2011-07-04 09:00:00.000,32.10699999999999
8842,2011-07-04 10:00:00.000,41.38600000000001
8843,2011-07-04 11:00:00.000,45.970000000000006
8844,2011-07-04 12:00:00.000,46.379
8845,2011-07-04 13:00:00.000,40.44999999999999
8846,2011-07-04 14:00:00.000,22.664999999999996
8847,2011-07-04 15:00:00.000,15.433999999999997
8848,2011-07-04 16:00:00.000,2.2300000000000004
8849,2011-07-04 17:00:00.000,0.0
8850,2011-07-04 18:00:00.000,0.0
8851,2011-07-04 19:00:00.000,0.0
8852,2011-07-04 20:00:00.000,0.0
8853,2011-07-04 21:00:00.000,0.0
8854,2011-07-04 22:00:00.000,0.0
8855,2011-07-04 23:00:00.000,0.0
8856,2011-07-05 00:00:00.000,0.0
8857,2011-07-05 01:00:00.000,0.0
8858,2011-07-05 02:00:00.000,0.0
8859,2011-07-05 03:00:00.000,0.0
8860,2011-07-05 04:00:00.000,0.0
8861,2011-07-05 05:00:00.000,0.0
8862,2011-07-05 06:00:00.000,0.0
8863,2011-07-05 07:00:00.000,4.332999999999999
8864,2011-07-05 08:00:00.000,18.152
8865,2011-07-05 09:00:00.000,32.722
8866,2011-07-05 10:00:00.000,43.62599999999998
8867,2011-07-05 11:00:00.000,50.24699999999999
8868,2011-07-05 12:00:00.000,49.52700000000001
8869,2011-07-05 13:00:00.000,43.06999999999999
8870,2011-07-05 14:00:00.000,32.064
8871,2011-07-05 15:00:00.000,17.453000000000003
8872,2011-07-05 16:00:00.000,2.7899999999999996
8873,2011-07-05 17:00:00.000,0.0
8874,2011-07-05 18:00:00.000,0.0
8875,2011-07-05 19:00:00.000,0.0
8876,2011-07-05 20:00:00.000,0.0
8877,2011-07-05 21:00:00.000,0.0
8878,2011-07-05 22:00:00.000,0.0
8879,2011-07-05 23:00:00.000,0.0
8880,2011-07-06 00:00:00.000,0.0
8881,2011-07-06 01:00:00.000,0.0
8882,2011-07-06 02:00:00.000,0.0
8883,2011-07-06 03:00:00.000,0.0
8884,2011-07-06 04:00:00.000,0.0
8885,2011-07-06 05:00:00.000,0.0
8886,2011-07-06 06:00:00.000,0.0
8887,2011-07-06 07:00:00.000,2.783
8888,2011-07-06 08:00:00.000,15.309
8889,2011-07-06 09:00:00.000,30.415
8890,2011-07-06 10:00:00.000,42.884
8891,2011-07-06 11:00:00.000,45.456
8892,2011-07-06 12:00:00.000,43.622
8893,2011-07-06 13:00:00.000,41.698000000000015
8894,2011-07-06 14:00:00.000,32.624
8895,2011-07-06 15:00:00.000,16.434
8896,2011-07-06 16:00:00.000,1.8909999999999998
8897,2011-07-06 17:00:00.000,0.0
8898,2011-07-06 18:00:00.000,0.0
8899,2011-07-06 19:00:00.000,0.0
8900,2011-07-06 20:00:00.000,0.0
8901,2011-07-06 21:00:00.000,0.0
8902,2011-07-06 22:00:00.000,0.0
8903,2011-07-06 23:00:00.000,0.0
8904,2011-07-07 00:00:00.000,0.0
8905,2011-07-07 01:00:00.000,0.0
8906,2011-07-07 02:00:00.000,0.0
8907,2011-07-07 03:00:00.000,0.0
8908,2011-07-07 04:00:00.000,0.0
8909,2011-07-07 05:00:00.000,0.0
8910,2011-07-07 06:00:00.000,0.0
8911,2011-07-07 07:00:00.000,4.334999999999999
8912,2011-07-07 08:00:00.000,18.550000000000004
8913,2011-07-07 09:00:00.000,33.160000000000004
8914,2011-07-07 10:00:00.000,43.49999999999999
8915,2011-07-07 11:00:00.000,48.899999999999984
8916,2011-07-07 12:00:00.000,41.71000000000001
8917,2011-07-07 13:00:00.000,37.77300000000001
8918,2011-07-07 14:00:00.000,31.740999999999993
8919,2011-07-07 15:00:00.000,17.317
8920,2011-07-07 16:00:00.000,3.111999999999999
8921,2011-07-07 17:00:00.000,0.0
8922,2011-07-07 18:00:00.000,0.0
8923,2011-07-07 19:00:00.000,0.0
8924,2011-07-07 20:00:00.000,0.0
8925,2011-07-07 21:00:00.000,0.0
8926,2011-07-07 22:00:00.000,0.0
8927,2011-07-07 23:00:00.000,0.0
8928,2011-07-08 00:00:00.000,0.0
8929,2011-07-08 01:00:00.000,0.0
8930,2011-07-08 02:00:00.000,0.0
8931,2011-07-08 03:00:00.000,0.0
8932,2011-07-08 04:00:00.000,0.0
8933,2011-07-08 05:00:00.000,0.0
8934,2011-07-08 06:00:00.000,0.0
8935,2011-07-08 07:00:00.000,4.428
8936,2011-07-08 08:00:00.000,18.753000000000004
8937,2011-07-08 09:00:00.000,33.816
8938,2011-07-08 10:00:00.000,45.019999999999996
8939,2011-07-08 11:00:00.000,51.003999999999984
8940,2011-07-08 12:00:00.000,50.67699999999998
8941,2011-07-08 13:00:00.000,43.851
8942,2011-07-08 14:00:00.000,33.317
8943,2011-07-08 15:00:00.000,17.956
8944,2011-07-08 16:00:00.000,3.097
8945,2011-07-08 17:00:00.000,0.0
8946,2011-07-08 18:00:00.000,0.0
8947,2011-07-08 19:00:00.000,0.0
8948,2011-07-08 20:00:00.000,0.0
8949,2011-07-08 21:00:00.000,0.0
8950,2011-07-08 22:00:00.000,0.0
8951,2011-07-08 23:00:00.000,0.0
8952,2011-07-09 00:00:00.000,0.0
8953,2011-07-09 01:00:00.000,0.0
8954,2011-07-09 02:00:00.000,0.0
8955,2011-07-09 03:00:00.000,0.0
8956,2011-07-09 04:00:00.000,0.0
8957,2011-07-09 05:00:00.000,0.0
8958,2011-07-09 06:00:00.000,0.0
8959,2011-07-09 07:00:00.000,4.6629999999999985
8960,2011-07-09 08:00:00.000,19.353
8961,2011-07-09 09:00:00.000,34.318
8962,2011-07-09 10:00:00.000,45.138999999999996
8963,2011-07-09 11:00:00.000,50.952999999999996
8964,2011-07-09 12:00:00.000,50.48299999999999
8965,2011-07-09 13:00:00.000,43.998
8966,2011-07-09 14:00:00.000,33.45399999999999
8967,2011-07-09 15:00:00.000,17.993
8968,2011-07-09 16:00:00.000,3.131
8969,2011-07-09 17:00:00.000,0.0
8970,2011-07-09 18:00:00.000,0.0
8971,2011-07-09 19:00:00.000,0.0
8972,2011-07-09 20:00:00.000,0.0
8973,2011-07-09 21:00:00.000,0.0
8974,2011-07-09 22:00:00.000,0.0
8975,2011-07-09 23:00:00.000,0.0
8976,2011-07-10 00:00:00.000,0.0
8977,2011-07-10 01:00:00.000,0.0
8978,2011-07-10 02:00:00.000,0.0
8979,2011-07-10 03:00:00.000,0.0
8980,2011-07-10 04:00:00.000,0.0
8981,2011-07-10 05:00:00.000,0.0
8982,2011-07-10 06:00:00.000,0.0
8983,2011-07-10 07:00:00.000,4.7429999999999986
8984,2011-07-10 08:00:00.000,19.273000000000007
8985,2011-07-10 09:00:00.000,34.559999999999995
8986,2011-07-10 10:00:00.000,45.611999999999995
8987,2011-07-10 11:00:00.000,51.552
8988,2011-07-10 12:00:00.000,50.883999999999986
8989,2011-07-10 13:00:00.000,44.672999999999995
8990,2011-07-10 14:00:00.000,33.905
8991,2011-07-10 15:00:00.000,18.249000000000002
8992,2011-07-10 16:00:00.000,3.1879999999999997
8993,2011-07-10 17:00:00.000,0.0
8994,2011-07-10 18:00:00.000,0.0
8995,2011-07-10 19:00:00.000,0.0
8996,2011-07-10 20:00:00.000,0.0
8997,2011-07-10 21:00:00.000,0.0
8998,2011-07-10 22:00:00.000,0.0
8999,2011-07-10 23:00:00.000,0.0
9000,2011-07-11 00:00:00.000,0.0
9001,2011-07-11 01:00:00.000,0.0
9002,2011-07-11 02:00:00.000,0.0
9003,2011-07-11 03:00:00.000,0.0
9004,2011-07-11 04:00:00.000,0.0
9005,2011-07-11 05:00:00.000,0.0
9006,2011-07-11 06:00:00.000,0.0
9007,2011-07-11 07:00:00.000,4.560999999999998
9008,2011-07-11 08:00:00.000,18.924
9009,2011-07-11 09:00:00.000,33.666
9010,2011-07-11 10:00:00.000,44.422999999999995
9011,2011-07-11 11:00:00.000,50.281
9012,2011-07-11 12:00:00.000,49.82600000000001
9013,2011-07-11 13:00:00.000,43.17
9014,2011-07-11 14:00:00.000,32.584
9015,2011-07-11 15:00:00.000,17.608
9016,2011-07-11 16:00:00.000,3.1539999999999995
9017,2011-07-11 17:00:00.000,0.0
9018,2011-07-11 18:00:00.000,0.0
9019,2011-07-11 19:00:00.000,0.0
9020,2011-07-11 20:00:00.000,0.0
9021,2011-07-11 21:00:00.000,0.0
9022,2011-07-11 22:00:00.000,0.0
9023,2011-07-11 23:00:00.000,0.0
9024,2011-07-12 00:00:00.000,0.0
9025,2011-07-12 01:00:00.000,0.0
9026,2011-07-12 02:00:00.000,0.0
9027,2011-07-12 03:00:00.000,0.0
9028,2011-07-12 04:00:00.000,0.0
9029,2011-07-12 05:00:00.000,0.0
9030,2011-07-12 06:00:00.000,0.0
9031,2011-07-12 07:00:00.000,4.6259999999999994
9032,2011-07-12 08:00:00.000,19.118000000000002
9033,2011-07-12 09:00:00.000,34.202
9034,2011-07-12 10:00:00.000,45.13999999999999
9035,2011-07-12 11:00:00.000,50.802
9036,2011-07-12 12:00:00.000,50.60199999999999
9037,2011-07-12 13:00:00.000,44.04099999999999
9038,2011-07-12 14:00:00.000,33.442
9039,2011-07-12 15:00:00.000,17.594
9040,2011-07-12 16:00:00.000,3.3189999999999995
9041,2011-07-12 17:00:00.000,0.0
9042,2011-07-12 18:00:00.000,0.0
9043,2011-07-12 19:00:00.000,0.0
9044,2011-07-12 20:00:00.000,0.0
9045,2011-07-12 21:00:00.000,0.0
9046,2011-07-12 22:00:00.000,0.0
9047,2011-07-12 23:00:00.000,0.0
9048,2011-07-13 00:00:00.000,0.0
9049,2011-07-13 01:00:00.000,0.0
9050,2011-07-13 02:00:00.000,0.0
9051,2011-07-13 03:00:00.000,0.0
9052,2011-07-13 04:00:00.000,0.0
9053,2011-07-13 05:00:00.000,0.0
9054,2011-07-13 06:00:00.000,0.0
9055,2011-07-13 07:00:00.000,0.6530000000000004
9056,2011-07-13 08:00:00.000,5.542000000000001
9057,2011-07-13 09:00:00.000,14.112
9058,2011-07-13 10:00:00.000,26.358999999999998
9059,2011-07-13 11:00:00.000,19.65399999999999
9060,2011-07-13 12:00:00.000,14.747000000000002
9061,2011-07-13 13:00:00.000,13.030000000000003
9062,2011-07-13 14:00:00.000,6.96
9063,2011-07-13 15:00:00.000,3.509000000000001
9064,2011-07-13 16:00:00.000,0.35300000000000004
9065,2011-07-13 17:00:00.000,0.0
9066,2011-07-13 18:00:00.000,0.0
9067,2011-07-13 19:00:00.000,0.0
9068,2011-07-13 20:00:00.000,0.0
9069,2011-07-13 21:00:00.000,0.0
9070,2011-07-13 22:00:00.000,0.0
9071,2011-07-13 23:00:00.000,0.0
9072,2011-07-14 00:00:00.000,0.0
9073,2011-07-14 01:00:00.000,0.0
9074,2011-07-14 02:00:00.000,0.0
9075,2011-07-14 03:00:00.000,0.0
9076,2011-07-14 04:00:00.000,0.0
9077,2011-07-14 05:00:00.000,0.0
9078,2011-07-14 06:00:00.000,0.0
9079,2011-07-14 07:00:00.000,1.8790000000000002
9080,2011-07-14 08:00:00.000,18.189000000000007
9081,2011-07-14 09:00:00.000,33.405
9082,2011-07-14 10:00:00.000,42.911
9083,2011-07-14 11:00:00.000,48.619
9084,2011-07-14 12:00:00.000,47.131
9085,2011-07-14 13:00:00.000,39.083
9086,2011-07-14 14:00:00.000,31.89
9087,2011-07-14 15:00:00.000,18.660999999999998
9088,2011-07-14 16:00:00.000,3.467999999999999
9089,2011-07-14 17:00:00.000,0.0
9090,2011-07-14 18:00:00.000,0.0
9091,2011-07-14 19:00:00.000,0.0
9092,2011-07-14 20:00:00.000,0.0
9093,2011-07-14 21:00:00.000,0.0
9094,2011-07-14 22:00:00.000,0.0
9095,2011-07-14 23:00:00.000,0.0
9096,2011-07-15 00:00:00.000,0.0
9097,2011-07-15 01:00:00.000,0.0
9098,2011-07-15 02:00:00.000,0.0
9099,2011-07-15 03:00:00.000,0.0
9100,2011-07-15 04:00:00.000,0.0
9101,2011-07-15 05:00:00.000,0.0
9102,2011-07-15 06:00:00.000,0.0
9103,2011-07-15 07:00:00.000,1.478
9104,2011-07-15 08:00:00.000,7.319000000000001
9105,2011-07-15 09:00:00.000,13.940999999999999
9106,2011-07-15 10:00:00.000,23.491999999999997
9107,2011-07-15 11:00:00.000,23.966000000000005
9108,2011-07-15 12:00:00.000,24.802999999999994
9109,2011-07-15 13:00:00.000,20.659999999999997
9110,2011-07-15 14:00:00.000,14.861999999999998
9111,2011-07-15 15:00:00.000,7.308
9112,2011-07-15 16:00:00.000,0.08399999999999999
9113,2011-07-15 17:00:00.000,0.0
9114,2011-07-15 18:00:00.000,0.0
9115,2011-07-15 19:00:00.000,0.0
9116,2011-07-15 20:00:00.000,0.0
9117,2011-07-15 21:00:00.000,0.0
9118,2011-07-15 22:00:00.000,0.0
9119,2011-07-15 23:00:00.000,0.0
9120,2011-07-16 00:00:00.000,0.0
9121,2011-07-16 01:00:00.000,0.0
9122,2011-07-16 02:00:00.000,0.0
9123,2011-07-16 03:00:00.000,0.0
9124,2011-07-16 04:00:00.000,0.0
9125,2011-07-16 05:00:00.000,0.0
9126,2011-07-16 06:00:00.000,0.0
9127,2011-07-16 07:00:00.000,1.3799999999999994
9128,2011-07-16 08:00:00.000,9.132999999999997
9129,2011-07-16 09:00:00.000,9.451
9130,2011-07-16 10:00:00.000,30.077000000000005
9131,2011-07-16 11:00:00.000,28.733999999999995
9132,2011-07-16 12:00:00.000,40.986
9133,2011-07-16 13:00:00.000,27.955999999999996
9134,2011-07-16 14:00:00.000,13.283999999999997
9135,2011-07-16 15:00:00.000,8.426000000000002
9136,2011-07-16 16:00:00.000,0.9900000000000004
9137,2011-07-16 17:00:00.000,0.0
9138,2011-07-16 18:00:00.000,0.0
9139,2011-07-16 19:00:00.000,0.0
9140,2011-07-16 20:00:00.000,0.0
9141,2011-07-16 21:00:00.000,0.0
9142,2011-07-16 22:00:00.000,0.0
9143,2011-07-16 23:00:00.000,0.0
9144,2011-07-17 00:00:00.000,0.0
9145,2011-07-17 01:00:00.000,0.0
9146,2011-07-17 02:00:00.000,0.0
9147,2011-07-17 03:00:00.000,0.0
9148,2011-07-17 04:00:00.000,0.0
9149,2011-07-17 05:00:00.000,0.0
9150,2011-07-17 06:00:00.000,0.0
9151,2011-07-17 07:00:00.000,0.8530000000000003
9152,2011-07-17 08:00:00.000,8.731000000000002
9153,2011-07-17 09:00:00.000,17.703000000000003
9154,2011-07-17 10:00:00.000,27.121
9155,2011-07-17 11:00:00.000,25.265999999999995
9156,2011-07-17 12:00:00.000,28.812
9157,2011-07-17 13:00:00.000,29.189999999999998
9158,2011-07-17 14:00:00.000,12.500999999999998
9159,2011-07-17 15:00:00.000,8.886
9160,2011-07-17 16:00:00.000,2.5139999999999993
9161,2011-07-17 17:00:00.000,0.0
9162,2011-07-17 18:00:00.000,0.0
9163,2011-07-17 19:00:00.000,0.0
9164,2011-07-17 20:00:00.000,0.0
9165,2011-07-17 21:00:00.000,0.0
9166,2011-07-17 22:00:00.000,0.0
9167,2011-07-17 23:00:00.000,0.0
9168,2011-07-18 00:00:00.000,0.0
9169,2011-07-18 01:00:00.000,0.0
9170,2011-07-18 02:00:00.000,0.0
9171,2011-07-18 03:00:00.000,0.0
9172,2011-07-18 04:00:00.000,0.0
9173,2011-07-18 05:00:00.000,0.0
9174,2011-07-18 06:00:00.000,0.0
9175,2011-07-18 07:00:00.000,4.6370000000000005
9176,2011-07-18 08:00:00.000,18.785999999999994
9177,2011-07-18 09:00:00.000,33.149
9178,2011-07-18 10:00:00.000,43.75999999999999
9179,2011-07-18 11:00:00.000,49.415
9180,2011-07-18 12:00:00.000,48.93100000000002
9181,2011-07-18 13:00:00.000,39.581999999999994
9182,2011-07-18 14:00:00.000,17.738000000000007
9183,2011-07-18 15:00:00.000,3.8899999999999997
9184,2011-07-18 16:00:00.000,1.0500000000000003
9185,2011-07-18 17:00:00.000,0.0
9186,2011-07-18 18:00:00.000,0.0
9187,2011-07-18 19:00:00.000,0.0
9188,2011-07-18 20:00:00.000,0.0
9189,2011-07-18 21:00:00.000,0.0
9190,2011-07-18 22:00:00.000,0.0
9191,2011-07-18 23:00:00.000,0.0
9192,2011-07-19 00:00:00.000,0.0
9193,2011-07-19 01:00:00.000,0.0
9194,2011-07-19 02:00:00.000,0.0
9195,2011-07-19 03:00:00.000,0.0
9196,2011-07-19 04:00:00.000,0.0
9197,2011-07-19 05:00:00.000,0.0
9198,2011-07-19 06:00:00.000,0.0
9199,2011-07-19 07:00:00.000,5.022999999999999
9200,2011-07-19 08:00:00.000,19.297000000000004
9201,2011-07-19 09:00:00.000,34.538000000000004
9202,2011-07-19 10:00:00.000,45.12199999999998
9203,2011-07-19 11:00:00.000,51.38399999999999
9204,2011-07-19 12:00:00.000,44.70899999999999
9205,2011-07-19 13:00:00.000,37.014
9206,2011-07-19 14:00:00.000,27.181999999999995
9207,2011-07-19 15:00:00.000,17.377
9208,2011-07-19 16:00:00.000,1.492999999999999
9209,2011-07-19 17:00:00.000,0.0
9210,2011-07-19 18:00:00.000,0.0
9211,2011-07-19 19:00:00.000,0.0
9212,2011-07-19 20:00:00.000,0.0
9213,2011-07-19 21:00:00.000,0.0
9214,2011-07-19 22:00:00.000,0.0
9215,2011-07-19 23:00:00.000,0.0
9216,2011-07-20 00:00:00.000,0.0
9217,2011-07-20 01:00:00.000,0.0
9218,2011-07-20 02:00:00.000,0.0
9219,2011-07-20 03:00:00.000,0.0
9220,2011-07-20 04:00:00.000,0.0
9221,2011-07-20 05:00:00.000,0.0
9222,2011-07-20 06:00:00.000,0.0
9223,2011-07-20 07:00:00.000,0.8800000000000004
9224,2011-07-20 08:00:00.000,2.8469999999999995
9225,2011-07-20 09:00:00.000,9.985000000000001
9226,2011-07-20 10:00:00.000,1.2960000000000003
9227,2011-07-20 11:00:00.000,5.4719999999999995
9228,2011-07-20 12:00:00.000,16.904999999999998
9229,2011-07-20 13:00:00.000,15.73
9230,2011-07-20 14:00:00.000,9.902000000000006
9231,2011-07-20 15:00:00.000,5.757000000000001
9232,2011-07-20 16:00:00.000,0.40500000000000014
9233,2011-07-20 17:00:00.000,0.0
9234,2011-07-20 18:00:00.000,0.0
9235,2011-07-20 19:00:00.000,0.0
9236,2011-07-20 20:00:00.000,0.0
9237,2011-07-20 21:00:00.000,0.0
9238,2011-07-20 22:00:00.000,0.0
9239,2011-07-20 23:00:00.000,0.0
9240,2011-07-21 00:00:00.000,0.0
9241,2011-07-21 01:00:00.000,0.0
9242,2011-07-21 02:00:00.000,0.0
9243,2011-07-21 03:00:00.000,0.0
9244,2011-07-21 04:00:00.000,0.0
9245,2011-07-21 05:00:00.000,0.0
9246,2011-07-21 06:00:00.000,0.0
9247,2011-07-21 07:00:00.000,0.7620000000000003
9248,2011-07-21 08:00:00.000,3.5240000000000005
9249,2011-07-21 09:00:00.000,5.277000000000001
9250,2011-07-21 10:00:00.000,6.287999999999999
9251,2011-07-21 11:00:00.000,1.868
9252,2011-07-21 12:00:00.000,8.069999999999999
9253,2011-07-21 13:00:00.000,0.8440000000000003
9254,2011-07-21 14:00:00.000,1.0080000000000002
9255,2011-07-21 15:00:00.000,0.49200000000000016
9256,2011-07-21 16:00:00.000,0.013
9257,2011-07-21 17:00:00.000,0.0
9258,2011-07-21 18:00:00.000,0.0
9259,2011-07-21 19:00:00.000,0.0
9260,2011-07-21 20:00:00.000,0.0
9261,2011-07-21 21:00:00.000,0.0
9262,2011-07-21 22:00:00.000,0.0
9263,2011-07-21 23:00:00.000,0.0
9264,2011-07-22 00:00:00.000,0.0
9265,2011-07-22 01:00:00.000,0.0
9266,2011-07-22 02:00:00.000,0.0
9267,2011-07-22 03:00:00.000,0.0
9268,2011-07-22 04:00:00.000,0.0
9269,2011-07-22 05:00:00.000,0.0
9270,2011-07-22 06:00:00.000,0.0
9271,2011-07-22 07:00:00.000,1.3189999999999995
9272,2011-07-22 08:00:00.000,7.457999999999999
9273,2011-07-22 09:00:00.000,8.409
9274,2011-07-22 10:00:00.000,17.396999999999995
9275,2011-07-22 11:00:00.000,27.183999999999994
9276,2011-07-22 12:00:00.000,10.043999999999997
9277,2011-07-22 13:00:00.000,4.130000000000001
9278,2011-07-22 14:00:00.000,3.7079999999999997
9279,2011-07-22 15:00:00.000,0.5450000000000002
9280,2011-07-22 16:00:00.000,0.026
9281,2011-07-22 17:00:00.000,0.0
9282,2011-07-22 18:00:00.000,0.0
9283,2011-07-22 19:00:00.000,0.0
9284,2011-07-22 20:00:00.000,0.0
9285,2011-07-22 21:00:00.000,0.0
9286,2011-07-22 22:00:00.000,0.0
9287,2011-07-22 23:00:00.000,0.0
9288,2011-07-23 00:00:00.000,0.0
9289,2011-07-23 01:00:00.000,0.0
9290,2011-07-23 02:00:00.000,0.0
9291,2011-07-23 03:00:00.000,0.0
9292,2011-07-23 04:00:00.000,0.0
9293,2011-07-23 05:00:00.000,0.0
9294,2011-07-23 06:00:00.000,0.0
9295,2011-07-23 07:00:00.000,0.107
9296,2011-07-23 08:00:00.000,5.787000000000001
9297,2011-07-23 09:00:00.000,7.660000000000002
9298,2011-07-23 10:00:00.000,10.577
9299,2011-07-23 11:00:00.000,25.318999999999992
9300,2011-07-23 12:00:00.000,28.4
9301,2011-07-23 13:00:00.000,18.482
9302,2011-07-23 14:00:00.000,14.850999999999996
9303,2011-07-23 15:00:00.000,3.9770000000000008
9304,2011-07-23 16:00:00.000,1.31
9305,2011-07-23 17:00:00.000,0.0
9306,2011-07-23 18:00:00.000,0.0
9307,2011-07-23 19:00:00.000,0.0
9308,2011-07-23 20:00:00.000,0.0
9309,2011-07-23 21:00:00.000,0.0
9310,2011-07-23 22:00:00.000,0.0
9311,2011-07-23 23:00:00.000,0.0
9312,2011-07-24 00:00:00.000,0.0
9313,2011-07-24 01:00:00.000,0.0
9314,2011-07-24 02:00:00.000,0.0
9315,2011-07-24 03:00:00.000,0.0
9316,2011-07-24 04:00:00.000,0.0
9317,2011-07-24 05:00:00.000,0.0
9318,2011-07-24 06:00:00.000,0.0
9319,2011-07-24 07:00:00.000,3.9369999999999994
9320,2011-07-24 08:00:00.000,12.823
9321,2011-07-24 09:00:00.000,34.009
9322,2011-07-24 10:00:00.000,43.53699999999999
9323,2011-07-24 11:00:00.000,48.423
9324,2011-07-24 12:00:00.000,44.724000000000004
9325,2011-07-24 13:00:00.000,34.15299999999999
9326,2011-07-24 14:00:00.000,24.65600000000001
9327,2011-07-24 15:00:00.000,8.335000000000003
9328,2011-07-24 16:00:00.000,0.8090000000000004
9329,2011-07-24 17:00:00.000,0.0
9330,2011-07-24 18:00:00.000,0.0
9331,2011-07-24 19:00:00.000,0.0
9332,2011-07-24 20:00:00.000,0.0
9333,2011-07-24 21:00:00.000,0.0
9334,2011-07-24 22:00:00.000,0.0
9335,2011-07-24 23:00:00.000,0.0
9336,2011-07-25 00:00:00.000,0.0
9337,2011-07-25 01:00:00.000,0.0
9338,2011-07-25 02:00:00.000,0.0
9339,2011-07-25 03:00:00.000,0.0
9340,2011-07-25 04:00:00.000,0.0
9341,2011-07-25 05:00:00.000,0.0
9342,2011-07-25 06:00:00.000,0.0
9343,2011-07-25 07:00:00.000,4.169
9344,2011-07-25 08:00:00.000,10.470000000000002
9345,2011-07-25 09:00:00.000,21.061999999999998
9346,2011-07-25 10:00:00.000,34.205
9347,2011-07-25 11:00:00.000,32.114999999999995
9348,2011-07-25 12:00:00.000,38.75199999999999
9349,2011-07-25 13:00:00.000,43.784
9350,2011-07-25 14:00:00.000,34.73700000000001
9351,2011-07-25 15:00:00.000,18.776000000000003
9352,2011-07-25 16:00:00.000,3.6969999999999987
9353,2011-07-25 17:00:00.000,0.0
9354,2011-07-25 18:00:00.000,0.0
9355,2011-07-25 19:00:00.000,0.0
9356,2011-07-25 20:00:00.000,0.0
9357,2011-07-25 21:00:00.000,0.0
9358,2011-07-25 22:00:00.000,0.0
9359,2011-07-25 23:00:00.000,0.0
9360,2011-07-26 00:00:00.000,0.0
9361,2011-07-26 01:00:00.000,0.0
9362,2011-07-26 02:00:00.000,0.0
9363,2011-07-26 03:00:00.000,0.0
9364,2011-07-26 04:00:00.000,0.0
9365,2011-07-26 05:00:00.000,0.0
9366,2011-07-26 06:00:00.000,0.0
9367,2011-07-26 07:00:00.000,5.927999999999999
9368,2011-07-26 08:00:00.000,20.572999999999997
9369,2011-07-26 09:00:00.000,35.614999999999995
9370,2011-07-26 10:00:00.000,46.577000000000005
9371,2011-07-26 11:00:00.000,52.12499999999998
9372,2011-07-26 12:00:00.000,51.528999999999996
9373,2011-07-26 13:00:00.000,45.254000000000005
9374,2011-07-26 14:00:00.000,26.039999999999996
9375,2011-07-26 15:00:00.000,3.653
9376,2011-07-26 16:00:00.000,0.9130000000000004
9377,2011-07-26 17:00:00.000,0.0
9378,2011-07-26 18:00:00.000,0.0
9379,2011-07-26 19:00:00.000,0.0
9380,2011-07-26 20:00:00.000,0.0
9381,2011-07-26 21:00:00.000,0.0
9382,2011-07-26 22:00:00.000,0.0
9383,2011-07-26 23:00:00.000,0.0
9384,2011-07-27 00:00:00.000,0.0
9385,2011-07-27 01:00:00.000,0.0
9386,2011-07-27 02:00:00.000,0.0
9387,2011-07-27 03:00:00.000,0.0
9388,2011-07-27 04:00:00.000,0.0
9389,2011-07-27 05:00:00.000,0.0
9390,2011-07-27 06:00:00.000,0.0
9391,2011-07-27 07:00:00.000,5.89
9392,2011-07-27 08:00:00.000,10.397000000000002
9393,2011-07-27 09:00:00.000,26.425000000000004
9394,2011-07-27 10:00:00.000,43.30400000000001
9395,2011-07-27 11:00:00.000,51.26499999999999
9396,2011-07-27 12:00:00.000,50.93199999999999
9397,2011-07-27 13:00:00.000,42.188
9398,2011-07-27 14:00:00.000,29.449
9399,2011-07-27 15:00:00.000,20.680999999999997
9400,2011-07-27 16:00:00.000,5.315
9401,2011-07-27 17:00:00.000,0.0
9402,2011-07-27 18:00:00.000,0.0
9403,2011-07-27 19:00:00.000,0.0
9404,2011-07-27 20:00:00.000,0.0
9405,2011-07-27 21:00:00.000,0.0
9406,2011-07-27 22:00:00.000,0.0
9407,2011-07-27 23:00:00.000,0.0
9408,2011-07-28 00:00:00.000,0.0
9409,2011-07-28 01:00:00.000,0.0
9410,2011-07-28 02:00:00.000,0.0
9411,2011-07-28 03:00:00.000,0.0
9412,2011-07-28 04:00:00.000,0.0
9413,2011-07-28 05:00:00.000,0.0
9414,2011-07-28 06:00:00.000,0.013
9415,2011-07-28 07:00:00.000,6.356999999999998
9416,2011-07-28 08:00:00.000,21.245
9417,2011-07-28 09:00:00.000,35.828
9418,2011-07-28 10:00:00.000,46.338999999999984
9419,2011-07-28 11:00:00.000,51.535999999999994
9420,2011-07-28 12:00:00.000,50.99799999999999
9421,2011-07-28 13:00:00.000,45.953
9422,2011-07-28 14:00:00.000,35.35400000000001
9423,2011-07-28 15:00:00.000,20.642999999999997
9424,2011-07-28 16:00:00.000,5.039000000000001
9425,2011-07-28 17:00:00.000,0.0
9426,2011-07-28 18:00:00.000,0.0
9427,2011-07-28 19:00:00.000,0.0
9428,2011-07-28 20:00:00.000,0.0
9429,2011-07-28 21:00:00.000,0.0
9430,2011-07-28 22:00:00.000,0.0
9431,2011-07-28 23:00:00.000,0.0
9432,2011-07-29 00:00:00.000,0.0
9433,2011-07-29 01:00:00.000,0.0
9434,2011-07-29 02:00:00.000,0.0
9435,2011-07-29 03:00:00.000,0.0
9436,2011-07-29 04:00:00.000,0.0
9437,2011-07-29 05:00:00.000,0.0
9438,2011-07-29 06:00:00.000,0.025
9439,2011-07-29 07:00:00.000,6.640999999999997
9440,2011-07-29 08:00:00.000,21.683
9441,2011-07-29 09:00:00.000,36.760999999999996
9442,2011-07-29 10:00:00.000,47.49700000000001
9443,2011-07-29 11:00:00.000,52.82299999999998
9444,2011-07-29 12:00:00.000,51.966
9445,2011-07-29 13:00:00.000,46.60800000000001
9446,2011-07-29 14:00:00.000,35.97700000000001
9447,2011-07-29 15:00:00.000,20.875999999999998
9448,2011-07-29 16:00:00.000,5.154000000000001
9449,2011-07-29 17:00:00.000,0.0
9450,2011-07-29 18:00:00.000,0.0
9451,2011-07-29 19:00:00.000,0.0
9452,2011-07-29 20:00:00.000,0.0
9453,2011-07-29 21:00:00.000,0.0
9454,2011-07-29 22:00:00.000,0.0
9455,2011-07-29 23:00:00.000,0.0
9456,2011-07-30 00:00:00.000,0.0
9457,2011-07-30 01:00:00.000,0.0
9458,2011-07-30 02:00:00.000,0.0
9459,2011-07-30 03:00:00.000,0.0
9460,2011-07-30 04:00:00.000,0.0
9461,2011-07-30 05:00:00.000,0.0
9462,2011-07-30 06:00:00.000,0.044
9463,2011-07-30 07:00:00.000,7.039
9464,2011-07-30 08:00:00.000,21.782
9465,2011-07-30 09:00:00.000,36.75199999999999
9466,2011-07-30 10:00:00.000,47.497000000000014
9467,2011-07-30 11:00:00.000,52.504
9468,2011-07-30 12:00:00.000,51.723
9469,2011-07-30 13:00:00.000,46.697
9470,2011-07-30 14:00:00.000,35.927
9471,2011-07-30 15:00:00.000,19.773
9472,2011-07-30 16:00:00.000,3.7469999999999994
9473,2011-07-30 17:00:00.000,0.0
9474,2011-07-30 18:00:00.000,0.0
9475,2011-07-30 19:00:00.000,0.0
9476,2011-07-30 20:00:00.000,0.0
9477,2011-07-30 21:00:00.000,0.0
9478,2011-07-30 22:00:00.000,0.0
9479,2011-07-30 23:00:00.000,0.0
9480,2011-07-31 00:00:00.000,0.0
9481,2011-07-31 01:00:00.000,0.0
9482,2011-07-31 02:00:00.000,0.0
9483,2011-07-31 03:00:00.000,0.0
9484,2011-07-31 04:00:00.000,0.0
9485,2011-07-31 05:00:00.000,0.0
9486,2011-07-31 06:00:00.000,0.0
9487,2011-07-31 07:00:00.000,4.909999999999998
9488,2011-07-31 08:00:00.000,21.093
9489,2011-07-31 09:00:00.000,36.095
9490,2011-07-31 10:00:00.000,46.799000000000014
9491,2011-07-31 11:00:00.000,52.065000000000005
9492,2011-07-31 12:00:00.000,51.178999999999995
9493,2011-07-31 13:00:00.000,45.99799999999999
9494,2011-07-31 14:00:00.000,35.07399999999999
9495,2011-07-31 15:00:00.000,20.651000000000003
9496,2011-07-31 16:00:00.000,5.113
9497,2011-07-31 17:00:00.000,0.0
9498,2011-07-31 18:00:00.000,0.0
9499,2011-07-31 19:00:00.000,0.0
9500,2011-07-31 20:00:00.000,0.0
9501,2011-07-31 21:00:00.000,0.0
9502,2011-07-31 22:00:00.000,0.0
9503,2011-07-31 23:00:00.000,0.0
9504,2011-08-01 00:00:00.000,0.0
9505,2011-08-01 01:00:00.000,0.0
9506,2011-08-01 02:00:00.000,0.0
9507,2011-08-01 03:00:00.000,0.0
9508,2011-08-01 04:00:00.000,0.0
9509,2011-08-01 05:00:00.000,0.0
9510,2011-08-01 06:00:00.000,0.019
9511,2011-08-01 07:00:00.000,6.639000000000002
9512,2011-08-01 08:00:00.000,20.764
9513,2011-08-01 09:00:00.000,34.98299999999999
9514,2011-08-01 10:00:00.000,40.20000000000001
9515,2011-08-01 11:00:00.000,49.436
9516,2011-08-01 12:00:00.000,49.836
9517,2011-08-01 13:00:00.000,44.81700000000001
9518,2011-08-01 14:00:00.000,32.706
9519,2011-08-01 15:00:00.000,15.876999999999999
9520,2011-08-01 16:00:00.000,3.318999999999999
9521,2011-08-01 17:00:00.000,0.0
9522,2011-08-01 18:00:00.000,0.0
9523,2011-08-01 19:00:00.000,0.0
9524,2011-08-01 20:00:00.000,0.0
9525,2011-08-01 21:00:00.000,0.0
9526,2011-08-01 22:00:00.000,0.0
9527,2011-08-01 23:00:00.000,0.0
9528,2011-08-02 00:00:00.000,0.0
9529,2011-08-02 01:00:00.000,0.0
9530,2011-08-02 02:00:00.000,0.0
9531,2011-08-02 03:00:00.000,0.0
9532,2011-08-02 04:00:00.000,0.0
9533,2011-08-02 05:00:00.000,0.0
9534,2011-08-02 06:00:00.000,0.019
9535,2011-08-02 07:00:00.000,6.587999999999999
9536,2011-08-02 08:00:00.000,21.476
9537,2011-08-02 09:00:00.000,36.411
9538,2011-08-02 10:00:00.000,47.214
9539,2011-08-02 11:00:00.000,52.082
9540,2011-08-02 12:00:00.000,51.15399999999999
9541,2011-08-02 13:00:00.000,46.087999999999994
9542,2011-08-02 14:00:00.000,35.184
9543,2011-08-02 15:00:00.000,20.558999999999997
9544,2011-08-02 16:00:00.000,5.317999999999998
9545,2011-08-02 17:00:00.000,0.0
9546,2011-08-02 18:00:00.000,0.0
9547,2011-08-02 19:00:00.000,0.0
9548,2011-08-02 20:00:00.000,0.0
9549,2011-08-02 21:00:00.000,0.0
9550,2011-08-02 22:00:00.000,0.0
9551,2011-08-02 23:00:00.000,0.0
9552,2011-08-03 00:00:00.000,0.0
9553,2011-08-03 01:00:00.000,0.0
9554,2011-08-03 02:00:00.000,0.0
9555,2011-08-03 03:00:00.000,0.0
9556,2011-08-03 04:00:00.000,0.0
9557,2011-08-03 05:00:00.000,0.0
9558,2011-08-03 06:00:00.000,0.0
9559,2011-08-03 07:00:00.000,7.595
9560,2011-08-03 08:00:00.000,5.288999999999999
9561,2011-08-03 09:00:00.000,11.212000000000002
9562,2011-08-03 10:00:00.000,15.656
9563,2011-08-03 11:00:00.000,13.844999999999997
9564,2011-08-03 12:00:00.000,21.669
9565,2011-08-03 13:00:00.000,42.403999999999996
9566,2011-08-03 14:00:00.000,34.694
9567,2011-08-03 15:00:00.000,20.621000000000002
9568,2011-08-03 16:00:00.000,5.424
9569,2011-08-03 17:00:00.000,0.0
9570,2011-08-03 18:00:00.000,0.0
9571,2011-08-03 19:00:00.000,0.0
9572,2011-08-03 20:00:00.000,0.0
9573,2011-08-03 21:00:00.000,0.0
9574,2011-08-03 22:00:00.000,0.0
9575,2011-08-03 23:00:00.000,0.0
9576,2011-08-04 00:00:00.000,0.0
9577,2011-08-04 01:00:00.000,0.0
9578,2011-08-04 02:00:00.000,0.0
9579,2011-08-04 03:00:00.000,0.0
9580,2011-08-04 04:00:00.000,0.0
9581,2011-08-04 05:00:00.000,0.0
9582,2011-08-04 06:00:00.000,0.056999999999999995
9583,2011-08-04 07:00:00.000,6.891000000000001
9584,2011-08-04 08:00:00.000,21.37
9585,2011-08-04 09:00:00.000,36.13
9586,2011-08-04 10:00:00.000,47.117999999999995
9587,2011-08-04 11:00:00.000,51.763999999999996
9588,2011-08-04 12:00:00.000,50.879
9589,2011-08-04 13:00:00.000,45.65200000000001
9590,2011-08-04 14:00:00.000,35.441
9591,2011-08-04 15:00:00.000,21.247
9592,2011-08-04 16:00:00.000,5.765999999999998
9593,2011-08-04 17:00:00.000,0.0
9594,2011-08-04 18:00:00.000,0.0
9595,2011-08-04 19:00:00.000,0.0
9596,2011-08-04 20:00:00.000,0.0
9597,2011-08-04 21:00:00.000,0.0
9598,2011-08-04 22:00:00.000,0.0
9599,2011-08-04 23:00:00.000,0.0
9600,2011-08-05 00:00:00.000,0.0
9601,2011-08-05 01:00:00.000,0.0
9602,2011-08-05 02:00:00.000,0.0
9603,2011-08-05 03:00:00.000,0.0
9604,2011-08-05 04:00:00.000,0.0
9605,2011-08-05 05:00:00.000,0.0
9606,2011-08-05 06:00:00.000,0.051
9607,2011-08-05 07:00:00.000,7.140999999999998
9608,2011-08-05 08:00:00.000,21.624
9609,2011-08-05 09:00:00.000,36.32600000000001
9610,2011-08-05 10:00:00.000,47.57899999999999
9611,2011-08-05 11:00:00.000,53.03200000000001
9612,2011-08-05 12:00:00.000,52.113
9613,2011-08-05 13:00:00.000,46.715999999999994
9614,2011-08-05 14:00:00.000,35.762
9615,2011-08-05 15:00:00.000,20.479000000000003
9616,2011-08-05 16:00:00.000,5.452
9617,2011-08-05 17:00:00.000,0.013
9618,2011-08-05 18:00:00.000,0.0
9619,2011-08-05 19:00:00.000,0.0
9620,2011-08-05 20:00:00.000,0.0
9621,2011-08-05 21:00:00.000,0.0
9622,2011-08-05 22:00:00.000,0.0
9623,2011-08-05 23:00:00.000,0.0
9624,2011-08-06 00:00:00.000,0.0
9625,2011-08-06 01:00:00.000,0.0
9626,2011-08-06 02:00:00.000,0.0
9627,2011-08-06 03:00:00.000,0.0
9628,2011-08-06 04:00:00.000,0.0
9629,2011-08-06 05:00:00.000,0.0
9630,2011-08-06 06:00:00.000,0.095
9631,2011-08-06 07:00:00.000,7.676000000000001
9632,2011-08-06 08:00:00.000,22.022000000000006
9633,2011-08-06 09:00:00.000,36.526999999999994
9634,2011-08-06 10:00:00.000,47.26600000000001
9635,2011-08-06 11:00:00.000,52.27199999999999
9636,2011-08-06 12:00:00.000,49.969999999999985
9637,2011-08-06 13:00:00.000,45.741
9638,2011-08-06 14:00:00.000,36.32900000000001
9639,2011-08-06 15:00:00.000,15.802000000000003
9640,2011-08-06 16:00:00.000,2.922999999999999
9641,2011-08-06 17:00:00.000,0.0
9642,2011-08-06 18:00:00.000,0.0
9643,2011-08-06 19:00:00.000,0.0
9644,2011-08-06 20:00:00.000,0.0
9645,2011-08-06 21:00:00.000,0.0
9646,2011-08-06 22:00:00.000,0.0
9647,2011-08-06 23:00:00.000,0.0
9648,2011-08-07 00:00:00.000,0.0
9649,2011-08-07 01:00:00.000,0.0
9650,2011-08-07 02:00:00.000,0.0
9651,2011-08-07 03:00:00.000,0.0
9652,2011-08-07 04:00:00.000,0.0
9653,2011-08-07 05:00:00.000,0.0
9654,2011-08-07 06:00:00.000,0.0
9655,2011-08-07 07:00:00.000,0.3950000000000001
9656,2011-08-07 08:00:00.000,3.2159999999999997
9657,2011-08-07 09:00:00.000,2.1799999999999997
9658,2011-08-07 10:00:00.000,8.977999999999996
9659,2011-08-07 11:00:00.000,9.298
9660,2011-08-07 12:00:00.000,7.223
9661,2011-08-07 13:00:00.000,20.666999999999998
9662,2011-08-07 14:00:00.000,28.015999999999995
9663,2011-08-07 15:00:00.000,5.076
9664,2011-08-07 16:00:00.000,4.537999999999999
9665,2011-08-07 17:00:00.000,0.039
9666,2011-08-07 18:00:00.000,0.0
9667,2011-08-07 19:00:00.000,0.0
9668,2011-08-07 20:00:00.000,0.0
9669,2011-08-07 21:00:00.000,0.0
9670,2011-08-07 22:00:00.000,0.0
9671,2011-08-07 23:00:00.000,0.0
9672,2011-08-08 00:00:00.000,0.0
9673,2011-08-08 01:00:00.000,0.0
9674,2011-08-08 02:00:00.000,0.0
9675,2011-08-08 03:00:00.000,0.0
9676,2011-08-08 04:00:00.000,0.0
9677,2011-08-08 05:00:00.000,0.0
9678,2011-08-08 06:00:00.000,0.127
9679,2011-08-08 07:00:00.000,8.169999999999998
9680,2011-08-08 08:00:00.000,23.240999999999996
9681,2011-08-08 09:00:00.000,38.37299999999999
9682,2011-08-08 10:00:00.000,49.898999999999994
9683,2011-08-08 11:00:00.000,53.072
9684,2011-08-08 12:00:00.000,44.475
9685,2011-08-08 13:00:00.000,17.67
9686,2011-08-08 14:00:00.000,23.171999999999997
9687,2011-08-08 15:00:00.000,25.161999999999995
9688,2011-08-08 16:00:00.000,2.922
9689,2011-08-08 17:00:00.000,0.0
9690,2011-08-08 18:00:00.000,0.0
9691,2011-08-08 19:00:00.000,0.0
9692,2011-08-08 20:00:00.000,0.0
9693,2011-08-08 21:00:00.000,0.0
9694,2011-08-08 22:00:00.000,0.0
9695,2011-08-08 23:00:00.000,0.0
9696,2011-08-09 00:00:00.000,0.0
9697,2011-08-09 01:00:00.000,0.0
9698,2011-08-09 02:00:00.000,0.0
9699,2011-08-09 03:00:00.000,0.0
9700,2011-08-09 04:00:00.000,0.0
9701,2011-08-09 05:00:00.000,0.0
9702,2011-08-09 06:00:00.000,0.057999999999999996
9703,2011-08-09 07:00:00.000,3.2650000000000006
9704,2011-08-09 08:00:00.000,15.812000000000001
9705,2011-08-09 09:00:00.000,37.39699999999999
9706,2011-08-09 10:00:00.000,34.608
9707,2011-08-09 11:00:00.000,29.410000000000004
9708,2011-08-09 12:00:00.000,11.565999999999999
9709,2011-08-09 13:00:00.000,35.96000000000001
9710,2011-08-09 14:00:00.000,24.466
9711,2011-08-09 15:00:00.000,10.196000000000003
9712,2011-08-09 16:00:00.000,1.9760000000000002
9713,2011-08-09 17:00:00.000,0.0
9714,2011-08-09 18:00:00.000,0.0
9715,2011-08-09 19:00:00.000,0.0
9716,2011-08-09 20:00:00.000,0.0
9717,2011-08-09 21:00:00.000,0.0
9718,2011-08-09 22:00:00.000,0.0
9719,2011-08-09 23:00:00.000,0.0
9720,2011-08-10 00:00:00.000,0.0
9721,2011-08-10 01:00:00.000,0.0
9722,2011-08-10 02:00:00.000,0.0
9723,2011-08-10 03:00:00.000,0.0
9724,2011-08-10 04:00:00.000,0.0
9725,2011-08-10 05:00:00.000,0.0
9726,2011-08-10 06:00:00.000,0.189
9727,2011-08-10 07:00:00.000,8.645999999999999
9728,2011-08-10 08:00:00.000,24.102
9729,2011-08-10 09:00:00.000,39.697
9730,2011-08-10 10:00:00.000,51.12599999999999
9731,2011-08-10 11:00:00.000,55.650000000000006
9732,2011-08-10 12:00:00.000,54.69499999999999
9733,2011-08-10 13:00:00.000,49.13
9734,2011-08-10 14:00:00.000,37.586
9735,2011-08-10 15:00:00.000,16.477000000000004
9736,2011-08-10 16:00:00.000,5.711
9737,2011-08-10 17:00:00.000,0.026
9738,2011-08-10 18:00:00.000,0.0
9739,2011-08-10 19:00:00.000,0.0
9740,2011-08-10 20:00:00.000,0.0
9741,2011-08-10 21:00:00.000,0.0
9742,2011-08-10 22:00:00.000,0.0
9743,2011-08-10 23:00:00.000,0.0
9744,2011-08-11 00:00:00.000,0.0
9745,2011-08-11 01:00:00.000,0.0
9746,2011-08-11 02:00:00.000,0.0
9747,2011-08-11 03:00:00.000,0.0
9748,2011-08-11 04:00:00.000,0.0
9749,2011-08-11 05:00:00.000,0.0
9750,2011-08-11 06:00:00.000,0.238
9751,2011-08-11 07:00:00.000,9.064000000000004
9752,2011-08-11 08:00:00.000,24.661999999999992
9753,2011-08-11 09:00:00.000,39.47700000000001
9754,2011-08-11 10:00:00.000,50.541000000000004
9755,2011-08-11 11:00:00.000,54.176999999999985
9756,2011-08-11 12:00:00.000,52.834
9757,2011-08-11 13:00:00.000,38.879
9758,2011-08-11 14:00:00.000,27.419000000000004
9759,2011-08-11 15:00:00.000,16.431000000000004
9760,2011-08-11 16:00:00.000,4.309999999999999
9761,2011-08-11 17:00:00.000,0.055999999999999994
9762,2011-08-11 18:00:00.000,0.0
9763,2011-08-11 19:00:00.000,0.0
9764,2011-08-11 20:00:00.000,0.0
9765,2011-08-11 21:00:00.000,0.0
9766,2011-08-11 22:00:00.000,0.0
9767,2011-08-11 23:00:00.000,0.0
9768,2011-08-12 00:00:00.000,0.0
9769,2011-08-12 01:00:00.000,0.0
9770,2011-08-12 02:00:00.000,0.0
9771,2011-08-12 03:00:00.000,0.0
9772,2011-08-12 04:00:00.000,0.0
9773,2011-08-12 05:00:00.000,0.0
9774,2011-08-12 06:00:00.000,0.0
9775,2011-08-12 07:00:00.000,1.2059999999999995
9776,2011-08-12 08:00:00.000,10.632000000000001
9777,2011-08-12 09:00:00.000,28.684
9778,2011-08-12 10:00:00.000,25.353999999999996
9779,2011-08-12 11:00:00.000,38.739999999999995
9780,2011-08-12 12:00:00.000,34.61000000000001
9781,2011-08-12 13:00:00.000,35.79299999999999
9782,2011-08-12 14:00:00.000,35.58800000000001
9783,2011-08-12 15:00:00.000,21.748
9784,2011-08-12 16:00:00.000,4.144
9785,2011-08-12 17:00:00.000,0.044
9786,2011-08-12 18:00:00.000,0.0
9787,2011-08-12 19:00:00.000,0.0
9788,2011-08-12 20:00:00.000,0.0
9789,2011-08-12 21:00:00.000,0.0
9790,2011-08-12 22:00:00.000,0.0
9791,2011-08-12 23:00:00.000,0.0
9792,2011-08-13 00:00:00.000,0.0
9793,2011-08-13 01:00:00.000,0.0
9794,2011-08-13 02:00:00.000,0.0
9795,2011-08-13 03:00:00.000,0.0
9796,2011-08-13 04:00:00.000,0.0
9797,2011-08-13 05:00:00.000,0.0
9798,2011-08-13 06:00:00.000,0.013
9799,2011-08-13 07:00:00.000,8.798
9800,2011-08-13 08:00:00.000,24.76
9801,2011-08-13 09:00:00.000,38.833999999999996
9802,2011-08-13 10:00:00.000,46.40800000000001
9803,2011-08-13 11:00:00.000,24.778
9804,2011-08-13 12:00:00.000,18.294
9805,2011-08-13 13:00:00.000,14.189999999999996
9806,2011-08-13 14:00:00.000,20.855
9807,2011-08-13 15:00:00.000,10.45
9808,2011-08-13 16:00:00.000,4.306000000000001
9809,2011-08-13 17:00:00.000,0.0
9810,2011-08-13 18:00:00.000,0.0
9811,2011-08-13 19:00:00.000,0.0
9812,2011-08-13 20:00:00.000,0.0
9813,2011-08-13 21:00:00.000,0.0
9814,2011-08-13 22:00:00.000,0.0
9815,2011-08-13 23:00:00.000,0.0
9816,2011-08-14 00:00:00.000,0.0
9817,2011-08-14 01:00:00.000,0.0
9818,2011-08-14 02:00:00.000,0.0
9819,2011-08-14 03:00:00.000,0.0
9820,2011-08-14 04:00:00.000,0.0
9821,2011-08-14 05:00:00.000,0.0
9822,2011-08-14 06:00:00.000,0.051
9823,2011-08-14 07:00:00.000,2.3589999999999987
9824,2011-08-14 08:00:00.000,6.750000000000001
9825,2011-08-14 09:00:00.000,21.305000000000003
9826,2011-08-14 10:00:00.000,23.304000000000006
9827,2011-08-14 11:00:00.000,25.014000000000003
9828,2011-08-14 12:00:00.000,26.19
9829,2011-08-14 13:00:00.000,27.970999999999997
9830,2011-08-14 14:00:00.000,17.770000000000003
9831,2011-08-14 15:00:00.000,5.652
9832,2011-08-14 16:00:00.000,4.038
9833,2011-08-14 17:00:00.000,0.026
9834,2011-08-14 18:00:00.000,0.0
9835,2011-08-14 19:00:00.000,0.0
9836,2011-08-14 20:00:00.000,0.0
9837,2011-08-14 21:00:00.000,0.0
9838,2011-08-14 22:00:00.000,0.0
9839,2011-08-14 23:00:00.000,0.0
9840,2011-08-15 00:00:00.000,0.0
9841,2011-08-15 01:00:00.000,0.0
9842,2011-08-15 02:00:00.000,0.0
9843,2011-08-15 03:00:00.000,0.0
9844,2011-08-15 04:00:00.000,0.0
9845,2011-08-15 05:00:00.000,0.0
9846,2011-08-15 06:00:00.000,0.30100000000000005
9847,2011-08-15 07:00:00.000,9.365
9848,2011-08-15 08:00:00.000,12.222
9849,2011-08-15 09:00:00.000,28.215000000000003
9850,2011-08-15 10:00:00.000,45.68699999999999
9851,2011-08-15 11:00:00.000,51.464000000000006
9852,2011-08-15 12:00:00.000,44.81099999999999
9853,2011-08-15 13:00:00.000,45.317
9854,2011-08-15 14:00:00.000,40.288
9855,2011-08-15 15:00:00.000,23.296999999999993
9856,2011-08-15 16:00:00.000,3.3120000000000003
9857,2011-08-15 17:00:00.000,0.0
9858,2011-08-15 18:00:00.000,0.0
9859,2011-08-15 19:00:00.000,0.0
9860,2011-08-15 20:00:00.000,0.0
9861,2011-08-15 21:00:00.000,0.0
9862,2011-08-15 22:00:00.000,0.0
9863,2011-08-15 23:00:00.000,0.0
9864,2011-08-16 00:00:00.000,0.0
9865,2011-08-16 01:00:00.000,0.0
9866,2011-08-16 02:00:00.000,0.0
9867,2011-08-16 03:00:00.000,0.0
9868,2011-08-16 04:00:00.000,0.0
9869,2011-08-16 05:00:00.000,0.0
9870,2011-08-16 06:00:00.000,0.013
9871,2011-08-16 07:00:00.000,5.632999999999999
9872,2011-08-16 08:00:00.000,18.358
9873,2011-08-16 09:00:00.000,38.99899999999999
9874,2011-08-16 10:00:00.000,35.511
9875,2011-08-16 11:00:00.000,31.671
9876,2011-08-16 12:00:00.000,37.151
9877,2011-08-16 13:00:00.000,39.889
9878,2011-08-16 14:00:00.000,34.55499999999999
9879,2011-08-16 15:00:00.000,17.426
9880,2011-08-16 16:00:00.000,3.206999999999999
9881,2011-08-16 17:00:00.000,0.069
9882,2011-08-16 18:00:00.000,0.0
9883,2011-08-16 19:00:00.000,0.0
9884,2011-08-16 20:00:00.000,0.0
9885,2011-08-16 21:00:00.000,0.0
9886,2011-08-16 22:00:00.000,0.0
9887,2011-08-16 23:00:00.000,0.0
9888,2011-08-17 00:00:00.000,0.0
9889,2011-08-17 01:00:00.000,0.0
9890,2011-08-17 02:00:00.000,0.0
9891,2011-08-17 03:00:00.000,0.0
9892,2011-08-17 04:00:00.000,0.0
9893,2011-08-17 05:00:00.000,0.0
9894,2011-08-17 06:00:00.000,0.4250000000000001
9895,2011-08-17 07:00:00.000,11.033999999999997
9896,2011-08-17 08:00:00.000,16.587
9897,2011-08-17 09:00:00.000,20.656
9898,2011-08-17 10:00:00.000,15.543
9899,2011-08-17 11:00:00.000,13.209999999999997
9900,2011-08-17 12:00:00.000,8.274000000000001
9901,2011-08-17 13:00:00.000,6.178000000000002
9902,2011-08-17 14:00:00.000,4.292000000000001
9903,2011-08-17 15:00:00.000,1.4220000000000004
9904,2011-08-17 16:00:00.000,0.5980000000000003
9905,2011-08-17 17:00:00.000,0.0
9906,2011-08-17 18:00:00.000,0.0
9907,2011-08-17 19:00:00.000,0.0
9908,2011-08-17 20:00:00.000,0.0
9909,2011-08-17 21:00:00.000,0.0
9910,2011-08-17 22:00:00.000,0.0
9911,2011-08-17 23:00:00.000,0.0
9912,2011-08-18 00:00:00.000,0.0
9913,2011-08-18 01:00:00.000,0.0
9914,2011-08-18 02:00:00.000,0.0
9915,2011-08-18 03:00:00.000,0.0
9916,2011-08-18 04:00:00.000,0.0
9917,2011-08-18 05:00:00.000,0.0
9918,2011-08-18 06:00:00.000,0.0
9919,2011-08-18 07:00:00.000,5.0459999999999985
9920,2011-08-18 08:00:00.000,8.274000000000001
9921,2011-08-18 09:00:00.000,16.119000000000007
9922,2011-08-18 10:00:00.000,20.584000000000003
9923,2011-08-18 11:00:00.000,25.758999999999997
9924,2011-08-18 12:00:00.000,28.027000000000005
9925,2011-08-18 13:00:00.000,27.958
9926,2011-08-18 14:00:00.000,29.523000000000003
9927,2011-08-18 15:00:00.000,26.230000000000008
9928,2011-08-18 16:00:00.000,8.718
9929,2011-08-18 17:00:00.000,0.113
9930,2011-08-18 18:00:00.000,0.0
9931,2011-08-18 19:00:00.000,0.0
9932,2011-08-18 20:00:00.000,0.0
9933,2011-08-18 21:00:00.000,0.0
9934,2011-08-18 22:00:00.000,0.0
9935,2011-08-18 23:00:00.000,0.0
9936,2011-08-19 00:00:00.000,0.0
9937,2011-08-19 01:00:00.000,0.0
9938,2011-08-19 02:00:00.000,0.0
9939,2011-08-19 03:00:00.000,0.0
9940,2011-08-19 04:00:00.000,0.0
9941,2011-08-19 05:00:00.000,0.0
9942,2011-08-19 06:00:00.000,0.056999999999999995
9943,2011-08-19 07:00:00.000,8.748999999999999
9944,2011-08-19 08:00:00.000,20.595000000000002
9945,2011-08-19 09:00:00.000,22.422
9946,2011-08-19 10:00:00.000,26.368000000000002
9947,2011-08-19 11:00:00.000,14.753
9948,2011-08-19 12:00:00.000,10.383999999999997
9949,2011-08-19 13:00:00.000,5.623000000000001
9950,2011-08-19 14:00:00.000,13.477999999999998
9951,2011-08-19 15:00:00.000,4.068
9952,2011-08-19 16:00:00.000,2.1579999999999986
9953,2011-08-19 17:00:00.000,0.0
9954,2011-08-19 18:00:00.000,0.0
9955,2011-08-19 19:00:00.000,0.0
9956,2011-08-19 20:00:00.000,0.0
9957,2011-08-19 21:00:00.000,0.0
9958,2011-08-19 22:00:00.000,0.0
9959,2011-08-19 23:00:00.000,0.0
9960,2011-08-20 00:00:00.000,0.0
9961,2011-08-20 01:00:00.000,0.0
9962,2011-08-20 02:00:00.000,0.0
9963,2011-08-20 03:00:00.000,0.0
9964,2011-08-20 04:00:00.000,0.0
9965,2011-08-20 05:00:00.000,0.0
9966,2011-08-20 06:00:00.000,0.6710000000000004
9967,2011-08-20 07:00:00.000,5.476999999999999
9968,2011-08-20 08:00:00.000,17.510999999999996
9969,2011-08-20 09:00:00.000,29.593999999999998
9970,2011-08-20 10:00:00.000,37.61699999999999
9971,2011-08-20 11:00:00.000,41.751000000000005
9972,2011-08-20 12:00:00.000,50.568
9973,2011-08-20 13:00:00.000,48.725999999999985
9974,2011-08-20 14:00:00.000,40.91200000000001
9975,2011-08-20 15:00:00.000,17.394000000000002
9976,2011-08-20 16:00:00.000,3.219999999999999
9977,2011-08-20 17:00:00.000,0.013
9978,2011-08-20 18:00:00.000,0.0
9979,2011-08-20 19:00:00.000,0.0
9980,2011-08-20 20:00:00.000,0.0
9981,2011-08-20 21:00:00.000,0.0
9982,2011-08-20 22:00:00.000,0.0
9983,2011-08-20 23:00:00.000,0.0
9984,2011-08-21 00:00:00.000,0.0
9985,2011-08-21 01:00:00.000,0.0
9986,2011-08-21 02:00:00.000,0.0
9987,2011-08-21 03:00:00.000,0.0
9988,2011-08-21 04:00:00.000,0.0
9989,2011-08-21 05:00:00.000,0.0
9990,2011-08-21 06:00:00.000,0.032
9991,2011-08-21 07:00:00.000,5.389
9992,2011-08-21 08:00:00.000,17.249
9993,2011-08-21 09:00:00.000,13.819000000000003
9994,2011-08-21 10:00:00.000,25.131000000000007
9995,2011-08-21 11:00:00.000,20.002
9996,2011-08-21 12:00:00.000,40.62799999999999
9997,2011-08-21 13:00:00.000,43.096
9998,2011-08-21 14:00:00.000,31.16399999999999
9999,2011-08-21 15:00:00.000,7.2250000000000005
10000,2011-08-21 16:00:00.000,5.139000000000001
10001,2011-08-21 17:00:00.000,0.0
10002,2011-08-21 18:00:00.000,0.0
10003,2011-08-21 19:00:00.000,0.0
10004,2011-08-21 20:00:00.000,0.0
10005,2011-08-21 21:00:00.000,0.0
10006,2011-08-21 22:00:00.000,0.0
10007,2011-08-21 23:00:00.000,0.0
10008,2011-08-22 00:00:00.000,0.0
10009,2011-08-22 01:00:00.000,0.0
10010,2011-08-22 02:00:00.000,0.0
10011,2011-08-22 03:00:00.000,0.0
10012,2011-08-22 04:00:00.000,0.0
10013,2011-08-22 05:00:00.000,0.0
10014,2011-08-22 06:00:00.000,0.31000000000000005
10015,2011-08-22 07:00:00.000,8.970999999999998
10016,2011-08-22 08:00:00.000,22.66899999999999
10017,2011-08-22 09:00:00.000,32.05500000000001
10018,2011-08-22 10:00:00.000,50.08999999999998
10019,2011-08-22 11:00:00.000,54.033
10020,2011-08-22 12:00:00.000,37.92899999999999
10021,2011-08-22 13:00:00.000,36.809
10022,2011-08-22 14:00:00.000,24.442000000000004
10023,2011-08-22 15:00:00.000,8.061000000000002
10024,2011-08-22 16:00:00.000,1.9900000000000004
10025,2011-08-22 17:00:00.000,0.026
10026,2011-08-22 18:00:00.000,0.0
10027,2011-08-22 19:00:00.000,0.0
10028,2011-08-22 20:00:00.000,0.0
10029,2011-08-22 21:00:00.000,0.0
10030,2011-08-22 22:00:00.000,0.0
10031,2011-08-22 23:00:00.000,0.0
10032,2011-08-23 00:00:00.000,0.0
10033,2011-08-23 01:00:00.000,0.0
10034,2011-08-23 02:00:00.000,0.0
10035,2011-08-23 03:00:00.000,0.0
10036,2011-08-23 04:00:00.000,0.0
10037,2011-08-23 05:00:00.000,0.0
10038,2011-08-23 06:00:00.000,0.026
10039,2011-08-23 07:00:00.000,5.434
10040,2011-08-23 08:00:00.000,25.198
10041,2011-08-23 09:00:00.000,30.311
10042,2011-08-23 10:00:00.000,39.26599999999999
10043,2011-08-23 11:00:00.000,50.516000000000005
10044,2011-08-23 12:00:00.000,54.144
10045,2011-08-23 13:00:00.000,50.803
10046,2011-08-23 14:00:00.000,40.72800000000001
10047,2011-08-23 15:00:00.000,25.503000000000007
10048,2011-08-23 16:00:00.000,9.135000000000002
10049,2011-08-23 17:00:00.000,0.16
10050,2011-08-23 18:00:00.000,0.0
10051,2011-08-23 19:00:00.000,0.0
10052,2011-08-23 20:00:00.000,0.0
10053,2011-08-23 21:00:00.000,0.0
10054,2011-08-23 22:00:00.000,0.0
10055,2011-08-23 23:00:00.000,0.0
10056,2011-08-24 00:00:00.000,0.0
10057,2011-08-24 01:00:00.000,0.0
10058,2011-08-24 02:00:00.000,0.0
10059,2011-08-24 03:00:00.000,0.0
10060,2011-08-24 04:00:00.000,0.0
10061,2011-08-24 05:00:00.000,0.0
10062,2011-08-24 06:00:00.000,0.076
10063,2011-08-24 07:00:00.000,3.794
10064,2011-08-24 08:00:00.000,8.426
10065,2011-08-24 09:00:00.000,19.774999999999995
10066,2011-08-24 10:00:00.000,26.757000000000012
10067,2011-08-24 11:00:00.000,33.859
10068,2011-08-24 12:00:00.000,43.388000000000005
10069,2011-08-24 13:00:00.000,50.75500000000002
10070,2011-08-24 14:00:00.000,41.612
10071,2011-08-24 15:00:00.000,25.637000000000004
10072,2011-08-24 16:00:00.000,9.297999999999998
10073,2011-08-24 17:00:00.000,0.167
10074,2011-08-24 18:00:00.000,0.0
10075,2011-08-24 19:00:00.000,0.0
10076,2011-08-24 20:00:00.000,0.0
10077,2011-08-24 21:00:00.000,0.0
10078,2011-08-24 22:00:00.000,0.0
10079,2011-08-24 23:00:00.000,0.0
10080,2011-08-25 00:00:00.000,0.0
10081,2011-08-25 01:00:00.000,0.0
10082,2011-08-25 02:00:00.000,0.0
10083,2011-08-25 03:00:00.000,0.0
10084,2011-08-25 04:00:00.000,0.0
10085,2011-08-25 05:00:00.000,0.0
10086,2011-08-25 06:00:00.000,1.064
10087,2011-08-25 07:00:00.000,13.396999999999997
10088,2011-08-25 08:00:00.000,29.743000000000006
10089,2011-08-25 09:00:00.000,44.61699999999999
10090,2011-08-25 10:00:00.000,54.73499999999999
10091,2011-08-25 11:00:00.000,58.56499999999999
10092,2011-08-25 12:00:00.000,57.012000000000015
10093,2011-08-25 13:00:00.000,52.358
10094,2011-08-25 14:00:00.000,42.25399999999999
10095,2011-08-25 15:00:00.000,25.940999999999992
10096,2011-08-25 16:00:00.000,9.461000000000002
10097,2011-08-25 17:00:00.000,0.18100000000000002
10098,2011-08-25 18:00:00.000,0.0
10099,2011-08-25 19:00:00.000,0.0
10100,2011-08-25 20:00:00.000,0.0
10101,2011-08-25 21:00:00.000,0.0
10102,2011-08-25 22:00:00.000,0.0
10103,2011-08-25 23:00:00.000,0.0
10104,2011-08-26 00:00:00.000,0.0
10105,2011-08-26 01:00:00.000,0.0
10106,2011-08-26 02:00:00.000,0.0
10107,2011-08-26 03:00:00.000,0.0
10108,2011-08-26 04:00:00.000,0.0
10109,2011-08-26 05:00:00.000,0.0
10110,2011-08-26 06:00:00.000,1.3350000000000004
10111,2011-08-26 07:00:00.000,13.540999999999999
10112,2011-08-26 08:00:00.000,29.067000000000004
10113,2011-08-26 09:00:00.000,42.95099999999999
10114,2011-08-26 10:00:00.000,52.78499999999999
10115,2011-08-26 11:00:00.000,56.436
10116,2011-08-26 12:00:00.000,55.38999999999999
10117,2011-08-26 13:00:00.000,50.51800000000001
10118,2011-08-26 14:00:00.000,41.142999999999994
10119,2011-08-26 15:00:00.000,25.245
10120,2011-08-26 16:00:00.000,9.25
10121,2011-08-26 17:00:00.000,0.17700000000000002
10122,2011-08-26 18:00:00.000,0.0
10123,2011-08-26 19:00:00.000,0.0
10124,2011-08-26 20:00:00.000,0.0
10125,2011-08-26 21:00:00.000,0.0
10126,2011-08-26 22:00:00.000,0.0
10127,2011-08-26 23:00:00.000,0.0
10128,2011-08-27 00:00:00.000,0.0
10129,2011-08-27 01:00:00.000,0.0
10130,2011-08-27 02:00:00.000,0.0
10131,2011-08-27 03:00:00.000,0.0
10132,2011-08-27 04:00:00.000,0.0
10133,2011-08-27 05:00:00.000,0.0
10134,2011-08-27 06:00:00.000,0.11399999999999999
10135,2011-08-27 07:00:00.000,4.654
10136,2011-08-27 08:00:00.000,10.430999999999997
10137,2011-08-27 09:00:00.000,20.175999999999995
10138,2011-08-27 10:00:00.000,17.453
10139,2011-08-27 11:00:00.000,9.816999999999998
10140,2011-08-27 12:00:00.000,9.713000000000001
10141,2011-08-27 13:00:00.000,6.1060000000000025
10142,2011-08-27 14:00:00.000,6.625000000000001
10143,2011-08-27 15:00:00.000,2.442
10144,2011-08-27 16:00:00.000,0.11299999999999999
10145,2011-08-27 17:00:00.000,0.0
10146,2011-08-27 18:00:00.000,0.0
10147,2011-08-27 19:00:00.000,0.0
10148,2011-08-27 20:00:00.000,0.0
10149,2011-08-27 21:00:00.000,0.0
10150,2011-08-27 22:00:00.000,0.0
10151,2011-08-27 23:00:00.000,0.0
10152,2011-08-28 00:00:00.000,0.0
10153,2011-08-28 01:00:00.000,0.0
10154,2011-08-28 02:00:00.000,0.0
10155,2011-08-28 03:00:00.000,0.0
10156,2011-08-28 04:00:00.000,0.0
10157,2011-08-28 05:00:00.000,0.0
10158,2011-08-28 06:00:00.000,0.6810000000000004
10159,2011-08-28 07:00:00.000,9.031000000000002
10160,2011-08-28 08:00:00.000,22.343999999999994
10161,2011-08-28 09:00:00.000,33.16
10162,2011-08-28 10:00:00.000,31.233999999999998
10163,2011-08-28 11:00:00.000,33.51500000000001
10164,2011-08-28 12:00:00.000,32.398
10165,2011-08-28 13:00:00.000,36.178999999999995
10166,2011-08-28 14:00:00.000,35.57300000000001
10167,2011-08-28 15:00:00.000,23.982000000000003
10168,2011-08-28 16:00:00.000,8.466999999999999
10169,2011-08-28 17:00:00.000,0.22700000000000006
10170,2011-08-28 18:00:00.000,0.0
10171,2011-08-28 19:00:00.000,0.0
10172,2011-08-28 20:00:00.000,0.0
10173,2011-08-28 21:00:00.000,0.0
10174,2011-08-28 22:00:00.000,0.0
10175,2011-08-28 23:00:00.000,0.0
10176,2011-08-29 00:00:00.000,0.0
10177,2011-08-29 01:00:00.000,0.0
10178,2011-08-29 02:00:00.000,0.0
10179,2011-08-29 03:00:00.000,0.0
10180,2011-08-29 04:00:00.000,0.0
10181,2011-08-29 05:00:00.000,0.0
10182,2011-08-29 06:00:00.000,1.2370000000000003
10183,2011-08-29 07:00:00.000,12.714
10184,2011-08-29 08:00:00.000,29.048000000000002
10185,2011-08-29 09:00:00.000,42.40399999999999
10186,2011-08-29 10:00:00.000,49.912
10187,2011-08-29 11:00:00.000,53.884
10188,2011-08-29 12:00:00.000,48.272
10189,2011-08-29 13:00:00.000,45.02600000000001
10190,2011-08-29 14:00:00.000,34.757
10191,2011-08-29 15:00:00.000,14.256999999999994
10192,2011-08-29 16:00:00.000,6.164000000000001
10193,2011-08-29 17:00:00.000,0.274
10194,2011-08-29 18:00:00.000,0.0
10195,2011-08-29 19:00:00.000,0.0
10196,2011-08-29 20:00:00.000,0.0
10197,2011-08-29 21:00:00.000,0.0
10198,2011-08-29 22:00:00.000,0.0
10199,2011-08-29 23:00:00.000,0.0
10200,2011-08-30 00:00:00.000,0.0
10201,2011-08-30 01:00:00.000,0.0
10202,2011-08-30 02:00:00.000,0.0
10203,2011-08-30 03:00:00.000,0.0
10204,2011-08-30 04:00:00.000,0.0
10205,2011-08-30 05:00:00.000,0.0
10206,2011-08-30 06:00:00.000,0.09
10207,2011-08-30 07:00:00.000,5.4670000000000005
10208,2011-08-30 08:00:00.000,15.564999999999994
10209,2011-08-30 09:00:00.000,25.399000000000008
10210,2011-08-30 10:00:00.000,31.921000000000003
10211,2011-08-30 11:00:00.000,24.596000000000004
10212,2011-08-30 12:00:00.000,31.692999999999994
10213,2011-08-30 13:00:00.000,41.156
10214,2011-08-30 14:00:00.000,36.461
10215,2011-08-30 15:00:00.000,21.773999999999997
10216,2011-08-30 16:00:00.000,5.999
10217,2011-08-30 17:00:00.000,0.22800000000000004
10218,2011-08-30 18:00:00.000,0.0
10219,2011-08-30 19:00:00.000,0.0
10220,2011-08-30 20:00:00.000,0.0
10221,2011-08-30 21:00:00.000,0.0
10222,2011-08-30 22:00:00.000,0.0
10223,2011-08-30 23:00:00.000,0.0
10224,2011-08-31 00:00:00.000,0.0
10225,2011-08-31 01:00:00.000,0.0
10226,2011-08-31 02:00:00.000,0.0
10227,2011-08-31 03:00:00.000,0.0
10228,2011-08-31 04:00:00.000,0.0
10229,2011-08-31 05:00:00.000,0.0
10230,2011-08-31 06:00:00.000,1.6819999999999995
10231,2011-08-31 07:00:00.000,13.397
10232,2011-08-31 08:00:00.000,29.045999999999996
10233,2011-08-31 09:00:00.000,36.331999999999994
10234,2011-08-31 10:00:00.000,41.43000000000001
10235,2011-08-31 11:00:00.000,41.486999999999995
10236,2011-08-31 12:00:00.000,46.035999999999994
10237,2011-08-31 13:00:00.000,33.818999999999996
10238,2011-08-31 14:00:00.000,38.536
10239,2011-08-31 15:00:00.000,25.003000000000004
10240,2011-08-31 16:00:00.000,8.719
10241,2011-08-31 17:00:00.000,0.338
10242,2011-08-31 18:00:00.000,0.0
10243,2011-08-31 19:00:00.000,0.0
10244,2011-08-31 20:00:00.000,0.0
10245,2011-08-31 21:00:00.000,0.0
10246,2011-08-31 22:00:00.000,0.0
10247,2011-08-31 23:00:00.000,0.0
10248,2011-09-01 00:00:00.000,0.0
10249,2011-09-01 01:00:00.000,0.0
10250,2011-09-01 02:00:00.000,0.0
10251,2011-09-01 03:00:00.000,0.0
10252,2011-09-01 04:00:00.000,0.0
10253,2011-09-01 05:00:00.000,0.0
10254,2011-09-01 06:00:00.000,1.5659999999999998
10255,2011-09-01 07:00:00.000,14.056
10256,2011-09-01 08:00:00.000,27.489999999999995
10257,2011-09-01 09:00:00.000,40.325
10258,2011-09-01 10:00:00.000,48.624
10259,2011-09-01 11:00:00.000,48.77200000000001
10260,2011-09-01 12:00:00.000,48.25
10261,2011-09-01 13:00:00.000,47.365000000000016
10262,2011-09-01 14:00:00.000,38.21
10263,2011-09-01 15:00:00.000,21.875000000000007
10264,2011-09-01 16:00:00.000,4.668
10265,2011-09-01 17:00:00.000,0.108
10266,2011-09-01 18:00:00.000,0.0
10267,2011-09-01 19:00:00.000,0.0
10268,2011-09-01 20:00:00.000,0.0
10269,2011-09-01 21:00:00.000,0.0
10270,2011-09-01 22:00:00.000,0.0
10271,2011-09-01 23:00:00.000,0.0
10272,2011-09-02 00:00:00.000,0.0
10273,2011-09-02 01:00:00.000,0.0
10274,2011-09-02 02:00:00.000,0.0
10275,2011-09-02 03:00:00.000,0.0
10276,2011-09-02 04:00:00.000,0.0
10277,2011-09-02 05:00:00.000,0.0
10278,2011-09-02 06:00:00.000,1.4459999999999993
10279,2011-09-02 07:00:00.000,14.546
10280,2011-09-02 08:00:00.000,30.083000000000006
10281,2011-09-02 09:00:00.000,31.535000000000004
10282,2011-09-02 10:00:00.000,27.575
10283,2011-09-02 11:00:00.000,28.645000000000003
10284,2011-09-02 12:00:00.000,37.693
10285,2011-09-02 13:00:00.000,44.929999999999986
10286,2011-09-02 14:00:00.000,42.641
10287,2011-09-02 15:00:00.000,23.249000000000002
10288,2011-09-02 16:00:00.000,4.156000000000001
10289,2011-09-02 17:00:00.000,0.13499999999999998
10290,2011-09-02 18:00:00.000,0.0
10291,2011-09-02 19:00:00.000,0.0
10292,2011-09-02 20:00:00.000,0.0
10293,2011-09-02 21:00:00.000,0.0
10294,2011-09-02 22:00:00.000,0.0
10295,2011-09-02 23:00:00.000,0.0
10296,2011-09-03 00:00:00.000,0.0
10297,2011-09-03 01:00:00.000,0.0
10298,2011-09-03 02:00:00.000,0.0
10299,2011-09-03 03:00:00.000,0.0
10300,2011-09-03 04:00:00.000,0.0
10301,2011-09-03 05:00:00.000,0.0
10302,2011-09-03 06:00:00.000,0.886
10303,2011-09-03 07:00:00.000,8.322
10304,2011-09-03 08:00:00.000,28.509
10305,2011-09-03 09:00:00.000,37.416
10306,2011-09-03 10:00:00.000,44.30700000000001
10307,2011-09-03 11:00:00.000,46.25399999999999
10308,2011-09-03 12:00:00.000,53.20200000000001
10309,2011-09-03 13:00:00.000,45.676
10310,2011-09-03 14:00:00.000,41.24300000000001
10311,2011-09-03 15:00:00.000,25.668999999999997
10312,2011-09-03 16:00:00.000,10.097999999999999
10313,2011-09-03 17:00:00.000,0.41800000000000004
10314,2011-09-03 18:00:00.000,0.0
10315,2011-09-03 19:00:00.000,0.0
10316,2011-09-03 20:00:00.000,0.0
10317,2011-09-03 21:00:00.000,0.0
10318,2011-09-03 22:00:00.000,0.0
10319,2011-09-03 23:00:00.000,0.0
10320,2011-09-04 00:00:00.000,0.0
10321,2011-09-04 01:00:00.000,0.0
10322,2011-09-04 02:00:00.000,0.0
10323,2011-09-04 03:00:00.000,0.0
10324,2011-09-04 04:00:00.000,0.0
10325,2011-09-04 05:00:00.000,0.0
10326,2011-09-04 06:00:00.000,2.284
10327,2011-09-04 07:00:00.000,15.872999999999996
10328,2011-09-04 08:00:00.000,31.689999999999998
10329,2011-09-04 09:00:00.000,46.358
10330,2011-09-04 10:00:00.000,55.191
10331,2011-09-04 11:00:00.000,58.06800000000001
10332,2011-09-04 12:00:00.000,56.54899999999999
10333,2011-09-04 13:00:00.000,51.495999999999995
10334,2011-09-04 14:00:00.000,42.016999999999996
10335,2011-09-04 15:00:00.000,25.531999999999996
10336,2011-09-04 16:00:00.000,9.833
10337,2011-09-04 17:00:00.000,0.4990000000000001
10338,2011-09-04 18:00:00.000,0.0
10339,2011-09-04 19:00:00.000,0.0
10340,2011-09-04 20:00:00.000,0.0
10341,2011-09-04 21:00:00.000,0.0
10342,2011-09-04 22:00:00.000,0.0
10343,2011-09-04 23:00:00.000,0.0
10344,2011-09-05 00:00:00.000,0.0
10345,2011-09-05 01:00:00.000,0.0
10346,2011-09-05 02:00:00.000,0.0
10347,2011-09-05 03:00:00.000,0.0
10348,2011-09-05 04:00:00.000,0.0
10349,2011-09-05 05:00:00.000,0.0
10350,2011-09-05 06:00:00.000,2.0789999999999993
10351,2011-09-05 07:00:00.000,14.120000000000001
10352,2011-09-05 08:00:00.000,29.589
10353,2011-09-05 09:00:00.000,43.70000000000001
10354,2011-09-05 10:00:00.000,51.99400000000001
10355,2011-09-05 11:00:00.000,55.01
10356,2011-09-05 12:00:00.000,53.50900000000001
10357,2011-09-05 13:00:00.000,48.708
10358,2011-09-05 14:00:00.000,39.256
10359,2011-09-05 15:00:00.000,23.350999999999996
10360,2011-09-05 16:00:00.000,8.75
10361,2011-09-05 17:00:00.000,0.42200000000000015
10362,2011-09-05 18:00:00.000,0.0
10363,2011-09-05 19:00:00.000,0.0
10364,2011-09-05 20:00:00.000,0.0
10365,2011-09-05 21:00:00.000,0.0
10366,2011-09-05 22:00:00.000,0.0
10367,2011-09-05 23:00:00.000,0.0
10368,2011-09-06 00:00:00.000,0.0
10369,2011-09-06 01:00:00.000,0.0
10370,2011-09-06 02:00:00.000,0.0
10371,2011-09-06 03:00:00.000,0.0
10372,2011-09-06 04:00:00.000,0.0
10373,2011-09-06 05:00:00.000,0.0
10374,2011-09-06 06:00:00.000,2.4429999999999996
10375,2011-09-06 07:00:00.000,14.617
10376,2011-09-06 08:00:00.000,30.204
10377,2011-09-06 09:00:00.000,44.95399999999999
10378,2011-09-06 10:00:00.000,53.66499999999999
10379,2011-09-06 11:00:00.000,56.448
10380,2011-09-06 12:00:00.000,55.161
10381,2011-09-06 13:00:00.000,50.345
10382,2011-09-06 14:00:00.000,40.461999999999996
10383,2011-09-06 15:00:00.000,24.630999999999993
10384,2011-09-06 16:00:00.000,9.466
10385,2011-09-06 17:00:00.000,0.4880000000000001
10386,2011-09-06 18:00:00.000,0.0
10387,2011-09-06 19:00:00.000,0.0
10388,2011-09-06 20:00:00.000,0.0
10389,2011-09-06 21:00:00.000,0.0
10390,2011-09-06 22:00:00.000,0.0
10391,2011-09-06 23:00:00.000,0.0
10392,2011-09-07 00:00:00.000,0.0
10393,2011-09-07 01:00:00.000,0.0
10394,2011-09-07 02:00:00.000,0.0
10395,2011-09-07 03:00:00.000,0.0
10396,2011-09-07 04:00:00.000,0.0
10397,2011-09-07 05:00:00.000,0.0
10398,2011-09-07 06:00:00.000,1.5189999999999995
10399,2011-09-07 07:00:00.000,14.292000000000005
10400,2011-09-07 08:00:00.000,29.872000000000007
10401,2011-09-07 09:00:00.000,43.679000000000016
10402,2011-09-07 10:00:00.000,53.327999999999996
10403,2011-09-07 11:00:00.000,56.63499999999999
10404,2011-09-07 12:00:00.000,56.234
10405,2011-09-07 13:00:00.000,51.579
10406,2011-09-07 14:00:00.000,41.77400000000002
10407,2011-09-07 15:00:00.000,25.096999999999998
10408,2011-09-07 16:00:00.000,9.697
10409,2011-09-07 17:00:00.000,0.49000000000000016
10410,2011-09-07 18:00:00.000,0.0
10411,2011-09-07 19:00:00.000,0.0
10412,2011-09-07 20:00:00.000,0.0
10413,2011-09-07 21:00:00.000,0.0
10414,2011-09-07 22:00:00.000,0.0
10415,2011-09-07 23:00:00.000,0.0
10416,2011-09-08 00:00:00.000,0.0
10417,2011-09-08 01:00:00.000,0.0
10418,2011-09-08 02:00:00.000,0.0
10419,2011-09-08 03:00:00.000,0.0
10420,2011-09-08 04:00:00.000,0.0
10421,2011-09-08 05:00:00.000,0.0
10422,2011-09-08 06:00:00.000,0.42400000000000015
10423,2011-09-08 07:00:00.000,3.506
10424,2011-09-08 08:00:00.000,22.828999999999997
10425,2011-09-08 09:00:00.000,30.222999999999995
10426,2011-09-08 10:00:00.000,25.337
10427,2011-09-08 11:00:00.000,38.49500000000001
10428,2011-09-08 12:00:00.000,20.803999999999995
10429,2011-09-08 13:00:00.000,32.071999999999996
10430,2011-09-08 14:00:00.000,22.086000000000006
10431,2011-09-08 15:00:00.000,8.232000000000003
10432,2011-09-08 16:00:00.000,4.081
10433,2011-09-08 17:00:00.000,0.0
10434,2011-09-08 18:00:00.000,0.0
10435,2011-09-08 19:00:00.000,0.0
10436,2011-09-08 20:00:00.000,0.0
10437,2011-09-08 21:00:00.000,0.0
10438,2011-09-08 22:00:00.000,0.0
10439,2011-09-08 23:00:00.000,0.0
10440,2011-09-09 00:00:00.000,0.0
10441,2011-09-09 01:00:00.000,0.0
10442,2011-09-09 02:00:00.000,0.0
10443,2011-09-09 03:00:00.000,0.0
10444,2011-09-09 04:00:00.000,0.0
10445,2011-09-09 05:00:00.000,0.0
10446,2011-09-09 06:00:00.000,0.0
10447,2011-09-09 07:00:00.000,0.268
10448,2011-09-09 08:00:00.000,2.6349999999999993
10449,2011-09-09 09:00:00.000,6.197
10450,2011-09-09 10:00:00.000,5.1370000000000005
10451,2011-09-09 11:00:00.000,6.148999999999999
10452,2011-09-09 12:00:00.000,3.5220000000000002
10453,2011-09-09 13:00:00.000,13.859999999999996
10454,2011-09-09 14:00:00.000,28.720999999999997
10455,2011-09-09 15:00:00.000,8.956999999999999
10456,2011-09-09 16:00:00.000,6.557
10457,2011-09-09 17:00:00.000,0.9840000000000002
10458,2011-09-09 18:00:00.000,0.0
10459,2011-09-09 19:00:00.000,0.0
10460,2011-09-09 20:00:00.000,0.0
10461,2011-09-09 21:00:00.000,0.0
10462,2011-09-09 22:00:00.000,0.0
10463,2011-09-09 23:00:00.000,0.0
10464,2011-09-10 00:00:00.000,0.0
10465,2011-09-10 01:00:00.000,0.0
10466,2011-09-10 02:00:00.000,0.0
10467,2011-09-10 03:00:00.000,0.0
10468,2011-09-10 04:00:00.000,0.0
10469,2011-09-10 05:00:00.000,0.0
10470,2011-09-10 06:00:00.000,3.6229999999999998
10471,2011-09-10 07:00:00.000,18.735000000000007
10472,2011-09-10 08:00:00.000,36.249
10473,2011-09-10 09:00:00.000,51.54699999999999
10474,2011-09-10 10:00:00.000,60.22700000000002
10475,2011-09-10 11:00:00.000,60.91199999999999
10476,2011-09-10 12:00:00.000,56.378
10477,2011-09-10 13:00:00.000,34.971
10478,2011-09-10 14:00:00.000,40.74700000000001
10479,2011-09-10 15:00:00.000,28.535999999999998
10480,2011-09-10 16:00:00.000,7.286999999999999
10481,2011-09-10 17:00:00.000,1.3159999999999998
10482,2011-09-10 18:00:00.000,0.0
10483,2011-09-10 19:00:00.000,0.0
10484,2011-09-10 20:00:00.000,0.0
10485,2011-09-10 21:00:00.000,0.0
10486,2011-09-10 22:00:00.000,0.0
10487,2011-09-10 23:00:00.000,0.0
10488,2011-09-11 00:00:00.000,0.0
10489,2011-09-11 01:00:00.000,0.0
10490,2011-09-11 02:00:00.000,0.0
10491,2011-09-11 03:00:00.000,0.0
10492,2011-09-11 04:00:00.000,0.0
10493,2011-09-11 05:00:00.000,0.0
10494,2011-09-11 06:00:00.000,3.8200000000000003
10495,2011-09-11 07:00:00.000,18.512000000000004
10496,2011-09-11 08:00:00.000,36.027
10497,2011-09-11 09:00:00.000,51.20700000000001
10498,2011-09-11 10:00:00.000,59.72100000000001
10499,2011-09-11 11:00:00.000,62.35500000000002
10500,2011-09-11 12:00:00.000,60.31499999999999
10501,2011-09-11 13:00:00.000,45.157
10502,2011-09-11 14:00:00.000,33.464
10503,2011-09-11 15:00:00.000,27.283000000000005
10504,2011-09-11 16:00:00.000,4.43
10505,2011-09-11 17:00:00.000,0.107
10506,2011-09-11 18:00:00.000,0.0
10507,2011-09-11 19:00:00.000,0.0
10508,2011-09-11 20:00:00.000,0.0
10509,2011-09-11 21:00:00.000,0.0
10510,2011-09-11 22:00:00.000,0.0
10511,2011-09-11 23:00:00.000,0.0
10512,2011-09-12 00:00:00.000,0.0
10513,2011-09-12 01:00:00.000,0.0
10514,2011-09-12 02:00:00.000,0.0
10515,2011-09-12 03:00:00.000,0.0
10516,2011-09-12 04:00:00.000,0.0
10517,2011-09-12 05:00:00.000,0.0
10518,2011-09-12 06:00:00.000,1.094
10519,2011-09-12 07:00:00.000,7.1640000000000015
10520,2011-09-12 08:00:00.000,30.09900000000001
10521,2011-09-12 09:00:00.000,45.87100000000001
10522,2011-09-12 10:00:00.000,25.606
10523,2011-09-12 11:00:00.000,45.349
10524,2011-09-12 12:00:00.000,43.580999999999996
10525,2011-09-12 13:00:00.000,52.29099999999999
10526,2011-09-12 14:00:00.000,45.413
10527,2011-09-12 15:00:00.000,27.672999999999988
10528,2011-09-12 16:00:00.000,11.239
10529,2011-09-12 17:00:00.000,0.8680000000000001
10530,2011-09-12 18:00:00.000,0.0
10531,2011-09-12 19:00:00.000,0.0
10532,2011-09-12 20:00:00.000,0.0
10533,2011-09-12 21:00:00.000,0.0
10534,2011-09-12 22:00:00.000,0.0
10535,2011-09-12 23:00:00.000,0.0
10536,2011-09-13 00:00:00.000,0.0
10537,2011-09-13 01:00:00.000,0.0
10538,2011-09-13 02:00:00.000,0.0
10539,2011-09-13 03:00:00.000,0.0
10540,2011-09-13 04:00:00.000,0.0
10541,2011-09-13 05:00:00.000,0.0
10542,2011-09-13 06:00:00.000,4.643000000000001
10543,2011-09-13 07:00:00.000,19.443
10544,2011-09-13 08:00:00.000,36.476000000000006
10545,2011-09-13 09:00:00.000,50.98099999999999
10546,2011-09-13 10:00:00.000,59.434
10547,2011-09-13 11:00:00.000,63.15999999999999
10548,2011-09-13 12:00:00.000,61.468
10549,2011-09-13 13:00:00.000,55.98400000000001
10550,2011-09-13 14:00:00.000,45.57700000000001
10551,2011-09-13 15:00:00.000,27.790999999999997
10552,2011-09-13 16:00:00.000,11.510000000000002
10553,2011-09-13 17:00:00.000,0.9520000000000002
10554,2011-09-13 18:00:00.000,0.0
10555,2011-09-13 19:00:00.000,0.0
10556,2011-09-13 20:00:00.000,0.0
10557,2011-09-13 21:00:00.000,0.0
10558,2011-09-13 22:00:00.000,0.0
10559,2011-09-13 23:00:00.000,0.0
10560,2011-09-14 00:00:00.000,0.0
10561,2011-09-14 01:00:00.000,0.0
10562,2011-09-14 02:00:00.000,0.0
10563,2011-09-14 03:00:00.000,0.0
10564,2011-09-14 04:00:00.000,0.0
10565,2011-09-14 05:00:00.000,0.0
10566,2011-09-14 06:00:00.000,4.625
10567,2011-09-14 07:00:00.000,19.866
10568,2011-09-14 08:00:00.000,37.369000000000014
10569,2011-09-14 09:00:00.000,51.637
10570,2011-09-14 10:00:00.000,60.03699999999999
10571,2011-09-14 11:00:00.000,63.02299999999998
10572,2011-09-14 12:00:00.000,61.31200000000001
10573,2011-09-14 13:00:00.000,56.07000000000002
10574,2011-09-14 14:00:00.000,45.567
10575,2011-09-14 15:00:00.000,27.692
10576,2011-09-14 16:00:00.000,11.587000000000003
10577,2011-09-14 17:00:00.000,1.0820000000000003
10578,2011-09-14 18:00:00.000,0.0
10579,2011-09-14 19:00:00.000,0.0
10580,2011-09-14 20:00:00.000,0.0
10581,2011-09-14 21:00:00.000,0.0
10582,2011-09-14 22:00:00.000,0.0
10583,2011-09-14 23:00:00.000,0.0
10584,2011-09-15 00:00:00.000,0.0
10585,2011-09-15 01:00:00.000,0.0
10586,2011-09-15 02:00:00.000,0.0
10587,2011-09-15 03:00:00.000,0.0
10588,2011-09-15 04:00:00.000,0.0
10589,2011-09-15 05:00:00.000,0.0
10590,2011-09-15 06:00:00.000,3.247
10591,2011-09-15 07:00:00.000,15.218000000000002
10592,2011-09-15 08:00:00.000,20.655
10593,2011-09-15 09:00:00.000,32.116
10594,2011-09-15 10:00:00.000,42.190000000000005
10595,2011-09-15 11:00:00.000,48.36599999999999
10596,2011-09-15 12:00:00.000,49.415000000000006
10597,2011-09-15 13:00:00.000,45.47999999999998
10598,2011-09-15 14:00:00.000,43.49199999999999
10599,2011-09-15 15:00:00.000,26.816000000000006
10600,2011-09-15 16:00:00.000,10.771999999999997
10601,2011-09-15 17:00:00.000,0.9300000000000004
10602,2011-09-15 18:00:00.000,0.0
10603,2011-09-15 19:00:00.000,0.0
10604,2011-09-15 20:00:00.000,0.0
10605,2011-09-15 21:00:00.000,0.0
10606,2011-09-15 22:00:00.000,0.0
10607,2011-09-15 23:00:00.000,0.0
10608,2011-09-16 00:00:00.000,0.0
10609,2011-09-16 01:00:00.000,0.0
10610,2011-09-16 02:00:00.000,0.0
10611,2011-09-16 03:00:00.000,0.0
10612,2011-09-16 04:00:00.000,0.0
10613,2011-09-16 05:00:00.000,0.0
10614,2011-09-16 06:00:00.000,4.956
10615,2011-09-16 07:00:00.000,19.404000000000003
10616,2011-09-16 08:00:00.000,35.579
10617,2011-09-16 09:00:00.000,48.866
10618,2011-09-16 10:00:00.000,55.71899999999999
10619,2011-09-16 11:00:00.000,59.332000000000015
10620,2011-09-16 12:00:00.000,57.83099999999999
10621,2011-09-16 13:00:00.000,46.851
10622,2011-09-16 14:00:00.000,30.01
10623,2011-09-16 15:00:00.000,23.609
10624,2011-09-16 16:00:00.000,9.666000000000002
10625,2011-09-16 17:00:00.000,1.256
10626,2011-09-16 18:00:00.000,0.0
10627,2011-09-16 19:00:00.000,0.0
10628,2011-09-16 20:00:00.000,0.0
10629,2011-09-16 21:00:00.000,0.0
10630,2011-09-16 22:00:00.000,0.0
10631,2011-09-16 23:00:00.000,0.0
10632,2011-09-17 00:00:00.000,0.0
10633,2011-09-17 01:00:00.000,0.0
10634,2011-09-17 02:00:00.000,0.0
10635,2011-09-17 03:00:00.000,0.0
10636,2011-09-17 04:00:00.000,0.0
10637,2011-09-17 05:00:00.000,0.0
10638,2011-09-17 06:00:00.000,4.892
10639,2011-09-17 07:00:00.000,19.115999999999996
10640,2011-09-17 08:00:00.000,35.147999999999996
10641,2011-09-17 09:00:00.000,48.265
10642,2011-09-17 10:00:00.000,56.29299999999999
10643,2011-09-17 11:00:00.000,59.601000000000006
10644,2011-09-17 12:00:00.000,58.35199999999999
10645,2011-09-17 13:00:00.000,53.33099999999999
10646,2011-09-17 14:00:00.000,40.65600000000001
10647,2011-09-17 15:00:00.000,12.665
10648,2011-09-17 16:00:00.000,14.634000000000002
10649,2011-09-17 17:00:00.000,1.395
10650,2011-09-17 18:00:00.000,0.0
10651,2011-09-17 19:00:00.000,0.0
10652,2011-09-17 20:00:00.000,0.0
10653,2011-09-17 21:00:00.000,0.0
10654,2011-09-17 22:00:00.000,0.0
10655,2011-09-17 23:00:00.000,0.0
10656,2011-09-18 00:00:00.000,0.0
10657,2011-09-18 01:00:00.000,0.0
10658,2011-09-18 02:00:00.000,0.0
10659,2011-09-18 03:00:00.000,0.0
10660,2011-09-18 04:00:00.000,0.0
10661,2011-09-18 05:00:00.000,0.0
10662,2011-09-18 06:00:00.000,4.725999999999999
10663,2011-09-18 07:00:00.000,18.881999999999998
10664,2011-09-18 08:00:00.000,34.59400000000001
10665,2011-09-18 09:00:00.000,47.628
10666,2011-09-18 10:00:00.000,55.992000000000004
10667,2011-09-18 11:00:00.000,58.57999999999998
10668,2011-09-18 12:00:00.000,55.903000000000006
10669,2011-09-18 13:00:00.000,50.67099999999999
10670,2011-09-18 14:00:00.000,40.705
10671,2011-09-18 15:00:00.000,24.364000000000004
10672,2011-09-18 16:00:00.000,8.853
10673,2011-09-18 17:00:00.000,0.3790000000000001
10674,2011-09-18 18:00:00.000,0.0
10675,2011-09-18 19:00:00.000,0.0
10676,2011-09-18 20:00:00.000,0.0
10677,2011-09-18 21:00:00.000,0.0
10678,2011-09-18 22:00:00.000,0.0
10679,2011-09-18 23:00:00.000,0.0
10680,2011-09-19 00:00:00.000,0.0
10681,2011-09-19 01:00:00.000,0.0
10682,2011-09-19 02:00:00.000,0.0
10683,2011-09-19 03:00:00.000,0.0
10684,2011-09-19 04:00:00.000,0.0
10685,2011-09-19 05:00:00.000,0.0
10686,2011-09-19 06:00:00.000,3.4459999999999993
10687,2011-09-19 07:00:00.000,17.824999999999996
10688,2011-09-19 08:00:00.000,31.385
10689,2011-09-19 09:00:00.000,39.526999999999994
10690,2011-09-19 10:00:00.000,54.00199999999999
10691,2011-09-19 11:00:00.000,59.474
10692,2011-09-19 12:00:00.000,58.35100000000001
10693,2011-09-19 13:00:00.000,52.629999999999995
10694,2011-09-19 14:00:00.000,42.552
10695,2011-09-19 15:00:00.000,25.983999999999998
10696,2011-09-19 16:00:00.000,11.045
10697,2011-09-19 17:00:00.000,0.9040000000000004
10698,2011-09-19 18:00:00.000,0.0
10699,2011-09-19 19:00:00.000,0.0
10700,2011-09-19 20:00:00.000,0.0
10701,2011-09-19 21:00:00.000,0.0
10702,2011-09-19 22:00:00.000,0.0
10703,2011-09-19 23:00:00.000,0.0
10704,2011-09-20 00:00:00.000,0.0
10705,2011-09-20 01:00:00.000,0.0
10706,2011-09-20 02:00:00.000,0.0
10707,2011-09-20 03:00:00.000,0.0
10708,2011-09-20 04:00:00.000,0.0
10709,2011-09-20 05:00:00.000,0.0
10710,2011-09-20 06:00:00.000,0.8110000000000004
10711,2011-09-20 07:00:00.000,11.421999999999999
10712,2011-09-20 08:00:00.000,14.948000000000004
10713,2011-09-20 09:00:00.000,34.059999999999995
10714,2011-09-20 10:00:00.000,53.99699999999999
10715,2011-09-20 11:00:00.000,55.464
10716,2011-09-20 12:00:00.000,52.448
10717,2011-09-20 13:00:00.000,50.842
10718,2011-09-20 14:00:00.000,37.50399999999999
10719,2011-09-20 15:00:00.000,18.686000000000003
10720,2011-09-20 16:00:00.000,12.257
10721,2011-09-20 17:00:00.000,1.234
10722,2011-09-20 18:00:00.000,0.0
10723,2011-09-20 19:00:00.000,0.0
10724,2011-09-20 20:00:00.000,0.0
10725,2011-09-20 21:00:00.000,0.0
10726,2011-09-20 22:00:00.000,0.0
10727,2011-09-20 23:00:00.000,0.0
10728,2011-09-21 00:00:00.000,0.0
10729,2011-09-21 01:00:00.000,0.0
10730,2011-09-21 02:00:00.000,0.0
10731,2011-09-21 03:00:00.000,0.0
10732,2011-09-21 04:00:00.000,0.0
10733,2011-09-21 05:00:00.000,0.064
10734,2011-09-21 06:00:00.000,6.640999999999999
10735,2011-09-21 07:00:00.000,22.221000000000004
10736,2011-09-21 08:00:00.000,38.912000000000006
10737,2011-09-21 09:00:00.000,51.77799999999999
10738,2011-09-21 10:00:00.000,59.57600000000001
10739,2011-09-21 11:00:00.000,62.324
10740,2011-09-21 12:00:00.000,60.893
10741,2011-09-21 13:00:00.000,55.797999999999995
10742,2011-09-21 14:00:00.000,45.514
10743,2011-09-21 15:00:00.000,28.752999999999993
10744,2011-09-21 16:00:00.000,12.241
10745,2011-09-21 17:00:00.000,1.2580000000000002
10746,2011-09-21 18:00:00.000,0.0
10747,2011-09-21 19:00:00.000,0.0
10748,2011-09-21 20:00:00.000,0.0
10749,2011-09-21 21:00:00.000,0.0
10750,2011-09-21 22:00:00.000,0.0
10751,2011-09-21 23:00:00.000,0.0
10752,2011-09-22 00:00:00.000,0.0
10753,2011-09-22 01:00:00.000,0.0
10754,2011-09-22 02:00:00.000,0.0
10755,2011-09-22 03:00:00.000,0.0
10756,2011-09-22 04:00:00.000,0.0
10757,2011-09-22 05:00:00.000,0.019
10758,2011-09-22 06:00:00.000,6.059000000000001
10759,2011-09-22 07:00:00.000,20.847000000000005
10760,2011-09-22 08:00:00.000,36.901
10761,2011-09-22 09:00:00.000,49.633999999999986
10762,2011-09-22 10:00:00.000,57.516
10763,2011-09-22 11:00:00.000,60.56799999999999
10764,2011-09-22 12:00:00.000,59.50800000000001
10765,2011-09-22 13:00:00.000,55.11900000000001
10766,2011-09-22 14:00:00.000,44.720000000000006
10767,2011-09-22 15:00:00.000,28.31299999999999
10768,2011-09-22 16:00:00.000,12.114
10769,2011-09-22 17:00:00.000,1.252
10770,2011-09-22 18:00:00.000,0.0
10771,2011-09-22 19:00:00.000,0.0
10772,2011-09-22 20:00:00.000,0.0
10773,2011-09-22 21:00:00.000,0.0
10774,2011-09-22 22:00:00.000,0.0
10775,2011-09-22 23:00:00.000,0.0
10776,2011-09-23 00:00:00.000,0.0
10777,2011-09-23 01:00:00.000,0.0
10778,2011-09-23 02:00:00.000,0.0
10779,2011-09-23 03:00:00.000,0.0
10780,2011-09-23 04:00:00.000,0.0
10781,2011-09-23 05:00:00.000,0.06999999999999999
10782,2011-09-23 06:00:00.000,6.823000000000001
10783,2011-09-23 07:00:00.000,22.020000000000007
10784,2011-09-23 08:00:00.000,38.57500000000001
10785,2011-09-23 09:00:00.000,51.419999999999995
10786,2011-09-23 10:00:00.000,58.99699999999999
10787,2011-09-23 11:00:00.000,61.43100000000001
10788,2011-09-23 12:00:00.000,58.866
10789,2011-09-23 13:00:00.000,52.696999999999996
10790,2011-09-23 14:00:00.000,42.92999999999999
10791,2011-09-23 15:00:00.000,27.132000000000005
10792,2011-09-23 16:00:00.000,11.568
10793,2011-09-23 17:00:00.000,1.299
10794,2011-09-23 18:00:00.000,0.0
10795,2011-09-23 19:00:00.000,0.0
10796,2011-09-23 20:00:00.000,0.0
10797,2011-09-23 21:00:00.000,0.0
10798,2011-09-23 22:00:00.000,0.0
10799,2011-09-23 23:00:00.000,0.0
10800,2011-09-24 00:00:00.000,0.0
10801,2011-09-24 01:00:00.000,0.0
10802,2011-09-24 02:00:00.000,0.0
10803,2011-09-24 03:00:00.000,0.0
10804,2011-09-24 04:00:00.000,0.0
10805,2011-09-24 05:00:00.000,0.0
10806,2011-09-24 06:00:00.000,0.20600000000000004
10807,2011-09-24 07:00:00.000,8.574999999999996
10808,2011-09-24 08:00:00.000,8.529
10809,2011-09-24 09:00:00.000,29.326
10810,2011-09-24 10:00:00.000,27.73
10811,2011-09-24 11:00:00.000,35.459
10812,2011-09-24 12:00:00.000,39.70799999999999
10813,2011-09-24 13:00:00.000,37.44800000000001
10814,2011-09-24 14:00:00.000,26.315
10815,2011-09-24 15:00:00.000,19.108
10816,2011-09-24 16:00:00.000,6.218000000000001
10817,2011-09-24 17:00:00.000,0.013
10818,2011-09-24 18:00:00.000,0.0
10819,2011-09-24 19:00:00.000,0.0
10820,2011-09-24 20:00:00.000,0.0
10821,2011-09-24 21:00:00.000,0.0
10822,2011-09-24 22:00:00.000,0.0
10823,2011-09-24 23:00:00.000,0.0
10824,2011-09-25 00:00:00.000,0.0
10825,2011-09-25 01:00:00.000,0.0
10826,2011-09-25 02:00:00.000,0.0
10827,2011-09-25 03:00:00.000,0.0
10828,2011-09-25 04:00:00.000,0.0
10829,2011-09-25 05:00:00.000,0.0
10830,2011-09-25 06:00:00.000,0.18400000000000005
10831,2011-09-25 07:00:00.000,2.4960000000000004
10832,2011-09-25 08:00:00.000,1.2729999999999997
10833,2011-09-25 09:00:00.000,0.28400000000000003
10834,2011-09-25 10:00:00.000,1.1940000000000002
10835,2011-09-25 11:00:00.000,8.254999999999999
10836,2011-09-25 12:00:00.000,8.800000000000002
10837,2011-09-25 13:00:00.000,10.557999999999998
10838,2011-09-25 14:00:00.000,10.858
10839,2011-09-25 15:00:00.000,0.277
10840,2011-09-25 16:00:00.000,0.24300000000000005
10841,2011-09-25 17:00:00.000,0.0
10842,2011-09-25 18:00:00.000,0.0
10843,2011-09-25 19:00:00.000,0.0
10844,2011-09-25 20:00:00.000,0.0
10845,2011-09-25 21:00:00.000,0.0
10846,2011-09-25 22:00:00.000,0.0
10847,2011-09-25 23:00:00.000,0.0
10848,2011-09-26 00:00:00.000,0.0
10849,2011-09-26 01:00:00.000,0.0
10850,2011-09-26 02:00:00.000,0.0
10851,2011-09-26 03:00:00.000,0.0
10852,2011-09-26 04:00:00.000,0.0
10853,2011-09-26 05:00:00.000,0.06999999999999999
10854,2011-09-26 06:00:00.000,3.5660000000000003
10855,2011-09-26 07:00:00.000,14.390999999999998
10856,2011-09-26 08:00:00.000,25.777
10857,2011-09-26 09:00:00.000,26.25
10858,2011-09-26 10:00:00.000,52.834999999999994
10859,2011-09-26 11:00:00.000,60.566
10860,2011-09-26 12:00:00.000,54.81699999999999
10861,2011-09-26 13:00:00.000,55.638000000000005
10862,2011-09-26 14:00:00.000,42.958
10863,2011-09-26 15:00:00.000,24.090999999999998
10864,2011-09-26 16:00:00.000,9.414
10865,2011-09-26 17:00:00.000,0.47100000000000014
10866,2011-09-26 18:00:00.000,0.0
10867,2011-09-26 19:00:00.000,0.0
10868,2011-09-26 20:00:00.000,0.0
10869,2011-09-26 21:00:00.000,0.0
10870,2011-09-26 22:00:00.000,0.0
10871,2011-09-26 23:00:00.000,0.0
10872,2011-09-27 00:00:00.000,0.0
10873,2011-09-27 01:00:00.000,0.0
10874,2011-09-27 02:00:00.000,0.0
10875,2011-09-27 03:00:00.000,0.0
10876,2011-09-27 04:00:00.000,0.0
10877,2011-09-27 05:00:00.000,0.038
10878,2011-09-27 06:00:00.000,7.649999999999998
10879,2011-09-27 07:00:00.000,13.263000000000002
10880,2011-09-27 08:00:00.000,24.482
10881,2011-09-27 09:00:00.000,46.15800000000001
10882,2011-09-27 10:00:00.000,36.166000000000004
10883,2011-09-27 11:00:00.000,53.404
10884,2011-09-27 12:00:00.000,59.074
10885,2011-09-27 13:00:00.000,53.940999999999995
10886,2011-09-27 14:00:00.000,37.096999999999994
10887,2011-09-27 15:00:00.000,25.112999999999992
10888,2011-09-27 16:00:00.000,10.674
10889,2011-09-27 17:00:00.000,1.028
10890,2011-09-27 18:00:00.000,0.0
10891,2011-09-27 19:00:00.000,0.0
10892,2011-09-27 20:00:00.000,0.0
10893,2011-09-27 21:00:00.000,0.0
10894,2011-09-27 22:00:00.000,0.0
10895,2011-09-27 23:00:00.000,0.0
10896,2011-09-28 00:00:00.000,0.0
10897,2011-09-28 01:00:00.000,0.0
10898,2011-09-28 02:00:00.000,0.0
10899,2011-09-28 03:00:00.000,0.0
10900,2011-09-28 04:00:00.000,0.0
10901,2011-09-28 05:00:00.000,0.19000000000000003
10902,2011-09-28 06:00:00.000,7.1290000000000004
10903,2011-09-28 07:00:00.000,20.157000000000004
10904,2011-09-28 08:00:00.000,28.949000000000005
10905,2011-09-28 09:00:00.000,43.01899999999999
10906,2011-09-28 10:00:00.000,47.932
10907,2011-09-28 11:00:00.000,44.403000000000006
10908,2011-09-28 12:00:00.000,19.791999999999998
10909,2011-09-28 13:00:00.000,4.0040000000000004
10910,2011-09-28 14:00:00.000,3.6350000000000002
10911,2011-09-28 15:00:00.000,0.8140000000000004
10912,2011-09-28 16:00:00.000,0.165
10913,2011-09-28 17:00:00.000,0.0
10914,2011-09-28 18:00:00.000,0.0
10915,2011-09-28 19:00:00.000,0.0
10916,2011-09-28 20:00:00.000,0.0
10917,2011-09-28 21:00:00.000,0.0
10918,2011-09-28 22:00:00.000,0.0
10919,2011-09-28 23:00:00.000,0.0
10920,2011-09-29 00:00:00.000,0.0
10921,2011-09-29 01:00:00.000,0.0
10922,2011-09-29 02:00:00.000,0.0
10923,2011-09-29 03:00:00.000,0.0
10924,2011-09-29 04:00:00.000,0.0
10925,2011-09-29 05:00:00.000,0.0
10926,2011-09-29 06:00:00.000,0.8790000000000004
10927,2011-09-29 07:00:00.000,3.062
10928,2011-09-29 08:00:00.000,7.3649999999999975
10929,2011-09-29 09:00:00.000,11.762999999999998
10930,2011-09-29 10:00:00.000,25.462999999999994
10931,2011-09-29 11:00:00.000,21.637000000000004
10932,2011-09-29 12:00:00.000,30.147
10933,2011-09-29 13:00:00.000,56.487
10934,2011-09-29 14:00:00.000,46.666
10935,2011-09-29 15:00:00.000,24.45900000000001
10936,2011-09-29 16:00:00.000,11.928
10937,2011-09-29 17:00:00.000,1.189
10938,2011-09-29 18:00:00.000,0.0
10939,2011-09-29 19:00:00.000,0.0
10940,2011-09-29 20:00:00.000,0.0
10941,2011-09-29 21:00:00.000,0.0
10942,2011-09-29 22:00:00.000,0.0
10943,2011-09-29 23:00:00.000,0.0
10944,2011-09-30 00:00:00.000,0.0
10945,2011-09-30 01:00:00.000,0.0
10946,2011-09-30 02:00:00.000,0.0
10947,2011-09-30 03:00:00.000,0.0
10948,2011-09-30 04:00:00.000,0.0
10949,2011-09-30 05:00:00.000,0.5470000000000002
10950,2011-09-30 06:00:00.000,7.834000000000002
10951,2011-09-30 07:00:00.000,24.240000000000006
10952,2011-09-30 08:00:00.000,32.014
10953,2011-09-30 09:00:00.000,46.099999999999994
10954,2011-09-30 10:00:00.000,60.70000000000001
10955,2011-09-30 11:00:00.000,65.875
10956,2011-09-30 12:00:00.000,63.315999999999995
10957,2011-09-30 13:00:00.000,48.775999999999975
10958,2011-09-30 14:00:00.000,48.107
10959,2011-09-30 15:00:00.000,30.564
10960,2011-09-30 16:00:00.000,13.044
10961,2011-09-30 17:00:00.000,1.7549999999999994
10962,2011-09-30 18:00:00.000,0.0
10963,2011-09-30 19:00:00.000,0.0
10964,2011-09-30 20:00:00.000,0.0
10965,2011-09-30 21:00:00.000,0.0
10966,2011-09-30 22:00:00.000,0.0
10967,2011-09-30 23:00:00.000,0.0
10968,2011-10-01 00:00:00.000,0.0
10969,2011-10-01 01:00:00.000,0.0
10970,2011-10-01 02:00:00.000,0.0
10971,2011-10-01 03:00:00.000,0.0
10972,2011-10-01 04:00:00.000,0.0
10973,2011-10-01 05:00:00.000,0.126
10974,2011-10-01 06:00:00.000,7.810000000000001
10975,2011-10-01 07:00:00.000,15.159999999999998
10976,2011-10-01 08:00:00.000,25.781000000000002
10977,2011-10-01 09:00:00.000,51.59699999999999
10978,2011-10-01 10:00:00.000,47.106
10979,2011-10-01 11:00:00.000,43.645
10980,2011-10-01 12:00:00.000,28.320999999999998
10981,2011-10-01 13:00:00.000,22.149999999999995
10982,2011-10-01 14:00:00.000,1.9919999999999998
10983,2011-10-01 15:00:00.000,2.6310000000000002
10984,2011-10-01 16:00:00.000,1.4100000000000001
10985,2011-10-01 17:00:00.000,0.115
10986,2011-10-01 18:00:00.000,0.0
10987,2011-10-01 19:00:00.000,0.0
10988,2011-10-01 20:00:00.000,0.0
10989,2011-10-01 21:00:00.000,0.0
10990,2011-10-01 22:00:00.000,0.0
10991,2011-10-01 23:00:00.000,0.0
10992,2011-10-02 00:00:00.000,0.0
10993,2011-10-02 01:00:00.000,0.0
10994,2011-10-02 02:00:00.000,0.0
10995,2011-10-02 03:00:00.000,0.0
10996,2011-10-02 04:00:00.000,0.0
10997,2011-10-02 05:00:00.000,0.0
10998,2011-10-02 06:00:00.000,0.0
10999,2011-10-02 07:00:00.000,0.4440000000000002
11000,2011-10-02 08:00:00.000,2.4859999999999998
11001,2011-10-02 09:00:00.000,4.026999999999999
11002,2011-10-02 10:00:00.000,4.122000000000002
11003,2011-10-02 11:00:00.000,4.774
11004,2011-10-02 12:00:00.000,0.7240000000000003
11005,2011-10-02 13:00:00.000,3.8959999999999995
11006,2011-10-02 14:00:00.000,14.886000000000003
11007,2011-10-02 15:00:00.000,8.707000000000003
11008,2011-10-02 16:00:00.000,8.669999999999998
11009,2011-10-02 17:00:00.000,4.791999999999999
11010,2011-10-02 18:00:00.000,0.5970000000000003
11011,2011-10-02 19:00:00.000,0.0
11012,2011-10-02 20:00:00.000,0.0
11013,2011-10-02 21:00:00.000,0.0
11014,2011-10-02 22:00:00.000,0.0
11015,2011-10-02 23:00:00.000,0.0
11016,2011-10-03 00:00:00.000,0.0
11017,2011-10-03 01:00:00.000,0.0
11018,2011-10-03 02:00:00.000,0.0
11019,2011-10-03 03:00:00.000,0.0
11020,2011-10-03 04:00:00.000,0.0
11021,2011-10-03 05:00:00.000,0.0
11022,2011-10-03 06:00:00.000,0.125
11023,2011-10-03 07:00:00.000,2.5639999999999996
11024,2011-10-03 08:00:00.000,14.997999999999998
11025,2011-10-03 09:00:00.000,28.892999999999997
11026,2011-10-03 10:00:00.000,39.701
11027,2011-10-03 11:00:00.000,49.85599999999999
11028,2011-10-03 12:00:00.000,43.20999999999999
11029,2011-10-03 13:00:00.000,58.399
11030,2011-10-03 14:00:00.000,57.184
11031,2011-10-03 15:00:00.000,47.41300000000001
11032,2011-10-03 16:00:00.000,30.149999999999995
11033,2011-10-03 17:00:00.000,13.833000000000004
11034,2011-10-03 18:00:00.000,2.237
11035,2011-10-03 19:00:00.000,0.0
11036,2011-10-03 20:00:00.000,0.0
11037,2011-10-03 21:00:00.000,0.0
11038,2011-10-03 22:00:00.000,0.0
11039,2011-10-03 23:00:00.000,0.0
11040,2011-10-04 00:00:00.000,0.0
11041,2011-10-04 01:00:00.000,0.0
11042,2011-10-04 02:00:00.000,0.0
11043,2011-10-04 03:00:00.000,0.0
11044,2011-10-04 04:00:00.000,0.0
11045,2011-10-04 05:00:00.000,0.0
11046,2011-10-04 06:00:00.000,0.045
11047,2011-10-04 07:00:00.000,5.167999999999999
11048,2011-10-04 08:00:00.000,11.094
11049,2011-10-04 09:00:00.000,25.108
11050,2011-10-04 10:00:00.000,26.582999999999995
11051,2011-10-04 11:00:00.000,40.661
11052,2011-10-04 12:00:00.000,35.711
11053,2011-10-04 13:00:00.000,47.21599999999999
11054,2011-10-04 14:00:00.000,46.68199999999999
11055,2011-10-04 15:00:00.000,39.641999999999996
11056,2011-10-04 16:00:00.000,27.044999999999998
11057,2011-10-04 17:00:00.000,12.574999999999994
11058,2011-10-04 18:00:00.000,1.6419999999999995
11059,2011-10-04 19:00:00.000,0.0
11060,2011-10-04 20:00:00.000,0.0
11061,2011-10-04 21:00:00.000,0.0
11062,2011-10-04 22:00:00.000,0.0
11063,2011-10-04 23:00:00.000,0.0
11064,2011-10-05 00:00:00.000,0.0
11065,2011-10-05 01:00:00.000,0.0
11066,2011-10-05 02:00:00.000,0.0
11067,2011-10-05 03:00:00.000,0.0
11068,2011-10-05 04:00:00.000,0.0
11069,2011-10-05 05:00:00.000,0.0
11070,2011-10-05 06:00:00.000,0.108
11071,2011-10-05 07:00:00.000,5.919000000000001
11072,2011-10-05 08:00:00.000,18.671000000000003
11073,2011-10-05 09:00:00.000,25.531
11074,2011-10-05 10:00:00.000,38.513000000000005
11075,2011-10-05 11:00:00.000,34.385000000000005
11076,2011-10-05 12:00:00.000,38.303999999999995
11077,2011-10-05 13:00:00.000,34.483000000000004
11078,2011-10-05 14:00:00.000,30.753999999999994
11079,2011-10-05 15:00:00.000,21.450000000000003
11080,2011-10-05 16:00:00.000,14.763000000000003
11081,2011-10-05 17:00:00.000,10.595999999999998
11082,2011-10-05 18:00:00.000,0.8540000000000005
11083,2011-10-05 19:00:00.000,0.0
11084,2011-10-05 20:00:00.000,0.0
11085,2011-10-05 21:00:00.000,0.0
11086,2011-10-05 22:00:00.000,0.0
11087,2011-10-05 23:00:00.000,0.0
11088,2011-10-06 00:00:00.000,0.0
11089,2011-10-06 01:00:00.000,0.0
11090,2011-10-06 02:00:00.000,0.0
11091,2011-10-06 03:00:00.000,0.0
11092,2011-10-06 04:00:00.000,0.0
11093,2011-10-06 05:00:00.000,0.0
11094,2011-10-06 06:00:00.000,0.0
11095,2011-10-06 07:00:00.000,2.2389999999999994
11096,2011-10-06 08:00:00.000,9.869000000000002
11097,2011-10-06 09:00:00.000,18.347
11098,2011-10-06 10:00:00.000,36.01800000000001
11099,2011-10-06 11:00:00.000,28.109000000000005
11100,2011-10-06 12:00:00.000,24.168000000000006
11101,2011-10-06 13:00:00.000,14.136000000000003
11102,2011-10-06 14:00:00.000,9.38
11103,2011-10-06 15:00:00.000,10.696
11104,2011-10-06 16:00:00.000,9.317999999999998
11105,2011-10-06 17:00:00.000,2.8810000000000007
11106,2011-10-06 18:00:00.000,0.095
11107,2011-10-06 19:00:00.000,0.0
11108,2011-10-06 20:00:00.000,0.0
11109,2011-10-06 21:00:00.000,0.0
11110,2011-10-06 22:00:00.000,0.0
11111,2011-10-06 23:00:00.000,0.0
11112,2011-10-07 00:00:00.000,0.0
11113,2011-10-07 01:00:00.000,0.0
11114,2011-10-07 02:00:00.000,0.0
11115,2011-10-07 03:00:00.000,0.0
11116,2011-10-07 04:00:00.000,0.0
11117,2011-10-07 05:00:00.000,0.0
11118,2011-10-07 06:00:00.000,0.045
11119,2011-10-07 07:00:00.000,8.048000000000002
11120,2011-10-07 08:00:00.000,17.955000000000002
11121,2011-10-07 09:00:00.000,39.749999999999986
11122,2011-10-07 10:00:00.000,40.607
11123,2011-10-07 11:00:00.000,38.449
11124,2011-10-07 12:00:00.000,43.563999999999986
11125,2011-10-07 13:00:00.000,48.539000000000016
11126,2011-10-07 14:00:00.000,37.321999999999996
11127,2011-10-07 15:00:00.000,37.847
11128,2011-10-07 16:00:00.000,25.37400000000001
11129,2011-10-07 17:00:00.000,10.363999999999997
11130,2011-10-07 18:00:00.000,2.0499999999999994
11131,2011-10-07 19:00:00.000,0.0
11132,2011-10-07 20:00:00.000,0.0
11133,2011-10-07 21:00:00.000,0.0
11134,2011-10-07 22:00:00.000,0.0
11135,2011-10-07 23:00:00.000,0.0
11136,2011-10-08 00:00:00.000,0.0
11137,2011-10-08 01:00:00.000,0.0
11138,2011-10-08 02:00:00.000,0.0
11139,2011-10-08 03:00:00.000,0.0
11140,2011-10-08 04:00:00.000,0.0
11141,2011-10-08 05:00:00.000,0.0
11142,2011-10-08 06:00:00.000,0.0
11143,2011-10-08 07:00:00.000,0.7110000000000003
11144,2011-10-08 08:00:00.000,6.339999999999999
11145,2011-10-08 09:00:00.000,24.484
11146,2011-10-08 10:00:00.000,39.06100000000001
11147,2011-10-08 11:00:00.000,38.891000000000005
11148,2011-10-08 12:00:00.000,36.386
11149,2011-10-08 13:00:00.000,37.54500000000001
11150,2011-10-08 14:00:00.000,51.74599999999999
11151,2011-10-08 15:00:00.000,43.904
11152,2011-10-08 16:00:00.000,27.658000000000005
11153,2011-10-08 17:00:00.000,9.910999999999996
11154,2011-10-08 18:00:00.000,0.7060000000000002
11155,2011-10-08 19:00:00.000,0.0
11156,2011-10-08 20:00:00.000,0.0
11157,2011-10-08 21:00:00.000,0.0
11158,2011-10-08 22:00:00.000,0.0
11159,2011-10-08 23:00:00.000,0.0
11160,2011-10-09 00:00:00.000,0.0
11161,2011-10-09 01:00:00.000,0.0
11162,2011-10-09 02:00:00.000,0.0
11163,2011-10-09 03:00:00.000,0.0
11164,2011-10-09 04:00:00.000,0.0
11165,2011-10-09 05:00:00.000,0.0
11166,2011-10-09 06:00:00.000,0.5610000000000002
11167,2011-10-09 07:00:00.000,10.775000000000002
11168,2011-10-09 08:00:00.000,22.181
11169,2011-10-09 09:00:00.000,34.864
11170,2011-10-09 10:00:00.000,49.69399999999998
11171,2011-10-09 11:00:00.000,52.0
11172,2011-10-09 12:00:00.000,46.05999999999999
11173,2011-10-09 13:00:00.000,51.589
11174,2011-10-09 14:00:00.000,48.416
11175,2011-10-09 15:00:00.000,16.673
11176,2011-10-09 16:00:00.000,9.364999999999998
11177,2011-10-09 17:00:00.000,13.857999999999999
11178,2011-10-09 18:00:00.000,1.671999999999999
11179,2011-10-09 19:00:00.000,0.0
11180,2011-10-09 20:00:00.000,0.0
11181,2011-10-09 21:00:00.000,0.0
11182,2011-10-09 22:00:00.000,0.0
11183,2011-10-09 23:00:00.000,0.0
11184,2011-10-10 00:00:00.000,0.0
11185,2011-10-10 01:00:00.000,0.0
11186,2011-10-10 02:00:00.000,0.0
11187,2011-10-10 03:00:00.000,0.0
11188,2011-10-10 04:00:00.000,0.0
11189,2011-10-10 05:00:00.000,0.0
11190,2011-10-10 06:00:00.000,0.8670000000000002
11191,2011-10-10 07:00:00.000,11.570999999999998
11192,2011-10-10 08:00:00.000,27.81200000000001
11193,2011-10-10 09:00:00.000,34.367
11194,2011-10-10 10:00:00.000,45.36000000000001
11195,2011-10-10 11:00:00.000,37.80800000000001
11196,2011-10-10 12:00:00.000,45.126000000000005
11197,2011-10-10 13:00:00.000,36.974999999999994
11198,2011-10-10 14:00:00.000,44.19900000000001
11199,2011-10-10 15:00:00.000,26.393
11200,2011-10-10 16:00:00.000,22.486
11201,2011-10-10 17:00:00.000,11.315000000000001
11202,2011-10-10 18:00:00.000,3.504
11203,2011-10-10 19:00:00.000,0.0
11204,2011-10-10 20:00:00.000,0.0
11205,2011-10-10 21:00:00.000,0.0
11206,2011-10-10 22:00:00.000,0.0
11207,2011-10-10 23:00:00.000,0.0
11208,2011-10-11 00:00:00.000,0.0
11209,2011-10-11 01:00:00.000,0.0
11210,2011-10-11 02:00:00.000,0.0
11211,2011-10-11 03:00:00.000,0.0
11212,2011-10-11 04:00:00.000,0.0
11213,2011-10-11 05:00:00.000,0.0
11214,2011-10-11 06:00:00.000,1.2719999999999996
11215,2011-10-11 07:00:00.000,12.371
11216,2011-10-11 08:00:00.000,27.495999999999995
11217,2011-10-11 09:00:00.000,43.498
11218,2011-10-11 10:00:00.000,57.099000000000004
11219,2011-10-11 11:00:00.000,62.702
11220,2011-10-11 12:00:00.000,63.01400000000002
11221,2011-10-11 13:00:00.000,62.20999999999999
11222,2011-10-11 14:00:00.000,44.11699999999999
11223,2011-10-11 15:00:00.000,41.452999999999996
11224,2011-10-11 16:00:00.000,31.158000000000005
11225,2011-10-11 17:00:00.000,13.846
11226,2011-10-11 18:00:00.000,3.1429999999999993
11227,2011-10-11 19:00:00.000,0.0
11228,2011-10-11 20:00:00.000,0.0
11229,2011-10-11 21:00:00.000,0.0
11230,2011-10-11 22:00:00.000,0.0
11231,2011-10-11 23:00:00.000,0.0
11232,2011-10-12 00:00:00.000,0.0
11233,2011-10-12 01:00:00.000,0.0
11234,2011-10-12 02:00:00.000,0.0
11235,2011-10-12 03:00:00.000,0.0
11236,2011-10-12 04:00:00.000,0.0
11237,2011-10-12 05:00:00.000,0.0
11238,2011-10-12 06:00:00.000,1.144
11239,2011-10-12 07:00:00.000,12.023
11240,2011-10-12 08:00:00.000,27.567000000000004
11241,2011-10-12 09:00:00.000,38.307
11242,2011-10-12 10:00:00.000,53.34799999999998
11243,2011-10-12 11:00:00.000,61.190000000000005
11244,2011-10-12 12:00:00.000,65.73
11245,2011-10-12 13:00:00.000,64.039
11246,2011-10-12 14:00:00.000,55.56399999999999
11247,2011-10-12 15:00:00.000,36.11200000000001
11248,2011-10-12 16:00:00.000,25.699000000000005
11249,2011-10-12 17:00:00.000,12.980000000000002
11250,2011-10-12 18:00:00.000,2.370999999999999
11251,2011-10-12 19:00:00.000,0.0
11252,2011-10-12 20:00:00.000,0.0
11253,2011-10-12 21:00:00.000,0.0
11254,2011-10-12 22:00:00.000,0.0
11255,2011-10-12 23:00:00.000,0.0
11256,2011-10-13 00:00:00.000,0.0
11257,2011-10-13 01:00:00.000,0.0
11258,2011-10-13 02:00:00.000,0.0
11259,2011-10-13 03:00:00.000,0.0
11260,2011-10-13 04:00:00.000,0.0
11261,2011-10-13 05:00:00.000,0.0
11262,2011-10-13 06:00:00.000,0.17100000000000004
11263,2011-10-13 07:00:00.000,6.128999999999999
11264,2011-10-13 08:00:00.000,16.667000000000005
11265,2011-10-13 09:00:00.000,34.25300000000001
11266,2011-10-13 10:00:00.000,18.217000000000002
11267,2011-10-13 11:00:00.000,20.649000000000004
11268,2011-10-13 12:00:00.000,47.641999999999996
11269,2011-10-13 13:00:00.000,31.16299999999999
11270,2011-10-13 14:00:00.000,20.065999999999995
11271,2011-10-13 15:00:00.000,14.826999999999998
11272,2011-10-13 16:00:00.000,12.911000000000001
11273,2011-10-13 17:00:00.000,4.949000000000001
11274,2011-10-13 18:00:00.000,0.9040000000000004
11275,2011-10-13 19:00:00.000,0.0
11276,2011-10-13 20:00:00.000,0.0
11277,2011-10-13 21:00:00.000,0.0
11278,2011-10-13 22:00:00.000,0.0
11279,2011-10-13 23:00:00.000,0.0
11280,2011-10-14 00:00:00.000,0.0
11281,2011-10-14 01:00:00.000,0.0
11282,2011-10-14 02:00:00.000,0.0
11283,2011-10-14 03:00:00.000,0.0
11284,2011-10-14 04:00:00.000,0.0
11285,2011-10-14 05:00:00.000,0.0
11286,2011-10-14 06:00:00.000,0.40300000000000014
11287,2011-10-14 07:00:00.000,2.1200000000000006
11288,2011-10-14 08:00:00.000,6.664000000000001
11289,2011-10-14 09:00:00.000,13.340999999999998
11290,2011-10-14 10:00:00.000,22.360999999999997
11291,2011-10-14 11:00:00.000,28.680999999999994
11292,2011-10-14 12:00:00.000,17.326999999999998
11293,2011-10-14 13:00:00.000,11.758
11294,2011-10-14 14:00:00.000,5.7109999999999985
11295,2011-10-14 15:00:00.000,9.462
11296,2011-10-14 16:00:00.000,14.655000000000003
11297,2011-10-14 17:00:00.000,3.45
11298,2011-10-14 18:00:00.000,0.107
11299,2011-10-14 19:00:00.000,0.0
11300,2011-10-14 20:00:00.000,0.0
11301,2011-10-14 21:00:00.000,0.0
11302,2011-10-14 22:00:00.000,0.0
11303,2011-10-14 23:00:00.000,0.0
11304,2011-10-15 00:00:00.000,0.0
11305,2011-10-15 01:00:00.000,0.0
11306,2011-10-15 02:00:00.000,0.0
11307,2011-10-15 03:00:00.000,0.0
11308,2011-10-15 04:00:00.000,0.0
11309,2011-10-15 05:00:00.000,0.0
11310,2011-10-15 06:00:00.000,0.08199999999999999
11311,2011-10-15 07:00:00.000,3.6610000000000014
11312,2011-10-15 08:00:00.000,10.167
11313,2011-10-15 09:00:00.000,14.751000000000001
11314,2011-10-15 10:00:00.000,25.36300000000001
11315,2011-10-15 11:00:00.000,47.77400000000001
11316,2011-10-15 12:00:00.000,48.023
11317,2011-10-15 13:00:00.000,41.76399999999999
11318,2011-10-15 14:00:00.000,49.418
11319,2011-10-15 15:00:00.000,36.728000000000016
11320,2011-10-15 16:00:00.000,14.118
11321,2011-10-15 17:00:00.000,12.614999999999998
11322,2011-10-15 18:00:00.000,1.5059999999999996
11323,2011-10-15 19:00:00.000,0.0
11324,2011-10-15 20:00:00.000,0.0
11325,2011-10-15 21:00:00.000,0.0
11326,2011-10-15 22:00:00.000,0.0
11327,2011-10-15 23:00:00.000,0.0
11328,2011-10-16 00:00:00.000,0.0
11329,2011-10-16 01:00:00.000,0.0
11330,2011-10-16 02:00:00.000,0.0
11331,2011-10-16 03:00:00.000,0.0
11332,2011-10-16 04:00:00.000,0.0
11333,2011-10-16 05:00:00.000,0.0
11334,2011-10-16 06:00:00.000,1.5959999999999994
11335,2011-10-16 07:00:00.000,12.757
11336,2011-10-16 08:00:00.000,27.90399999999999
11337,2011-10-16 09:00:00.000,43.227
11338,2011-10-16 10:00:00.000,54.115000000000016
11339,2011-10-16 11:00:00.000,61.059999999999995
11340,2011-10-16 12:00:00.000,63.61200000000001
11341,2011-10-16 13:00:00.000,62.102999999999994
11342,2011-10-16 14:00:00.000,56.075
11343,2011-10-16 15:00:00.000,45.604000000000006
11344,2011-10-16 16:00:00.000,29.581000000000003
11345,2011-10-16 17:00:00.000,13.48
11346,2011-10-16 18:00:00.000,2.643
11347,2011-10-16 19:00:00.000,0.0
11348,2011-10-16 20:00:00.000,0.0
11349,2011-10-16 21:00:00.000,0.0
11350,2011-10-16 22:00:00.000,0.0
11351,2011-10-16 23:00:00.000,0.0
11352,2011-10-17 00:00:00.000,0.0
11353,2011-10-17 01:00:00.000,0.0
11354,2011-10-17 02:00:00.000,0.0
11355,2011-10-17 03:00:00.000,0.0
11356,2011-10-17 04:00:00.000,0.0
11357,2011-10-17 05:00:00.000,0.0
11358,2011-10-17 06:00:00.000,0.4240000000000001
11359,2011-10-17 07:00:00.000,6.009
11360,2011-10-17 08:00:00.000,2.355
11361,2011-10-17 09:00:00.000,5.485999999999998
11362,2011-10-17 10:00:00.000,14.432000000000004
11363,2011-10-17 11:00:00.000,43.001
11364,2011-10-17 12:00:00.000,50.722999999999985
11365,2011-10-17 13:00:00.000,52.964
11366,2011-10-17 14:00:00.000,49.38099999999999
11367,2011-10-17 15:00:00.000,40.270999999999994
11368,2011-10-17 16:00:00.000,32.156000000000006
11369,2011-10-17 17:00:00.000,13.778999999999998
11370,2011-10-17 18:00:00.000,2.2909999999999986
11371,2011-10-17 19:00:00.000,0.0
11372,2011-10-17 20:00:00.000,0.0
11373,2011-10-17 21:00:00.000,0.0
11374,2011-10-17 22:00:00.000,0.0
11375,2011-10-17 23:00:00.000,0.0
11376,2011-10-18 00:00:00.000,0.0
11377,2011-10-18 01:00:00.000,0.0
11378,2011-10-18 02:00:00.000,0.0
11379,2011-10-18 03:00:00.000,0.0
11380,2011-10-18 04:00:00.000,0.0
11381,2011-10-18 05:00:00.000,0.0
11382,2011-10-18 06:00:00.000,0.085
11383,2011-10-18 07:00:00.000,2.4539999999999993
11384,2011-10-18 08:00:00.000,7.047000000000001
11385,2011-10-18 09:00:00.000,19.970000000000002
11386,2011-10-18 10:00:00.000,29.909000000000002
11387,2011-10-18 11:00:00.000,47.717999999999996
11388,2011-10-18 12:00:00.000,58.92399999999999
11389,2011-10-18 13:00:00.000,64.166
11390,2011-10-18 14:00:00.000,58.216
11391,2011-10-18 15:00:00.000,48.013999999999996
11392,2011-10-18 16:00:00.000,31.697999999999993
11393,2011-10-18 17:00:00.000,14.622
11394,2011-10-18 18:00:00.000,2.9389999999999996
11395,2011-10-18 19:00:00.000,0.0
11396,2011-10-18 20:00:00.000,0.0
11397,2011-10-18 21:00:00.000,0.0
11398,2011-10-18 22:00:00.000,0.0
11399,2011-10-18 23:00:00.000,0.0
11400,2011-10-19 00:00:00.000,0.0
11401,2011-10-19 01:00:00.000,0.0
11402,2011-10-19 02:00:00.000,0.0
11403,2011-10-19 03:00:00.000,0.0
11404,2011-10-19 04:00:00.000,0.0
11405,2011-10-19 05:00:00.000,0.0
11406,2011-10-19 06:00:00.000,1.982999999999999
11407,2011-10-19 07:00:00.000,14.0
11408,2011-10-19 08:00:00.000,29.200999999999993
11409,2011-10-19 09:00:00.000,43.248
11410,2011-10-19 10:00:00.000,55.714999999999996
11411,2011-10-19 11:00:00.000,63.77999999999999
11412,2011-10-19 12:00:00.000,66.653
11413,2011-10-19 13:00:00.000,65.191
11414,2011-10-19 14:00:00.000,58.89499999999998
11415,2011-10-19 15:00:00.000,48.48
11416,2011-10-19 16:00:00.000,31.985
11417,2011-10-19 17:00:00.000,14.729
11418,2011-10-19 18:00:00.000,3.0260000000000002
11419,2011-10-19 19:00:00.000,0.0
11420,2011-10-19 20:00:00.000,0.0
11421,2011-10-19 21:00:00.000,0.0
11422,2011-10-19 22:00:00.000,0.0
11423,2011-10-19 23:00:00.000,0.0
11424,2011-10-20 00:00:00.000,0.0
11425,2011-10-20 01:00:00.000,0.0
11426,2011-10-20 02:00:00.000,0.0
11427,2011-10-20 03:00:00.000,0.0
11428,2011-10-20 04:00:00.000,0.0
11429,2011-10-20 05:00:00.000,0.0
11430,2011-10-20 06:00:00.000,2.2749999999999995
11431,2011-10-20 07:00:00.000,14.434000000000003
11432,2011-10-20 08:00:00.000,30.627000000000002
11433,2011-10-20 09:00:00.000,45.74400000000001
11434,2011-10-20 10:00:00.000,57.03899999999998
11435,2011-10-20 11:00:00.000,62.69499999999999
11436,2011-10-20 12:00:00.000,64.43999999999998
11437,2011-10-20 13:00:00.000,63.25299999999998
11438,2011-10-20 14:00:00.000,57.62099999999999
11439,2011-10-20 15:00:00.000,47.54499999999998
11440,2011-10-20 16:00:00.000,31.537999999999997
11441,2011-10-20 17:00:00.000,14.373999999999999
11442,2011-10-20 18:00:00.000,2.9169999999999994
11443,2011-10-20 19:00:00.000,0.0
11444,2011-10-20 20:00:00.000,0.0
11445,2011-10-20 21:00:00.000,0.0
11446,2011-10-20 22:00:00.000,0.0
11447,2011-10-20 23:00:00.000,0.0
11448,2011-10-21 00:00:00.000,0.0
11449,2011-10-21 01:00:00.000,0.0
11450,2011-10-21 02:00:00.000,0.0
11451,2011-10-21 03:00:00.000,0.0
11452,2011-10-21 04:00:00.000,0.0
11453,2011-10-21 05:00:00.000,0.0
11454,2011-10-21 06:00:00.000,2.107999999999999
11455,2011-10-21 07:00:00.000,13.798000000000002
11456,2011-10-21 08:00:00.000,29.40199999999999
11457,2011-10-21 09:00:00.000,44.61299999999999
11458,2011-10-21 10:00:00.000,55.231
11459,2011-10-21 11:00:00.000,60.77900000000001
11460,2011-10-21 12:00:00.000,62.29800000000002
11461,2011-10-21 13:00:00.000,60.73100000000001
11462,2011-10-21 14:00:00.000,55.75499999999999
11463,2011-10-21 15:00:00.000,46.116
11464,2011-10-21 16:00:00.000,30.702
11465,2011-10-21 17:00:00.000,14.127999999999993
11466,2011-10-21 18:00:00.000,2.8979999999999992
11467,2011-10-21 19:00:00.000,0.0
11468,2011-10-21 20:00:00.000,0.0
11469,2011-10-21 21:00:00.000,0.0
11470,2011-10-21 22:00:00.000,0.0
11471,2011-10-21 23:00:00.000,0.0
11472,2011-10-22 00:00:00.000,0.0
11473,2011-10-22 01:00:00.000,0.0
11474,2011-10-22 02:00:00.000,0.0
11475,2011-10-22 03:00:00.000,0.0
11476,2011-10-22 04:00:00.000,0.0
11477,2011-10-22 05:00:00.000,0.0
11478,2011-10-22 06:00:00.000,1.7709999999999988
11479,2011-10-22 07:00:00.000,11.594000000000007
11480,2011-10-22 08:00:00.000,26.538
11481,2011-10-22 09:00:00.000,42.495000000000005
11482,2011-10-22 10:00:00.000,53.93900000000001
11483,2011-10-22 11:00:00.000,60.149
11484,2011-10-22 12:00:00.000,61.501999999999995
11485,2011-10-22 13:00:00.000,57.17299999999999
11486,2011-10-22 14:00:00.000,54.410999999999994
11487,2011-10-22 15:00:00.000,36.21999999999999
11488,2011-10-22 16:00:00.000,23.152999999999995
11489,2011-10-22 17:00:00.000,16.985000000000003
11490,2011-10-22 18:00:00.000,3.193999999999999
11491,2011-10-22 19:00:00.000,0.0
11492,2011-10-22 20:00:00.000,0.0
11493,2011-10-22 21:00:00.000,0.0
11494,2011-10-22 22:00:00.000,0.0
11495,2011-10-22 23:00:00.000,0.0
11496,2011-10-23 00:00:00.000,0.0
11497,2011-10-23 01:00:00.000,0.0
11498,2011-10-23 02:00:00.000,0.0
11499,2011-10-23 03:00:00.000,0.0
11500,2011-10-23 04:00:00.000,0.0
11501,2011-10-23 05:00:00.000,0.0
11502,2011-10-23 06:00:00.000,1.3259999999999994
11503,2011-10-23 07:00:00.000,6.731999999999999
11504,2011-10-23 08:00:00.000,10.449
11505,2011-10-23 09:00:00.000,17.681000000000004
11506,2011-10-23 10:00:00.000,30.029999999999998
11507,2011-10-23 11:00:00.000,49.375000000000014
11508,2011-10-23 12:00:00.000,50.899
11509,2011-10-23 13:00:00.000,48.13699999999998
11510,2011-10-23 14:00:00.000,40.53600000000001
11511,2011-10-23 15:00:00.000,32.937000000000005
11512,2011-10-23 16:00:00.000,27.854
11513,2011-10-23 17:00:00.000,12.85
11514,2011-10-23 18:00:00.000,2.861999999999999
11515,2011-10-23 19:00:00.000,0.0
11516,2011-10-23 20:00:00.000,0.0
11517,2011-10-23 21:00:00.000,0.0
11518,2011-10-23 22:00:00.000,0.0
11519,2011-10-23 23:00:00.000,0.0
11520,2011-10-24 00:00:00.000,0.0
11521,2011-10-24 01:00:00.000,0.0
11522,2011-10-24 02:00:00.000,0.0
11523,2011-10-24 03:00:00.000,0.0
11524,2011-10-24 04:00:00.000,0.0
11525,2011-10-24 05:00:00.000,0.0
11526,2011-10-24 06:00:00.000,2.2109999999999994
11527,2011-10-24 07:00:00.000,13.156
11528,2011-10-24 08:00:00.000,28.008000000000003
11529,2011-10-24 09:00:00.000,42.534
11530,2011-10-24 10:00:00.000,53.322
11531,2011-10-24 11:00:00.000,57.933
11532,2011-10-24 12:00:00.000,61.69599999999999
11533,2011-10-24 13:00:00.000,59.68300000000001
11534,2011-10-24 14:00:00.000,53.13499999999999
11535,2011-10-24 15:00:00.000,44.278999999999996
11536,2011-10-24 16:00:00.000,28.631
11537,2011-10-24 17:00:00.000,13.124000000000002
11538,2011-10-24 18:00:00.000,2.7149999999999994
11539,2011-10-24 19:00:00.000,0.0
11540,2011-10-24 20:00:00.000,0.0
11541,2011-10-24 21:00:00.000,0.0
11542,2011-10-24 22:00:00.000,0.0
11543,2011-10-24 23:00:00.000,0.0
11544,2011-10-25 00:00:00.000,0.0
11545,2011-10-25 01:00:00.000,0.0
11546,2011-10-25 02:00:00.000,0.0
11547,2011-10-25 03:00:00.000,0.0
11548,2011-10-25 04:00:00.000,0.0
11549,2011-10-25 05:00:00.000,0.0
11550,2011-10-25 06:00:00.000,0.264
11551,2011-10-25 07:00:00.000,0.508
11552,2011-10-25 08:00:00.000,8.533999999999997
11553,2011-10-25 09:00:00.000,22.412000000000003
11554,2011-10-25 10:00:00.000,44.41900000000002
11555,2011-10-25 11:00:00.000,45.725
11556,2011-10-25 12:00:00.000,20.112000000000002
11557,2011-10-25 13:00:00.000,18.004
11558,2011-10-25 14:00:00.000,15.201999999999998
11559,2011-10-25 15:00:00.000,4.663
11560,2011-10-25 16:00:00.000,0.169
11561,2011-10-25 17:00:00.000,0.5590000000000002
11562,2011-10-25 18:00:00.000,0.0
11563,2011-10-25 19:00:00.000,0.0
11564,2011-10-25 20:00:00.000,0.0
11565,2011-10-25 21:00:00.000,0.0
11566,2011-10-25 22:00:00.000,0.0
11567,2011-10-25 23:00:00.000,0.0
11568,2011-10-26 00:00:00.000,0.0
11569,2011-10-26 01:00:00.000,0.0
11570,2011-10-26 02:00:00.000,0.0
11571,2011-10-26 03:00:00.000,0.0
11572,2011-10-26 04:00:00.000,0.0
11573,2011-10-26 05:00:00.000,0.0
11574,2011-10-26 06:00:00.000,0.22800000000000006
11575,2011-10-26 07:00:00.000,3.7689999999999997
11576,2011-10-26 08:00:00.000,6.07
11577,2011-10-26 09:00:00.000,9.911
11578,2011-10-26 10:00:00.000,22.752000000000006
11579,2011-10-26 11:00:00.000,34.19000000000001
11580,2011-10-26 12:00:00.000,15.799999999999999
11581,2011-10-26 13:00:00.000,16.179000000000006
11582,2011-10-26 14:00:00.000,13.885999999999997
11583,2011-10-26 15:00:00.000,11.628000000000002
11584,2011-10-26 16:00:00.000,7.308000000000001
11585,2011-10-26 17:00:00.000,2.2839999999999994
11586,2011-10-26 18:00:00.000,0.026
11587,2011-10-26 19:00:00.000,0.0
11588,2011-10-26 20:00:00.000,0.0
11589,2011-10-26 21:00:00.000,0.0
11590,2011-10-26 22:00:00.000,0.0
11591,2011-10-26 23:00:00.000,0.0
11592,2011-10-27 00:00:00.000,0.0
11593,2011-10-27 01:00:00.000,0.0
11594,2011-10-27 02:00:00.000,0.0
11595,2011-10-27 03:00:00.000,0.0
11596,2011-10-27 04:00:00.000,0.0
11597,2011-10-27 05:00:00.000,0.0
11598,2011-10-27 06:00:00.000,0.114
11599,2011-10-27 07:00:00.000,7.907000000000002
11600,2011-10-27 08:00:00.000,18.751
11601,2011-10-27 09:00:00.000,25.936999999999998
11602,2011-10-27 10:00:00.000,33.330000000000005
11603,2011-10-27 11:00:00.000,43.712999999999994
11604,2011-10-27 12:00:00.000,49.83099999999999
11605,2011-10-27 13:00:00.000,49.486
11606,2011-10-27 14:00:00.000,44.513000000000005
11607,2011-10-27 15:00:00.000,33.650000000000006
11608,2011-10-27 16:00:00.000,21.636000000000003
11609,2011-10-27 17:00:00.000,8.874000000000002
11610,2011-10-27 18:00:00.000,1.777999999999999
11611,2011-10-27 19:00:00.000,0.0
11612,2011-10-27 20:00:00.000,0.0
11613,2011-10-27 21:00:00.000,0.0
11614,2011-10-27 22:00:00.000,0.0
11615,2011-10-27 23:00:00.000,0.0
11616,2011-10-28 00:00:00.000,0.0
11617,2011-10-28 01:00:00.000,0.0
11618,2011-10-28 02:00:00.000,0.0
11619,2011-10-28 03:00:00.000,0.0
11620,2011-10-28 04:00:00.000,0.0
11621,2011-10-28 05:00:00.000,0.0
11622,2011-10-28 06:00:00.000,1.871999999999999
11623,2011-10-28 07:00:00.000,11.848
11624,2011-10-28 08:00:00.000,18.621999999999996
11625,2011-10-28 09:00:00.000,29.247
11626,2011-10-28 10:00:00.000,34.716
11627,2011-10-28 11:00:00.000,51.402
11628,2011-10-28 12:00:00.000,59.955000000000005
11629,2011-10-28 13:00:00.000,54.74800000000002
11630,2011-10-28 14:00:00.000,50.954
11631,2011-10-28 15:00:00.000,39.24099999999999
11632,2011-10-28 16:00:00.000,27.57099999999999
11633,2011-10-28 17:00:00.000,10.059
11634,2011-10-28 18:00:00.000,2.574
11635,2011-10-28 19:00:00.000,0.0
11636,2011-10-28 20:00:00.000,0.0
11637,2011-10-28 21:00:00.000,0.0
11638,2011-10-28 22:00:00.000,0.0
11639,2011-10-28 23:00:00.000,0.0
11640,2011-10-29 00:00:00.000,0.0
11641,2011-10-29 01:00:00.000,0.0
11642,2011-10-29 02:00:00.000,0.0
11643,2011-10-29 03:00:00.000,0.0
11644,2011-10-29 04:00:00.000,0.0
11645,2011-10-29 05:00:00.000,0.0
11646,2011-10-29 06:00:00.000,2.6309999999999993
11647,2011-10-29 07:00:00.000,12.839000000000002
11648,2011-10-29 08:00:00.000,28.007
11649,2011-10-29 09:00:00.000,41.73800000000001
11650,2011-10-29 10:00:00.000,36.644999999999996
11651,2011-10-29 11:00:00.000,42.165000000000006
11652,2011-10-29 12:00:00.000,24.958
11653,2011-10-29 13:00:00.000,20.282999999999994
11654,2011-10-29 14:00:00.000,23.247
11655,2011-10-29 15:00:00.000,17.985999999999997
11656,2011-10-29 16:00:00.000,17.404
11657,2011-10-29 17:00:00.000,14.754000000000003
11658,2011-10-29 18:00:00.000,3.3
11659,2011-10-29 19:00:00.000,0.0
11660,2011-10-29 20:00:00.000,0.0
11661,2011-10-29 21:00:00.000,0.0
11662,2011-10-29 22:00:00.000,0.0
11663,2011-10-29 23:00:00.000,0.0
11664,2011-10-30 00:00:00.000,0.0
11665,2011-10-30 01:00:00.000,0.0
11666,2011-10-30 02:00:00.000,0.0
11667,2011-10-30 03:00:00.000,0.0
11668,2011-10-30 04:00:00.000,0.0
11669,2011-10-30 05:00:00.000,0.0
11670,2011-10-30 06:00:00.000,1.9209999999999987
11671,2011-10-30 07:00:00.000,9.043999999999995
11672,2011-10-30 08:00:00.000,24.613000000000003
11673,2011-10-30 09:00:00.000,30.040000000000006
11674,2011-10-30 10:00:00.000,44.16300000000001
11675,2011-10-30 11:00:00.000,18.95
11676,2011-10-30 12:00:00.000,12.196000000000005
11677,2011-10-30 13:00:00.000,38.62
11678,2011-10-30 14:00:00.000,20.198999999999998
11679,2011-10-30 15:00:00.000,9.17
11680,2011-10-30 16:00:00.000,24.057000000000002
11681,2011-10-30 17:00:00.000,15.178
11682,2011-10-30 18:00:00.000,3.8089999999999984
11683,2011-10-30 19:00:00.000,0.0
11684,2011-10-30 20:00:00.000,0.0
11685,2011-10-30 21:00:00.000,0.0
11686,2011-10-30 22:00:00.000,0.0
11687,2011-10-30 23:00:00.000,0.0
11688,2011-10-31 00:00:00.000,0.0
11689,2011-10-31 01:00:00.000,0.0
11690,2011-10-31 02:00:00.000,0.0
11691,2011-10-31 03:00:00.000,0.0
11692,2011-10-31 04:00:00.000,0.0
11693,2011-10-31 05:00:00.000,0.0
11694,2011-10-31 06:00:00.000,1.844999999999999
11695,2011-10-31 07:00:00.000,14.644000000000002
11696,2011-10-31 08:00:00.000,29.537999999999997
11697,2011-10-31 09:00:00.000,40.56499999999999
11698,2011-10-31 10:00:00.000,46.339
11699,2011-10-31 11:00:00.000,51.907
11700,2011-10-31 12:00:00.000,50.77900000000001
11701,2011-10-31 13:00:00.000,58.68000000000001
11702,2011-10-31 14:00:00.000,50.962999999999994
11703,2011-10-31 15:00:00.000,40.23100000000001
11704,2011-10-31 16:00:00.000,29.536999999999995
11705,2011-10-31 17:00:00.000,9.740000000000002
11706,2011-10-31 18:00:00.000,1.4330000000000003
11707,2011-10-31 19:00:00.000,0.0
11708,2011-10-31 20:00:00.000,0.0
11709,2011-10-31 21:00:00.000,0.0
11710,2011-10-31 22:00:00.000,0.0
11711,2011-10-31 23:00:00.000,0.0
11712,2011-11-01 00:00:00.000,0.0
11713,2011-11-01 01:00:00.000,0.0
11714,2011-11-01 02:00:00.000,0.0
11715,2011-11-01 03:00:00.000,0.0
11716,2011-11-01 04:00:00.000,0.0
11717,2011-11-01 05:00:00.000,0.0
11718,2011-11-01 06:00:00.000,0.9290000000000004
11719,2011-11-01 07:00:00.000,5.226000000000002
11720,2011-11-01 08:00:00.000,16.424999999999994
11721,2011-11-01 09:00:00.000,34.842999999999996
11722,2011-11-01 10:00:00.000,29.307999999999996
11723,2011-11-01 11:00:00.000,14.543
11724,2011-11-01 12:00:00.000,32.086
11725,2011-11-01 13:00:00.000,41.989000000000004
11726,2011-11-01 14:00:00.000,43.851000000000006
11727,2011-11-01 15:00:00.000,36.047999999999995
11728,2011-11-01 16:00:00.000,26.484000000000005
11729,2011-11-01 17:00:00.000,14.213
11730,2011-11-01 18:00:00.000,3.752000000000001
11731,2011-11-01 19:00:00.000,0.013
11732,2011-11-01 20:00:00.000,0.0
11733,2011-11-01 21:00:00.000,0.0
11734,2011-11-01 22:00:00.000,0.0
11735,2011-11-01 23:00:00.000,0.0
11736,2011-11-02 00:00:00.000,0.0
11737,2011-11-02 01:00:00.000,0.0
11738,2011-11-02 02:00:00.000,0.0
11739,2011-11-02 03:00:00.000,0.0
11740,2011-11-02 04:00:00.000,0.0
11741,2011-11-02 05:00:00.000,0.0
11742,2011-11-02 06:00:00.000,3.139999999999999
11743,2011-11-02 07:00:00.000,14.57
11744,2011-11-02 08:00:00.000,29.674000000000007
11745,2011-11-02 09:00:00.000,43.083
11746,2011-11-02 10:00:00.000,52.858000000000004
11747,2011-11-02 11:00:00.000,58.40800000000001
11748,2011-11-02 12:00:00.000,57.99400000000002
11749,2011-11-02 13:00:00.000,56.527999999999984
11750,2011-11-02 14:00:00.000,43.431
11751,2011-11-02 15:00:00.000,42.938999999999986
11752,2011-11-02 16:00:00.000,20.975999999999996
11753,2011-11-02 17:00:00.000,7.547000000000002
11754,2011-11-02 18:00:00.000,3.3160000000000003
11755,2011-11-02 19:00:00.000,0.0
11756,2011-11-02 20:00:00.000,0.0
11757,2011-11-02 21:00:00.000,0.0
11758,2011-11-02 22:00:00.000,0.0
11759,2011-11-02 23:00:00.000,0.0
11760,2011-11-03 00:00:00.000,0.0
11761,2011-11-03 01:00:00.000,0.0
11762,2011-11-03 02:00:00.000,0.0
11763,2011-11-03 03:00:00.000,0.0
11764,2011-11-03 04:00:00.000,0.0
11765,2011-11-03 05:00:00.000,0.0
11766,2011-11-03 06:00:00.000,1.2019999999999997
11767,2011-11-03 07:00:00.000,6.436000000000001
11768,2011-11-03 08:00:00.000,2.823
11769,2011-11-03 09:00:00.000,6.152
11770,2011-11-03 10:00:00.000,8.165000000000001
11771,2011-11-03 11:00:00.000,13.886999999999999
11772,2011-11-03 12:00:00.000,19.175000000000004
11773,2011-11-03 13:00:00.000,12.938
11774,2011-11-03 14:00:00.000,10.554000000000002
11775,2011-11-03 15:00:00.000,30.725999999999996
11776,2011-11-03 16:00:00.000,24.675999999999995
11777,2011-11-03 17:00:00.000,16.311
11778,2011-11-03 18:00:00.000,3.903999999999999
11779,2011-11-03 19:00:00.000,0.026
11780,2011-11-03 20:00:00.000,0.0
11781,2011-11-03 21:00:00.000,0.0
11782,2011-11-03 22:00:00.000,0.0
11783,2011-11-03 23:00:00.000,0.0
11784,2011-11-04 00:00:00.000,0.0
11785,2011-11-04 01:00:00.000,0.0
11786,2011-11-04 02:00:00.000,0.0
11787,2011-11-04 03:00:00.000,0.0
11788,2011-11-04 04:00:00.000,0.0
11789,2011-11-04 05:00:00.000,0.0
11790,2011-11-04 06:00:00.000,3.725999999999999
11791,2011-11-04 07:00:00.000,15.774
11792,2011-11-04 08:00:00.000,30.833
11793,2011-11-04 09:00:00.000,45.227999999999994
11794,2011-11-04 10:00:00.000,56.138
11795,2011-11-04 11:00:00.000,62.350000000000016
11796,2011-11-04 12:00:00.000,64.47600000000001
11797,2011-11-04 13:00:00.000,62.50799999999999
11798,2011-11-04 14:00:00.000,56.81699999999999
11799,2011-11-04 15:00:00.000,46.81999999999999
11800,2011-11-04 16:00:00.000,32.03099999999999
11801,2011-11-04 17:00:00.000,15.756999999999998
11802,2011-11-04 18:00:00.000,4.203000000000001
11803,2011-11-04 19:00:00.000,0.038
11804,2011-11-04 20:00:00.000,0.0
11805,2011-11-04 21:00:00.000,0.0
11806,2011-11-04 22:00:00.000,0.0
11807,2011-11-04 23:00:00.000,0.0
11808,2011-11-05 00:00:00.000,0.0
11809,2011-11-05 01:00:00.000,0.0
11810,2011-11-05 02:00:00.000,0.0
11811,2011-11-05 03:00:00.000,0.0
11812,2011-11-05 04:00:00.000,0.0
11813,2011-11-05 05:00:00.000,0.0
11814,2011-11-05 06:00:00.000,1.3379999999999999
11815,2011-11-05 07:00:00.000,7.798999999999999
11816,2011-11-05 08:00:00.000,24.471999999999998
11817,2011-11-05 09:00:00.000,42.08799999999999
11818,2011-11-05 10:00:00.000,54.52499999999998
11819,2011-11-05 11:00:00.000,59.949999999999996
11820,2011-11-05 12:00:00.000,64.398
11821,2011-11-05 13:00:00.000,62.752999999999986
11822,2011-11-05 14:00:00.000,57.186
11823,2011-11-05 15:00:00.000,47.39999999999999
11824,2011-11-05 16:00:00.000,32.27499999999999
11825,2011-11-05 17:00:00.000,13.817999999999998
11826,2011-11-05 18:00:00.000,3.918
11827,2011-11-05 19:00:00.000,0.032
11828,2011-11-05 20:00:00.000,0.0
11829,2011-11-05 21:00:00.000,0.0
11830,2011-11-05 22:00:00.000,0.0
11831,2011-11-05 23:00:00.000,0.0
11832,2011-11-06 00:00:00.000,0.0
11833,2011-11-06 01:00:00.000,0.0
11834,2011-11-06 02:00:00.000,0.0
11835,2011-11-06 03:00:00.000,0.0
11836,2011-11-06 04:00:00.000,0.0
11837,2011-11-06 05:00:00.000,0.0
11838,2011-11-06 06:00:00.000,3.778
11839,2011-11-06 07:00:00.000,15.365000000000004
11840,2011-11-06 08:00:00.000,29.882
11841,2011-11-06 09:00:00.000,43.227000000000004
11842,2011-11-06 10:00:00.000,53.00899999999999
11843,2011-11-06 11:00:00.000,49.34899999999998
11844,2011-11-06 12:00:00.000,59.59
11845,2011-11-06 13:00:00.000,31.582999999999995
11846,2011-11-06 14:00:00.000,48.72899999999999
11847,2011-11-06 15:00:00.000,32.568
11848,2011-11-06 16:00:00.000,16.229000000000003
11849,2011-11-06 17:00:00.000,4.7250000000000005
11850,2011-11-06 18:00:00.000,1.6930000000000003
11851,2011-11-06 19:00:00.000,0.0
11852,2011-11-06 20:00:00.000,0.0
11853,2011-11-06 21:00:00.000,0.0
11854,2011-11-06 22:00:00.000,0.0
11855,2011-11-06 23:00:00.000,0.0
11856,2011-11-07 00:00:00.000,0.0
11857,2011-11-07 01:00:00.000,0.0
11858,2011-11-07 02:00:00.000,0.0
11859,2011-11-07 03:00:00.000,0.0
11860,2011-11-07 04:00:00.000,0.0
11861,2011-11-07 05:00:00.000,0.0
11862,2011-11-07 06:00:00.000,2.612999999999999
11863,2011-11-07 07:00:00.000,6.559000000000001
11864,2011-11-07 08:00:00.000,24.271
11865,2011-11-07 09:00:00.000,40.193999999999996
11866,2011-11-07 10:00:00.000,51.822
11867,2011-11-07 11:00:00.000,55.528
11868,2011-11-07 12:00:00.000,55.813
11869,2011-11-07 13:00:00.000,47.536000000000016
11870,2011-11-07 14:00:00.000,42.07300000000001
11871,2011-11-07 15:00:00.000,32.64199999999999
11872,2011-11-07 16:00:00.000,29.539
11873,2011-11-07 17:00:00.000,14.277000000000001
11874,2011-11-07 18:00:00.000,1.409
11875,2011-11-07 19:00:00.000,0.0
11876,2011-11-07 20:00:00.000,0.0
11877,2011-11-07 21:00:00.000,0.0
11878,2011-11-07 22:00:00.000,0.0
11879,2011-11-07 23:00:00.000,0.0
11880,2011-11-08 00:00:00.000,0.0
11881,2011-11-08 01:00:00.000,0.0
11882,2011-11-08 02:00:00.000,0.0
11883,2011-11-08 03:00:00.000,0.0
11884,2011-11-08 04:00:00.000,0.0
11885,2011-11-08 05:00:00.000,0.0
11886,2011-11-08 06:00:00.000,2.686999999999999
11887,2011-11-08 07:00:00.000,14.203999999999995
11888,2011-11-08 08:00:00.000,27.095999999999997
11889,2011-11-08 09:00:00.000,41.03800000000001
11890,2011-11-08 10:00:00.000,51.45700000000001
11891,2011-11-08 11:00:00.000,57.745999999999995
11892,2011-11-08 12:00:00.000,59.57500000000001
11893,2011-11-08 13:00:00.000,55.459
11894,2011-11-08 14:00:00.000,47.402999999999984
11895,2011-11-08 15:00:00.000,33.711000000000006
11896,2011-11-08 16:00:00.000,29.61399999999999
11897,2011-11-08 17:00:00.000,10.940999999999999
11898,2011-11-08 18:00:00.000,2.803
11899,2011-11-08 19:00:00.000,0.0
11900,2011-11-08 20:00:00.000,0.0
11901,2011-11-08 21:00:00.000,0.0
11902,2011-11-08 22:00:00.000,0.0
11903,2011-11-08 23:00:00.000,0.0
11904,2011-11-09 00:00:00.000,0.0
11905,2011-11-09 01:00:00.000,0.0
11906,2011-11-09 02:00:00.000,0.0
11907,2011-11-09 03:00:00.000,0.0
11908,2011-11-09 04:00:00.000,0.0
11909,2011-11-09 05:00:00.000,0.0
11910,2011-11-09 06:00:00.000,3.4219999999999997
11911,2011-11-09 07:00:00.000,14.103000000000003
11912,2011-11-09 08:00:00.000,29.580999999999992
11913,2011-11-09 09:00:00.000,33.766000000000005
11914,2011-11-09 10:00:00.000,47.332
11915,2011-11-09 11:00:00.000,58.398999999999994
11916,2011-11-09 12:00:00.000,51.89100000000001
11917,2011-11-09 13:00:00.000,43.154
11918,2011-11-09 14:00:00.000,34.67499999999999
11919,2011-11-09 15:00:00.000,29.504000000000005
11920,2011-11-09 16:00:00.000,17.380999999999997
11921,2011-11-09 17:00:00.000,12.413
11922,2011-11-09 18:00:00.000,3.6919999999999997
11923,2011-11-09 19:00:00.000,0.106
11924,2011-11-09 20:00:00.000,0.0
11925,2011-11-09 21:00:00.000,0.0
11926,2011-11-09 22:00:00.000,0.0
11927,2011-11-09 23:00:00.000,0.0
11928,2011-11-10 00:00:00.000,0.0
11929,2011-11-10 01:00:00.000,0.0
11930,2011-11-10 02:00:00.000,0.0
11931,2011-11-10 03:00:00.000,0.0
11932,2011-11-10 04:00:00.000,0.0
11933,2011-11-10 05:00:00.000,0.0
11934,2011-11-10 06:00:00.000,4.171
11935,2011-11-10 07:00:00.000,2.8890000000000002
11936,2011-11-10 08:00:00.000,4.591
11937,2011-11-10 09:00:00.000,8.832999999999997
11938,2011-11-10 10:00:00.000,6.037999999999999
11939,2011-11-10 11:00:00.000,5.081999999999999
11940,2011-11-10 12:00:00.000,13.567000000000002
11941,2011-11-10 13:00:00.000,21.141
11942,2011-11-10 14:00:00.000,21.863000000000003
11943,2011-11-10 15:00:00.000,17.287
11944,2011-11-10 16:00:00.000,23.39999999999999
11945,2011-11-10 17:00:00.000,17.202
11946,2011-11-10 18:00:00.000,4.4190000000000005
11947,2011-11-10 19:00:00.000,0.15
11948,2011-11-10 20:00:00.000,0.0
11949,2011-11-10 21:00:00.000,0.0
11950,2011-11-10 22:00:00.000,0.0
11951,2011-11-10 23:00:00.000,0.0
11952,2011-11-11 00:00:00.000,0.0
11953,2011-11-11 01:00:00.000,0.0
11954,2011-11-11 02:00:00.000,0.0
11955,2011-11-11 03:00:00.000,0.0
11956,2011-11-11 04:00:00.000,0.0
11957,2011-11-11 05:00:00.000,0.0
11958,2011-11-11 06:00:00.000,2.3679999999999994
11959,2011-11-11 07:00:00.000,12.674999999999999
11960,2011-11-11 08:00:00.000,22.052999999999994
11961,2011-11-11 09:00:00.000,36.881
11962,2011-11-11 10:00:00.000,44.47799999999998
11963,2011-11-11 11:00:00.000,57.24200000000001
11964,2011-11-11 12:00:00.000,62.701
11965,2011-11-11 13:00:00.000,61.98500000000002
11966,2011-11-11 14:00:00.000,49.095
11967,2011-11-11 15:00:00.000,39.651
11968,2011-11-11 16:00:00.000,18.67
11969,2011-11-11 17:00:00.000,6.124999999999999
11970,2011-11-11 18:00:00.000,0.6150000000000002
11971,2011-11-11 19:00:00.000,0.0
11972,2011-11-11 20:00:00.000,0.0
11973,2011-11-11 21:00:00.000,0.0
11974,2011-11-11 22:00:00.000,0.0
11975,2011-11-11 23:00:00.000,0.0
11976,2011-11-12 00:00:00.000,0.0
11977,2011-11-12 01:00:00.000,0.0
11978,2011-11-12 02:00:00.000,0.0
11979,2011-11-12 03:00:00.000,0.0
11980,2011-11-12 04:00:00.000,0.0
11981,2011-11-12 05:00:00.000,0.0
11982,2011-11-12 06:00:00.000,2.7039999999999984
11983,2011-11-12 07:00:00.000,8.045
11984,2011-11-12 08:00:00.000,17.114
11985,2011-11-12 09:00:00.000,26.92700000000001
11986,2011-11-12 10:00:00.000,46.59600000000001
11987,2011-11-12 11:00:00.000,48.60399999999999
11988,2011-11-12 12:00:00.000,51.793
11989,2011-11-12 13:00:00.000,48.035999999999994
11990,2011-11-12 14:00:00.000,50.879
11991,2011-11-12 15:00:00.000,21.409000000000002
11992,2011-11-12 16:00:00.000,30.06900000000001
11993,2011-11-12 17:00:00.000,15.594999999999995
11994,2011-11-12 18:00:00.000,5.066
11995,2011-11-12 19:00:00.000,0.145
11996,2011-11-12 20:00:00.000,0.0
11997,2011-11-12 21:00:00.000,0.0
11998,2011-11-12 22:00:00.000,0.0
11999,2011-11-12 23:00:00.000,0.0
12000,2011-11-13 00:00:00.000,0.0
12001,2011-11-13 01:00:00.000,0.0
12002,2011-11-13 02:00:00.000,0.0
12003,2011-11-13 03:00:00.000,0.0
12004,2011-11-13 04:00:00.000,0.0
12005,2011-11-13 05:00:00.000,0.0
12006,2011-11-13 06:00:00.000,2.791
12007,2011-11-13 07:00:00.000,10.704000000000002
12008,2011-11-13 08:00:00.000,14.043999999999999
12009,2011-11-13 09:00:00.000,38.146
12010,2011-11-13 10:00:00.000,43.042999999999985
12011,2011-11-13 11:00:00.000,56.515
12012,2011-11-13 12:00:00.000,54.098000000000006
12013,2011-11-13 13:00:00.000,44.05499999999999
12014,2011-11-13 14:00:00.000,41.72500000000001
12015,2011-11-13 15:00:00.000,41.96299999999999
12016,2011-11-13 16:00:00.000,31.287000000000003
12017,2011-11-13 17:00:00.000,15.178000000000004
12018,2011-11-13 18:00:00.000,2.9149999999999996
12019,2011-11-13 19:00:00.000,0.026
12020,2011-11-13 20:00:00.000,0.0
12021,2011-11-13 21:00:00.000,0.0
12022,2011-11-13 22:00:00.000,0.0
12023,2011-11-13 23:00:00.000,0.0
12024,2011-11-14 00:00:00.000,0.0
12025,2011-11-14 01:00:00.000,0.0
12026,2011-11-14 02:00:00.000,0.0
12027,2011-11-14 03:00:00.000,0.0
12028,2011-11-14 04:00:00.000,0.0
12029,2011-11-14 05:00:00.000,0.0
12030,2011-11-14 06:00:00.000,1.5839999999999994
12031,2011-11-14 07:00:00.000,7.227
12032,2011-11-14 08:00:00.000,25.373000000000008
12033,2011-11-14 09:00:00.000,43.782
12034,2011-11-14 10:00:00.000,53.79499999999998
12035,2011-11-14 11:00:00.000,58.82
12036,2011-11-14 12:00:00.000,59.666999999999994
12037,2011-11-14 13:00:00.000,56.729000000000006
12038,2011-11-14 14:00:00.000,50.32699999999999
12039,2011-11-14 15:00:00.000,35.955000000000005
12040,2011-11-14 16:00:00.000,28.266
12041,2011-11-14 17:00:00.000,13.684000000000001
12042,2011-11-14 18:00:00.000,5.849
12043,2011-11-14 19:00:00.000,0.139
12044,2011-11-14 20:00:00.000,0.0
12045,2011-11-14 21:00:00.000,0.0
12046,2011-11-14 22:00:00.000,0.0
12047,2011-11-14 23:00:00.000,0.0
12048,2011-11-15 00:00:00.000,0.0
12049,2011-11-15 01:00:00.000,0.0
12050,2011-11-15 02:00:00.000,0.0
12051,2011-11-15 03:00:00.000,0.0
12052,2011-11-15 04:00:00.000,0.0
12053,2011-11-15 05:00:00.000,0.013
12054,2011-11-15 06:00:00.000,4.237000000000001
12055,2011-11-15 07:00:00.000,15.933000000000003
12056,2011-11-15 08:00:00.000,30.686000000000007
12057,2011-11-15 09:00:00.000,44.42
12058,2011-11-15 10:00:00.000,54.398999999999994
12059,2011-11-15 11:00:00.000,60.544999999999995
12060,2011-11-15 12:00:00.000,62.79599999999999
12061,2011-11-15 13:00:00.000,60.912000000000006
12062,2011-11-15 14:00:00.000,55.64299999999999
12063,2011-11-15 15:00:00.000,46.355999999999995
12064,2011-11-15 16:00:00.000,32.979
12065,2011-11-15 17:00:00.000,17.293000000000003
12066,2011-11-15 18:00:00.000,5.298
12067,2011-11-15 19:00:00.000,0.16899999999999998
12068,2011-11-15 20:00:00.000,0.0
12069,2011-11-15 21:00:00.000,0.0
12070,2011-11-15 22:00:00.000,0.0
12071,2011-11-15 23:00:00.000,0.0
12072,2011-11-16 00:00:00.000,0.0
12073,2011-11-16 01:00:00.000,0.0
12074,2011-11-16 02:00:00.000,0.0
12075,2011-11-16 03:00:00.000,0.0
12076,2011-11-16 04:00:00.000,0.0
12077,2011-11-16 05:00:00.000,0.013
12078,2011-11-16 06:00:00.000,3.6379999999999995
12079,2011-11-16 07:00:00.000,13.776000000000002
12080,2011-11-16 08:00:00.000,23.355999999999987
12081,2011-11-16 09:00:00.000,20.984
12082,2011-11-16 10:00:00.000,31.328000000000007
12083,2011-11-16 11:00:00.000,14.120000000000001
12084,2011-11-16 12:00:00.000,16.866999999999997
12085,2011-11-16 13:00:00.000,9.851
12086,2011-11-16 14:00:00.000,7.358
12087,2011-11-16 15:00:00.000,9.670999999999998
12088,2011-11-16 16:00:00.000,0.2750000000000001
12089,2011-11-16 17:00:00.000,0.39
12090,2011-11-16 18:00:00.000,0.12499999999999999
12091,2011-11-16 19:00:00.000,0.0
12092,2011-11-16 20:00:00.000,0.0
12093,2011-11-16 21:00:00.000,0.0
12094,2011-11-16 22:00:00.000,0.0
12095,2011-11-16 23:00:00.000,0.0
12096,2011-11-17 00:00:00.000,0.0
12097,2011-11-17 01:00:00.000,0.0
12098,2011-11-17 02:00:00.000,0.0
12099,2011-11-17 03:00:00.000,0.0
12100,2011-11-17 04:00:00.000,0.0
12101,2011-11-17 05:00:00.000,0.0
12102,2011-11-17 06:00:00.000,0.0
12103,2011-11-17 07:00:00.000,0.6110000000000002
12104,2011-11-17 08:00:00.000,2.1559999999999997
12105,2011-11-17 09:00:00.000,1.7180000000000004
12106,2011-11-17 10:00:00.000,3.2070000000000003
12107,2011-11-17 11:00:00.000,4.682000000000001
12108,2011-11-17 12:00:00.000,4.1160000000000005
12109,2011-11-17 13:00:00.000,5.138
12110,2011-11-17 14:00:00.000,5.1209999999999996
12111,2011-11-17 15:00:00.000,4.065
12112,2011-11-17 16:00:00.000,2.782
12113,2011-11-17 17:00:00.000,0.5990000000000002
12114,2011-11-17 18:00:00.000,0.09399999999999999
12115,2011-11-17 19:00:00.000,0.0
12116,2011-11-17 20:00:00.000,0.0
12117,2011-11-17 21:00:00.000,0.0
12118,2011-11-17 22:00:00.000,0.0
12119,2011-11-17 23:00:00.000,0.0
12120,2011-11-18 00:00:00.000,0.0
12121,2011-11-18 01:00:00.000,0.0
12122,2011-11-18 02:00:00.000,0.0
12123,2011-11-18 03:00:00.000,0.0
12124,2011-11-18 04:00:00.000,0.0
12125,2011-11-18 05:00:00.000,0.0
12126,2011-11-18 06:00:00.000,0.6460000000000004
12127,2011-11-18 07:00:00.000,3.0669999999999997
12128,2011-11-18 08:00:00.000,8.578000000000005
12129,2011-11-18 09:00:00.000,14.763000000000003
12130,2011-11-18 10:00:00.000,25.035
12131,2011-11-18 11:00:00.000,17.843000000000004
12132,2011-11-18 12:00:00.000,29.63199999999999
12133,2011-11-18 13:00:00.000,38.912
12134,2011-11-18 14:00:00.000,38.94800000000001
12135,2011-11-18 15:00:00.000,41.863
12136,2011-11-18 16:00:00.000,32.124
12137,2011-11-18 17:00:00.000,17.47
12138,2011-11-18 18:00:00.000,5.472
12139,2011-11-18 19:00:00.000,0.195
12140,2011-11-18 20:00:00.000,0.0
12141,2011-11-18 21:00:00.000,0.0
12142,2011-11-18 22:00:00.000,0.0
12143,2011-11-18 23:00:00.000,0.0
12144,2011-11-19 00:00:00.000,0.0
12145,2011-11-19 01:00:00.000,0.0
12146,2011-11-19 02:00:00.000,0.0
12147,2011-11-19 03:00:00.000,0.0
12148,2011-11-19 04:00:00.000,0.0
12149,2011-11-19 05:00:00.000,0.0
12150,2011-11-19 06:00:00.000,1.102
12151,2011-11-19 07:00:00.000,6.696999999999999
12152,2011-11-19 08:00:00.000,18.116999999999997
12153,2011-11-19 09:00:00.000,41.01100000000002
12154,2011-11-19 10:00:00.000,54.50599999999997
12155,2011-11-19 11:00:00.000,59.75100000000001
12156,2011-11-19 12:00:00.000,60.84499999999999
12157,2011-11-19 13:00:00.000,59.47099999999999
12158,2011-11-19 14:00:00.000,54.327000000000005
12159,2011-11-19 15:00:00.000,44.26
12160,2011-11-19 16:00:00.000,30.75
12161,2011-11-19 17:00:00.000,16.479000000000003
12162,2011-11-19 18:00:00.000,5.0569999999999995
12163,2011-11-19 19:00:00.000,0.14400000000000002
12164,2011-11-19 20:00:00.000,0.0
12165,2011-11-19 21:00:00.000,0.0
12166,2011-11-19 22:00:00.000,0.0
12167,2011-11-19 23:00:00.000,0.0
12168,2011-11-20 00:00:00.000,0.0
12169,2011-11-20 01:00:00.000,0.0
12170,2011-11-20 02:00:00.000,0.0
12171,2011-11-20 03:00:00.000,0.0
12172,2011-11-20 04:00:00.000,0.0
12173,2011-11-20 05:00:00.000,0.0
12174,2011-11-20 06:00:00.000,4.103
12175,2011-11-20 07:00:00.000,14.964000000000004
12176,2011-11-20 08:00:00.000,25.587000000000003
12177,2011-11-20 09:00:00.000,34.555
12178,2011-11-20 10:00:00.000,50.169
12179,2011-11-20 11:00:00.000,56.294
12180,2011-11-20 12:00:00.000,57.909
12181,2011-11-20 13:00:00.000,58.455999999999996
12182,2011-11-20 14:00:00.000,52.12599999999999
12183,2011-11-20 15:00:00.000,38.666000000000004
12184,2011-11-20 16:00:00.000,16.699000000000005
12185,2011-11-20 17:00:00.000,4.066000000000001
12186,2011-11-20 18:00:00.000,0.032
12187,2011-11-20 19:00:00.000,0.0
12188,2011-11-20 20:00:00.000,0.0
12189,2011-11-20 21:00:00.000,0.0
12190,2011-11-20 22:00:00.000,0.0
12191,2011-11-20 23:00:00.000,0.0
12192,2011-11-21 00:00:00.000,0.0
12193,2011-11-21 01:00:00.000,0.0
12194,2011-11-21 02:00:00.000,0.0
12195,2011-11-21 03:00:00.000,0.0
12196,2011-11-21 04:00:00.000,0.0
12197,2011-11-21 05:00:00.000,0.0
12198,2011-11-21 06:00:00.000,1.0100000000000002
12199,2011-11-21 07:00:00.000,3.5780000000000003
12200,2011-11-21 08:00:00.000,8.441
12201,2011-11-21 09:00:00.000,12.571
12202,2011-11-21 10:00:00.000,23.688000000000002
12203,2011-11-21 11:00:00.000,30.167
12204,2011-11-21 12:00:00.000,31.716999999999995
12205,2011-11-21 13:00:00.000,32.63600000000001
12206,2011-11-21 14:00:00.000,20.578999999999997
12207,2011-11-21 15:00:00.000,5.648999999999999
12208,2011-11-21 16:00:00.000,2.6829999999999994
12209,2011-11-21 17:00:00.000,1.1960000000000004
12210,2011-11-21 18:00:00.000,0.0
12211,2011-11-21 19:00:00.000,0.0
12212,2011-11-21 20:00:00.000,0.0
12213,2011-11-21 21:00:00.000,0.0
12214,2011-11-21 22:00:00.000,0.0
12215,2011-11-21 23:00:00.000,0.0
12216,2011-11-22 00:00:00.000,0.0
12217,2011-11-22 01:00:00.000,0.0
12218,2011-11-22 02:00:00.000,0.0
12219,2011-11-22 03:00:00.000,0.0
12220,2011-11-22 04:00:00.000,0.0
12221,2011-11-22 05:00:00.000,0.0
12222,2011-11-22 06:00:00.000,0.081
12223,2011-11-22 07:00:00.000,4.714000000000001
12224,2011-11-22 08:00:00.000,13.708999999999998
12225,2011-11-22 09:00:00.000,11.799000000000005
12226,2011-11-22 10:00:00.000,32.435999999999986
12227,2011-11-22 11:00:00.000,50.029
12228,2011-11-22 12:00:00.000,41.709
12229,2011-11-22 13:00:00.000,26.646999999999995
12230,2011-11-22 14:00:00.000,7.512
12231,2011-11-22 15:00:00.000,16.238
12232,2011-11-22 16:00:00.000,10.071000000000002
12233,2011-11-22 17:00:00.000,1.291
12234,2011-11-22 18:00:00.000,0.05
12235,2011-11-22 19:00:00.000,0.0
12236,2011-11-22 20:00:00.000,0.0
12237,2011-11-22 21:00:00.000,0.0
12238,2011-11-22 22:00:00.000,0.0
12239,2011-11-22 23:00:00.000,0.0
12240,2011-11-23 00:00:00.000,0.0
12241,2011-11-23 01:00:00.000,0.0
12242,2011-11-23 02:00:00.000,0.0
12243,2011-11-23 03:00:00.000,0.0
12244,2011-11-23 04:00:00.000,0.0
12245,2011-11-23 05:00:00.000,0.0
12246,2011-11-23 06:00:00.000,0.0
12247,2011-11-23 07:00:00.000,0.6770000000000003
12248,2011-11-23 08:00:00.000,1.0930000000000002
12249,2011-11-23 09:00:00.000,1.6790000000000003
12250,2011-11-23 10:00:00.000,2.588
12251,2011-11-23 11:00:00.000,3.7720000000000002
12252,2011-11-23 12:00:00.000,4.934000000000001
12253,2011-11-23 13:00:00.000,4.473
12254,2011-11-23 14:00:00.000,6.351000000000001
12255,2011-11-23 15:00:00.000,3.3019999999999996
12256,2011-11-23 16:00:00.000,1.8810000000000002
12257,2011-11-23 17:00:00.000,1.553
12258,2011-11-23 18:00:00.000,0.10300000000000001
12259,2011-11-23 19:00:00.000,0.0
12260,2011-11-23 20:00:00.000,0.0
12261,2011-11-23 21:00:00.000,0.0
12262,2011-11-23 22:00:00.000,0.0
12263,2011-11-23 23:00:00.000,0.0
12264,2011-11-24 00:00:00.000,0.0
12265,2011-11-24 01:00:00.000,0.0
12266,2011-11-24 02:00:00.000,0.0
12267,2011-11-24 03:00:00.000,0.0
12268,2011-11-24 04:00:00.000,0.0
12269,2011-11-24 05:00:00.000,0.0
12270,2011-11-24 06:00:00.000,0.057999999999999996
12271,2011-11-24 07:00:00.000,2.0679999999999996
12272,2011-11-24 08:00:00.000,3.294
12273,2011-11-24 09:00:00.000,8.749
12274,2011-11-24 10:00:00.000,8.357000000000001
12275,2011-11-24 11:00:00.000,11.779000000000002
12276,2011-11-24 12:00:00.000,16.639000000000003
12277,2011-11-24 13:00:00.000,9.713
12278,2011-11-24 14:00:00.000,11.603999999999997
12279,2011-11-24 15:00:00.000,9.444000000000003
12280,2011-11-24 16:00:00.000,4.22
12281,2011-11-24 17:00:00.000,3.067
12282,2011-11-24 18:00:00.000,0.6890000000000004
12283,2011-11-24 19:00:00.000,0.0
12284,2011-11-24 20:00:00.000,0.0
12285,2011-11-24 21:00:00.000,0.0
12286,2011-11-24 22:00:00.000,0.0
12287,2011-11-24 23:00:00.000,0.0
12288,2011-11-25 00:00:00.000,0.0
12289,2011-11-25 01:00:00.000,0.0
12290,2011-11-25 02:00:00.000,0.0
12291,2011-11-25 03:00:00.000,0.0
12292,2011-11-25 04:00:00.000,0.0
12293,2011-11-25 05:00:00.000,0.0
12294,2011-11-25 06:00:00.000,0.032
12295,2011-11-25 07:00:00.000,1.9839999999999993
12296,2011-11-25 08:00:00.000,3.9560000000000004
12297,2011-11-25 09:00:00.000,11.875
12298,2011-11-25 10:00:00.000,16.277000000000005
12299,2011-11-25 11:00:00.000,16.584
12300,2011-11-25 12:00:00.000,17.410000000000007
12301,2011-11-25 13:00:00.000,11.361000000000002
12302,2011-11-25 14:00:00.000,12.834000000000001
12303,2011-11-25 15:00:00.000,8.649000000000003
12304,2011-11-25 16:00:00.000,7.504000000000001
12305,2011-11-25 17:00:00.000,2.671
12306,2011-11-25 18:00:00.000,0.2800000000000001
12307,2011-11-25 19:00:00.000,0.0
12308,2011-11-25 20:00:00.000,0.0
12309,2011-11-25 21:00:00.000,0.0
12310,2011-11-25 22:00:00.000,0.0
12311,2011-11-25 23:00:00.000,0.0
12312,2011-11-26 00:00:00.000,0.0
12313,2011-11-26 01:00:00.000,0.0
12314,2011-11-26 02:00:00.000,0.0
12315,2011-11-26 03:00:00.000,0.0
12316,2011-11-26 04:00:00.000,0.0
12317,2011-11-26 05:00:00.000,0.0
12318,2011-11-26 06:00:00.000,0.0
12319,2011-11-26 07:00:00.000,0.8200000000000004
12320,2011-11-26 08:00:00.000,2.0120000000000005
12321,2011-11-26 09:00:00.000,11.713000000000003
12322,2011-11-26 10:00:00.000,14.793
12323,2011-11-26 11:00:00.000,21.334
12324,2011-11-26 12:00:00.000,16.044999999999998
12325,2011-11-26 13:00:00.000,40.18299999999999
12326,2011-11-26 14:00:00.000,39.057
12327,2011-11-26 15:00:00.000,43.697
12328,2011-11-26 16:00:00.000,21.991999999999997
12329,2011-11-26 17:00:00.000,11.392999999999997
12330,2011-11-26 18:00:00.000,7.164
12331,2011-11-26 19:00:00.000,0.7670000000000002
12332,2011-11-26 20:00:00.000,0.0
12333,2011-11-26 21:00:00.000,0.0
12334,2011-11-26 22:00:00.000,0.0
12335,2011-11-26 23:00:00.000,0.0
12336,2011-11-27 00:00:00.000,0.0
12337,2011-11-27 01:00:00.000,0.0
12338,2011-11-27 02:00:00.000,0.0
12339,2011-11-27 03:00:00.000,0.0
12340,2011-11-27 04:00:00.000,0.0
12341,2011-11-27 05:00:00.000,0.044
12342,2011-11-27 06:00:00.000,4.94
12343,2011-11-27 07:00:00.000,16.647000000000006
12344,2011-11-27 08:00:00.000,31.423000000000005
12345,2011-11-27 09:00:00.000,45.131999999999984
12346,2011-11-27 10:00:00.000,55.60199999999999
12347,2011-11-27 11:00:00.000,61.70699999999998
12348,2011-11-27 12:00:00.000,63.26
12349,2011-11-27 13:00:00.000,56.79200000000001
12350,2011-11-27 14:00:00.000,45.554
12351,2011-11-27 15:00:00.000,24.729000000000003
12352,2011-11-27 16:00:00.000,21.658000000000005
12353,2011-11-27 17:00:00.000,18.382
12354,2011-11-27 18:00:00.000,6.279000000000001
12355,2011-11-27 19:00:00.000,0.43900000000000006
12356,2011-11-27 20:00:00.000,0.0
12357,2011-11-27 21:00:00.000,0.0
12358,2011-11-27 22:00:00.000,0.0
12359,2011-11-27 23:00:00.000,0.0
12360,2011-11-28 00:00:00.000,0.0
12361,2011-11-28 01:00:00.000,0.0
12362,2011-11-28 02:00:00.000,0.0
12363,2011-11-28 03:00:00.000,0.0
12364,2011-11-28 04:00:00.000,0.0
12365,2011-11-28 05:00:00.000,0.044
12366,2011-11-28 06:00:00.000,5.016
12367,2011-11-28 07:00:00.000,16.183000000000007
12368,2011-11-28 08:00:00.000,29.875999999999998
12369,2011-11-28 09:00:00.000,44.199999999999996
12370,2011-11-28 10:00:00.000,53.974
12371,2011-11-28 11:00:00.000,57.504999999999995
12372,2011-11-28 12:00:00.000,60.086
12373,2011-11-28 13:00:00.000,58.979000000000006
12374,2011-11-28 14:00:00.000,53.22699999999999
12375,2011-11-28 15:00:00.000,44.58900000000001
12376,2011-11-28 16:00:00.000,29.450000000000003
12377,2011-11-28 17:00:00.000,19.911
12378,2011-11-28 18:00:00.000,6.954999999999998
12379,2011-11-28 19:00:00.000,0.5210000000000001
12380,2011-11-28 20:00:00.000,0.0
12381,2011-11-28 21:00:00.000,0.0
12382,2011-11-28 22:00:00.000,0.0
12383,2011-11-28 23:00:00.000,0.0
12384,2011-11-29 00:00:00.000,0.0
12385,2011-11-29 01:00:00.000,0.0
12386,2011-11-29 02:00:00.000,0.0
12387,2011-11-29 03:00:00.000,0.0
12388,2011-11-29 04:00:00.000,0.0
12389,2011-11-29 05:00:00.000,0.094
12390,2011-11-29 06:00:00.000,3.4829999999999988
12391,2011-11-29 07:00:00.000,16.054000000000002
12392,2011-11-29 08:00:00.000,30.066000000000003
12393,2011-11-29 09:00:00.000,43.445
12394,2011-11-29 10:00:00.000,53.336
12395,2011-11-29 11:00:00.000,59.13700000000001
12396,2011-11-29 12:00:00.000,62.949999999999996
12397,2011-11-29 13:00:00.000,61.86300000000002
12398,2011-11-29 14:00:00.000,50.14600000000001
12399,2011-11-29 15:00:00.000,33.72799999999999
12400,2011-11-29 16:00:00.000,22.628
12401,2011-11-29 17:00:00.000,14.233999999999998
12402,2011-11-29 18:00:00.000,4.032000000000002
12403,2011-11-29 19:00:00.000,0.16999999999999998
12404,2011-11-29 20:00:00.000,0.0
12405,2011-11-29 21:00:00.000,0.0
12406,2011-11-29 22:00:00.000,0.0
12407,2011-11-29 23:00:00.000,0.0
12408,2011-11-30 00:00:00.000,0.0
12409,2011-11-30 01:00:00.000,0.0
12410,2011-11-30 02:00:00.000,0.0
12411,2011-11-30 03:00:00.000,0.0
12412,2011-11-30 04:00:00.000,0.0
12413,2011-11-30 05:00:00.000,0.0
12414,2011-11-30 06:00:00.000,4.109000000000001
12415,2011-11-30 07:00:00.000,16.528
12416,2011-11-30 08:00:00.000,34.782999999999994
12417,2011-11-30 09:00:00.000,43.428000000000004
12418,2011-11-30 10:00:00.000,55.387
12419,2011-11-30 11:00:00.000,60.773999999999994
12420,2011-11-30 12:00:00.000,61.206
12421,2011-11-30 13:00:00.000,51.336999999999996
12422,2011-11-30 14:00:00.000,36.465
12423,2011-11-30 15:00:00.000,34.987
12424,2011-11-30 16:00:00.000,20.572000000000003
12425,2011-11-30 17:00:00.000,13.612
12426,2011-11-30 18:00:00.000,5.5200000000000005
12427,2011-11-30 19:00:00.000,0.026
12428,2011-11-30 20:00:00.000,0.0
12429,2011-11-30 21:00:00.000,0.0
12430,2011-11-30 22:00:00.000,0.0
12431,2011-11-30 23:00:00.000,0.0
12432,2011-12-01 00:00:00.000,0.0
12433,2011-12-01 01:00:00.000,0.0
12434,2011-12-01 02:00:00.000,0.0
12435,2011-12-01 03:00:00.000,0.0
12436,2011-12-01 04:00:00.000,0.0
12437,2011-12-01 05:00:00.000,0.0
12438,2011-12-01 06:00:00.000,0.254
12439,2011-12-01 07:00:00.000,3.3790000000000004
12440,2011-12-01 08:00:00.000,8.878000000000002
12441,2011-12-01 09:00:00.000,11.116
12442,2011-12-01 10:00:00.000,27.989
12443,2011-12-01 11:00:00.000,56.25399999999999
12444,2011-12-01 12:00:00.000,60.55799999999999
12445,2011-12-01 13:00:00.000,63.230999999999995
12446,2011-12-01 14:00:00.000,50.245
12447,2011-12-01 15:00:00.000,44.41199999999999
12448,2011-12-01 16:00:00.000,35.12899999999999
12449,2011-12-01 17:00:00.000,22.609
12450,2011-12-01 18:00:00.000,8.99
12451,2011-12-01 19:00:00.000,1.4009999999999991
12452,2011-12-01 20:00:00.000,0.0
12453,2011-12-01 21:00:00.000,0.0
12454,2011-12-01 22:00:00.000,0.0
12455,2011-12-01 23:00:00.000,0.0
12456,2011-12-02 00:00:00.000,0.0
12457,2011-12-02 01:00:00.000,0.0
12458,2011-12-02 02:00:00.000,0.0
12459,2011-12-02 03:00:00.000,0.0
12460,2011-12-02 04:00:00.000,0.0
12461,2011-12-02 05:00:00.000,0.026
12462,2011-12-02 06:00:00.000,3.769999999999999
12463,2011-12-02 07:00:00.000,4.045000000000001
12464,2011-12-02 08:00:00.000,7.936999999999999
12465,2011-12-02 09:00:00.000,14.882000000000001
12466,2011-12-02 10:00:00.000,18.842000000000002
12467,2011-12-02 11:00:00.000,18.957
12468,2011-12-02 12:00:00.000,31.006000000000004
12469,2011-12-02 13:00:00.000,56.108000000000004
12470,2011-12-02 14:00:00.000,54.67099999999999
12471,2011-12-02 15:00:00.000,51.772
12472,2011-12-02 16:00:00.000,37.89099999999999
12473,2011-12-02 17:00:00.000,18.862
12474,2011-12-02 18:00:00.000,6.021999999999999
12475,2011-12-02 19:00:00.000,0.6130000000000002
12476,2011-12-02 20:00:00.000,0.0
12477,2011-12-02 21:00:00.000,0.0
12478,2011-12-02 22:00:00.000,0.0
12479,2011-12-02 23:00:00.000,0.0
12480,2011-12-03 00:00:00.000,0.0
12481,2011-12-03 01:00:00.000,0.0
12482,2011-12-03 02:00:00.000,0.0
12483,2011-12-03 03:00:00.000,0.0
12484,2011-12-03 04:00:00.000,0.0
12485,2011-12-03 05:00:00.000,0.0
12486,2011-12-03 06:00:00.000,5.189
12487,2011-12-03 07:00:00.000,16.990000000000002
12488,2011-12-03 08:00:00.000,32.342
12489,2011-12-03 09:00:00.000,40.396
12490,2011-12-03 10:00:00.000,48.07200000000001
12491,2011-12-03 11:00:00.000,63.04500000000001
12492,2011-12-03 12:00:00.000,65.24200000000002
12493,2011-12-03 13:00:00.000,65.583
12494,2011-12-03 14:00:00.000,60.41699999999999
12495,2011-12-03 15:00:00.000,51.005
12496,2011-12-03 16:00:00.000,37.486000000000004
12497,2011-12-03 17:00:00.000,21.773000000000003
12498,2011-12-03 18:00:00.000,7.8720000000000026
12499,2011-12-03 19:00:00.000,0.6880000000000002
12500,2011-12-03 20:00:00.000,0.0
12501,2011-12-03 21:00:00.000,0.0
12502,2011-12-03 22:00:00.000,0.0
12503,2011-12-03 23:00:00.000,0.0
12504,2011-12-04 00:00:00.000,0.0
12505,2011-12-04 01:00:00.000,0.0
12506,2011-12-04 02:00:00.000,0.0
12507,2011-12-04 03:00:00.000,0.0
12508,2011-12-04 04:00:00.000,0.0
12509,2011-12-04 05:00:00.000,0.056999999999999995
12510,2011-12-04 06:00:00.000,5.171999999999999
12511,2011-12-04 07:00:00.000,17.169999999999995
12512,2011-12-04 08:00:00.000,27.149000000000008
12513,2011-12-04 09:00:00.000,43.43599999999999
12514,2011-12-04 10:00:00.000,53.202999999999996
12515,2011-12-04 11:00:00.000,64.57
12516,2011-12-04 12:00:00.000,65.37999999999998
12517,2011-12-04 13:00:00.000,15.656
12518,2011-12-04 14:00:00.000,18.148999999999997
12519,2011-12-04 15:00:00.000,10.258
12520,2011-12-04 16:00:00.000,3.5870000000000006
12521,2011-12-04 17:00:00.000,1.9999999999999996
12522,2011-12-04 18:00:00.000,1.1190000000000004
12523,2011-12-04 19:00:00.000,0.0
12524,2011-12-04 20:00:00.000,0.0
12525,2011-12-04 21:00:00.000,0.0
12526,2011-12-04 22:00:00.000,0.0
12527,2011-12-04 23:00:00.000,0.0
12528,2011-12-05 00:00:00.000,0.0
12529,2011-12-05 01:00:00.000,0.0
12530,2011-12-05 02:00:00.000,0.0
12531,2011-12-05 03:00:00.000,0.0
12532,2011-12-05 04:00:00.000,0.0
12533,2011-12-05 05:00:00.000,0.013
12534,2011-12-05 06:00:00.000,2.5159999999999987
12535,2011-12-05 07:00:00.000,16.647
12536,2011-12-05 08:00:00.000,16.945
12537,2011-12-05 09:00:00.000,25.212
12538,2011-12-05 10:00:00.000,31.15700000000001
12539,2011-12-05 11:00:00.000,43.138999999999996
12540,2011-12-05 12:00:00.000,29.383999999999993
12541,2011-12-05 13:00:00.000,56.092000000000006
12542,2011-12-05 14:00:00.000,61.643
12543,2011-12-05 15:00:00.000,41.437000000000005
12544,2011-12-05 16:00:00.000,28.087
12545,2011-12-05 17:00:00.000,13.182000000000002
12546,2011-12-05 18:00:00.000,4.071000000000001
12547,2011-12-05 19:00:00.000,0.06999999999999999
12548,2011-12-05 20:00:00.000,0.0
12549,2011-12-05 21:00:00.000,0.0
12550,2011-12-05 22:00:00.000,0.0
12551,2011-12-05 23:00:00.000,0.0
12552,2011-12-06 00:00:00.000,0.0
12553,2011-12-06 01:00:00.000,0.0
12554,2011-12-06 02:00:00.000,0.0
12555,2011-12-06 03:00:00.000,0.0
12556,2011-12-06 04:00:00.000,0.0
12557,2011-12-06 05:00:00.000,0.101
12558,2011-12-06 06:00:00.000,2.924999999999999
12559,2011-12-06 07:00:00.000,13.361999999999997
12560,2011-12-06 08:00:00.000,25.041
12561,2011-12-06 09:00:00.000,30.045999999999996
12562,2011-12-06 10:00:00.000,26.062
12563,2011-12-06 11:00:00.000,24.66100000000001
12564,2011-12-06 12:00:00.000,22.69699999999999
12565,2011-12-06 13:00:00.000,46.145
12566,2011-12-06 14:00:00.000,44.856
12567,2011-12-06 15:00:00.000,31.27
12568,2011-12-06 16:00:00.000,31.154999999999994
12569,2011-12-06 17:00:00.000,18.534999999999997
12570,2011-12-06 18:00:00.000,5.274000000000001
12571,2011-12-06 19:00:00.000,0.40900000000000014
12572,2011-12-06 20:00:00.000,0.0
12573,2011-12-06 21:00:00.000,0.0
12574,2011-12-06 22:00:00.000,0.0
12575,2011-12-06 23:00:00.000,0.0
12576,2011-12-07 00:00:00.000,0.0
12577,2011-12-07 01:00:00.000,0.0
12578,2011-12-07 02:00:00.000,0.0
12579,2011-12-07 03:00:00.000,0.0
12580,2011-12-07 04:00:00.000,0.0
12581,2011-12-07 05:00:00.000,0.026
12582,2011-12-07 06:00:00.000,2.450999999999999
12583,2011-12-07 07:00:00.000,6.940000000000001
12584,2011-12-07 08:00:00.000,8.845
12585,2011-12-07 09:00:00.000,11.884
12586,2011-12-07 10:00:00.000,18.368999999999996
12587,2011-12-07 11:00:00.000,16.705
12588,2011-12-07 12:00:00.000,35.99700000000001
12589,2011-12-07 13:00:00.000,21.581999999999994
12590,2011-12-07 14:00:00.000,13.427999999999999
12591,2011-12-07 15:00:00.000,9.463
12592,2011-12-07 16:00:00.000,6.972000000000001
12593,2011-12-07 17:00:00.000,4.458
12594,2011-12-07 18:00:00.000,4.407000000000001
12595,2011-12-07 19:00:00.000,1.0030000000000006
12596,2011-12-07 20:00:00.000,0.0
12597,2011-12-07 21:00:00.000,0.0
12598,2011-12-07 22:00:00.000,0.0
12599,2011-12-07 23:00:00.000,0.0
12600,2011-12-08 00:00:00.000,0.0
12601,2011-12-08 01:00:00.000,0.0
12602,2011-12-08 02:00:00.000,0.0
12603,2011-12-08 03:00:00.000,0.0
12604,2011-12-08 04:00:00.000,0.0
12605,2011-12-08 05:00:00.000,0.0
12606,2011-12-08 06:00:00.000,1.2739999999999998
12607,2011-12-08 07:00:00.000,4.332
12608,2011-12-08 08:00:00.000,9.627999999999998
12609,2011-12-08 09:00:00.000,18.053
12610,2011-12-08 10:00:00.000,26.366
12611,2011-12-08 11:00:00.000,28.517000000000003
12612,2011-12-08 12:00:00.000,27.653000000000002
12613,2011-12-08 13:00:00.000,32.568999999999996
12614,2011-12-08 14:00:00.000,29.148000000000003
12615,2011-12-08 15:00:00.000,36.424
12616,2011-12-08 16:00:00.000,31.80000000000001
12617,2011-12-08 17:00:00.000,15.243000000000004
12618,2011-12-08 18:00:00.000,6.071
12619,2011-12-08 19:00:00.000,0.20800000000000005
12620,2011-12-08 20:00:00.000,0.0
12621,2011-12-08 21:00:00.000,0.0
12622,2011-12-08 22:00:00.000,0.0
12623,2011-12-08 23:00:00.000,0.0
12624,2011-12-09 00:00:00.000,0.0
12625,2011-12-09 01:00:00.000,0.0
12626,2011-12-09 02:00:00.000,0.0
12627,2011-12-09 03:00:00.000,0.0
12628,2011-12-09 04:00:00.000,0.0
12629,2011-12-09 05:00:00.000,0.032
12630,2011-12-09 06:00:00.000,3.1639999999999993
12631,2011-12-09 07:00:00.000,13.656999999999996
12632,2011-12-09 08:00:00.000,29.011999999999997
12633,2011-12-09 09:00:00.000,44.019
12634,2011-12-09 10:00:00.000,55.16899999999998
12635,2011-12-09 11:00:00.000,62.09300000000001
12636,2011-12-09 12:00:00.000,61.652
12637,2011-12-09 13:00:00.000,62.501999999999995
12638,2011-12-09 14:00:00.000,55.178000000000004
12639,2011-12-09 15:00:00.000,39.35699999999999
12640,2011-12-09 16:00:00.000,24.429
12641,2011-12-09 17:00:00.000,15.758000000000001
12642,2011-12-09 18:00:00.000,5.496000000000002
12643,2011-12-09 19:00:00.000,0.6140000000000003
12644,2011-12-09 20:00:00.000,0.0
12645,2011-12-09 21:00:00.000,0.0
12646,2011-12-09 22:00:00.000,0.0
12647,2011-12-09 23:00:00.000,0.0
12648,2011-12-10 00:00:00.000,0.0
12649,2011-12-10 01:00:00.000,0.0
12650,2011-12-10 02:00:00.000,0.0
12651,2011-12-10 03:00:00.000,0.0
12652,2011-12-10 04:00:00.000,0.0
12653,2011-12-10 05:00:00.000,0.0
12654,2011-12-10 06:00:00.000,1.1210000000000002
12655,2011-12-10 07:00:00.000,7.838000000000002
12656,2011-12-10 08:00:00.000,23.40799999999999
12657,2011-12-10 09:00:00.000,33.662
12658,2011-12-10 10:00:00.000,49.324000000000005
12659,2011-12-10 11:00:00.000,33.669000000000004
12660,2011-12-10 12:00:00.000,30.368000000000006
12661,2011-12-10 13:00:00.000,46.04599999999999
12662,2011-12-10 14:00:00.000,49.836
12663,2011-12-10 15:00:00.000,43.411
12664,2011-12-10 16:00:00.000,28.693000000000005
12665,2011-12-10 17:00:00.000,23.509000000000004
12666,2011-12-10 18:00:00.000,8.469000000000001
12667,2011-12-10 19:00:00.000,1.3409999999999997
12668,2011-12-10 20:00:00.000,0.0
12669,2011-12-10 21:00:00.000,0.0
12670,2011-12-10 22:00:00.000,0.0
12671,2011-12-10 23:00:00.000,0.0
12672,2011-12-11 00:00:00.000,0.0
12673,2011-12-11 01:00:00.000,0.0
12674,2011-12-11 02:00:00.000,0.0
12675,2011-12-11 03:00:00.000,0.0
12676,2011-12-11 04:00:00.000,0.0
12677,2011-12-11 05:00:00.000,0.025
12678,2011-12-11 06:00:00.000,4.625
12679,2011-12-11 07:00:00.000,16.29200000000001
12680,2011-12-11 08:00:00.000,30.279000000000014
12681,2011-12-11 09:00:00.000,43.846
12682,2011-12-11 10:00:00.000,54.28500000000001
12683,2011-12-11 11:00:00.000,55.348
12684,2011-12-11 12:00:00.000,58.762999999999984
12685,2011-12-11 13:00:00.000,48.81900000000001
12686,2011-12-11 14:00:00.000,7.974000000000001
12687,2011-12-11 15:00:00.000,1.9040000000000001
12688,2011-12-11 16:00:00.000,9.247
12689,2011-12-11 17:00:00.000,5.849000000000002
12690,2011-12-11 18:00:00.000,1.6569999999999996
12691,2011-12-11 19:00:00.000,0.051000000000000004
12692,2011-12-11 20:00:00.000,0.0
12693,2011-12-11 21:00:00.000,0.0
12694,2011-12-11 22:00:00.000,0.0
12695,2011-12-11 23:00:00.000,0.0
12696,2011-12-12 00:00:00.000,0.0
12697,2011-12-12 01:00:00.000,0.0
12698,2011-12-12 02:00:00.000,0.0
12699,2011-12-12 03:00:00.000,0.0
12700,2011-12-12 04:00:00.000,0.0
12701,2011-12-12 05:00:00.000,0.0
12702,2011-12-12 06:00:00.000,0.8830000000000005
12703,2011-12-12 07:00:00.000,4.099
12704,2011-12-12 08:00:00.000,2.495999999999999
12705,2011-12-12 09:00:00.000,8.6
12706,2011-12-12 10:00:00.000,3.2
12707,2011-12-12 11:00:00.000,1.1670000000000005
12708,2011-12-12 12:00:00.000,3.4369999999999994
12709,2011-12-12 13:00:00.000,8.988999999999997
12710,2011-12-12 14:00:00.000,4.753
12711,2011-12-12 15:00:00.000,3.213999999999999
12712,2011-12-12 16:00:00.000,5.396
12713,2011-12-12 17:00:00.000,4.084
12714,2011-12-12 18:00:00.000,2.947
12715,2011-12-12 19:00:00.000,1.3329999999999995
12716,2011-12-12 20:00:00.000,0.0
12717,2011-12-12 21:00:00.000,0.0
12718,2011-12-12 22:00:00.000,0.0
12719,2011-12-12 23:00:00.000,0.0
12720,2011-12-13 00:00:00.000,0.0
12721,2011-12-13 01:00:00.000,0.0
12722,2011-12-13 02:00:00.000,0.0
12723,2011-12-13 03:00:00.000,0.0
12724,2011-12-13 04:00:00.000,0.0
12725,2011-12-13 05:00:00.000,0.0
12726,2011-12-13 06:00:00.000,0.21300000000000005
12727,2011-12-13 07:00:00.000,3.234
12728,2011-12-13 08:00:00.000,7.1370000000000005
12729,2011-12-13 09:00:00.000,10.520000000000001
12730,2011-12-13 10:00:00.000,18.233
12731,2011-12-13 11:00:00.000,29.951
12732,2011-12-13 12:00:00.000,27.455
12733,2011-12-13 13:00:00.000,58.97799999999998
12734,2011-12-13 14:00:00.000,43.903
12735,2011-12-13 15:00:00.000,31.273999999999994
12736,2011-12-13 16:00:00.000,20.410999999999998
12737,2011-12-13 17:00:00.000,16.053
12738,2011-12-13 18:00:00.000,6.987999999999998
12739,2011-12-13 19:00:00.000,1.0800000000000003
12740,2011-12-13 20:00:00.000,0.0
12741,2011-12-13 21:00:00.000,0.0
12742,2011-12-13 22:00:00.000,0.0
12743,2011-12-13 23:00:00.000,0.0
12744,2011-12-14 00:00:00.000,0.0
12745,2011-12-14 01:00:00.000,0.0
12746,2011-12-14 02:00:00.000,0.0
12747,2011-12-14 03:00:00.000,0.0
12748,2011-12-14 04:00:00.000,0.0
12749,2011-12-14 05:00:00.000,0.0
12750,2011-12-14 06:00:00.000,1.5919999999999999
12751,2011-12-14 07:00:00.000,9.014000000000003
12752,2011-12-14 08:00:00.000,28.71699999999999
12753,2011-12-14 09:00:00.000,28.179
12754,2011-12-14 10:00:00.000,30.398
12755,2011-12-14 11:00:00.000,47.24
12756,2011-12-14 12:00:00.000,43.00299999999999
12757,2011-12-14 13:00:00.000,25.635999999999996
12758,2011-12-14 14:00:00.000,39.948
12759,2011-12-14 15:00:00.000,50.059000000000005
12760,2011-12-14 16:00:00.000,36.763000000000005
12761,2011-12-14 17:00:00.000,23.377999999999997
12762,2011-12-14 18:00:00.000,9.387
12763,2011-12-14 19:00:00.000,1.171
12764,2011-12-14 20:00:00.000,0.0
12765,2011-12-14 21:00:00.000,0.0
12766,2011-12-14 22:00:00.000,0.0
12767,2011-12-14 23:00:00.000,0.0
12768,2011-12-15 00:00:00.000,0.0
12769,2011-12-15 01:00:00.000,0.0
12770,2011-12-15 02:00:00.000,0.0
12771,2011-12-15 03:00:00.000,0.0
12772,2011-12-15 04:00:00.000,0.0
12773,2011-12-15 05:00:00.000,0.0
12774,2011-12-15 06:00:00.000,3.4839999999999995
12775,2011-12-15 07:00:00.000,9.957
12776,2011-12-15 08:00:00.000,20.057999999999996
12777,2011-12-15 09:00:00.000,39.45300000000001
12778,2011-12-15 10:00:00.000,44.38100000000001
12779,2011-12-15 11:00:00.000,52.357000000000006
12780,2011-12-15 12:00:00.000,65.30700000000002
12781,2011-12-15 13:00:00.000,63.556999999999995
12782,2011-12-15 14:00:00.000,59.99199999999999
12783,2011-12-15 15:00:00.000,47.400999999999996
12784,2011-12-15 16:00:00.000,35.71
12785,2011-12-15 17:00:00.000,23.875
12786,2011-12-15 18:00:00.000,9.471
12787,2011-12-15 19:00:00.000,0.5230000000000001
12788,2011-12-15 20:00:00.000,0.0
12789,2011-12-15 21:00:00.000,0.0
12790,2011-12-15 22:00:00.000,0.0
12791,2011-12-15 23:00:00.000,0.0
12792,2011-12-16 00:00:00.000,0.0
12793,2011-12-16 01:00:00.000,0.0
12794,2011-12-16 02:00:00.000,0.0
12795,2011-12-16 03:00:00.000,0.0
12796,2011-12-16 04:00:00.000,0.0
12797,2011-12-16 05:00:00.000,0.019
12798,2011-12-16 06:00:00.000,1.6729999999999998
12799,2011-12-16 07:00:00.000,9.799
12800,2011-12-16 08:00:00.000,30.660000000000004
12801,2011-12-16 09:00:00.000,41.388999999999996
12802,2011-12-16 10:00:00.000,54.10000000000001
12803,2011-12-16 11:00:00.000,42.227999999999994
12804,2011-12-16 12:00:00.000,53.79699999999997
12805,2011-12-16 13:00:00.000,58.29200000000001
12806,2011-12-16 14:00:00.000,54.97500000000001
12807,2011-12-16 15:00:00.000,43.08999999999999
12808,2011-12-16 16:00:00.000,30.86599999999999
12809,2011-12-16 17:00:00.000,19.262000000000004
12810,2011-12-16 18:00:00.000,7.341
12811,2011-12-16 19:00:00.000,0.8650000000000004
12812,2011-12-16 20:00:00.000,0.0
12813,2011-12-16 21:00:00.000,0.0
12814,2011-12-16 22:00:00.000,0.0
12815,2011-12-16 23:00:00.000,0.0
12816,2011-12-17 00:00:00.000,0.0
12817,2011-12-17 01:00:00.000,0.0
12818,2011-12-17 02:00:00.000,0.0
12819,2011-12-17 03:00:00.000,0.0
12820,2011-12-17 04:00:00.000,0.0
12821,2011-12-17 05:00:00.000,0.025
12822,2011-12-17 06:00:00.000,4.577
12823,2011-12-17 07:00:00.000,20.688000000000002
12824,2011-12-17 08:00:00.000,31.59500000000001
12825,2011-12-17 09:00:00.000,45.227000000000004
12826,2011-12-17 10:00:00.000,54.434000000000005
12827,2011-12-17 11:00:00.000,63.531
12828,2011-12-17 12:00:00.000,67.02500000000002
12829,2011-12-17 13:00:00.000,66.18499999999999
12830,2011-12-17 14:00:00.000,60.374
12831,2011-12-17 15:00:00.000,52.549
12832,2011-12-17 16:00:00.000,39.175000000000004
12833,2011-12-17 17:00:00.000,23.532
12834,2011-12-17 18:00:00.000,9.279
12835,2011-12-17 19:00:00.000,1.3599999999999999
12836,2011-12-17 20:00:00.000,0.0
12837,2011-12-17 21:00:00.000,0.0
12838,2011-12-17 22:00:00.000,0.0
12839,2011-12-17 23:00:00.000,0.0
12840,2011-12-18 00:00:00.000,0.0
12841,2011-12-18 01:00:00.000,0.0
12842,2011-12-18 02:00:00.000,0.0
12843,2011-12-18 03:00:00.000,0.0
12844,2011-12-18 04:00:00.000,0.0
12845,2011-12-18 05:00:00.000,0.0
12846,2011-12-18 06:00:00.000,1.8759999999999994
12847,2011-12-18 07:00:00.000,8.464
12848,2011-12-18 08:00:00.000,18.122
12849,2011-12-18 09:00:00.000,29.463999999999995
12850,2011-12-18 10:00:00.000,45.693999999999996
12851,2011-12-18 11:00:00.000,49.482
12852,2011-12-18 12:00:00.000,58.279999999999994
12853,2011-12-18 13:00:00.000,50.751
12854,2011-12-18 14:00:00.000,48.79600000000001
12855,2011-12-18 15:00:00.000,35.15899999999999
12856,2011-12-18 16:00:00.000,36.30100000000001
12857,2011-12-18 17:00:00.000,17.676000000000002
12858,2011-12-18 18:00:00.000,6.7749999999999995
12859,2011-12-18 19:00:00.000,1.8130000000000002
12860,2011-12-18 20:00:00.000,0.0
12861,2011-12-18 21:00:00.000,0.0
12862,2011-12-18 22:00:00.000,0.0
12863,2011-12-18 23:00:00.000,0.0
12864,2011-12-19 00:00:00.000,0.0
12865,2011-12-19 01:00:00.000,0.0
12866,2011-12-19 02:00:00.000,0.0
12867,2011-12-19 03:00:00.000,0.0
12868,2011-12-19 04:00:00.000,0.0
12869,2011-12-19 05:00:00.000,0.0
12870,2011-12-19 06:00:00.000,1.3110000000000002
12871,2011-12-19 07:00:00.000,5.661999999999999
12872,2011-12-19 08:00:00.000,9.431
12873,2011-12-19 09:00:00.000,6.36
12874,2011-12-19 10:00:00.000,6.168999999999999
12875,2011-12-19 11:00:00.000,15.353000000000002
12876,2011-12-19 12:00:00.000,26.012
12877,2011-12-19 13:00:00.000,27.209999999999994
12878,2011-12-19 14:00:00.000,9.82
12879,2011-12-19 15:00:00.000,14.134999999999998
12880,2011-12-19 16:00:00.000,16.993000000000002
12881,2011-12-19 17:00:00.000,3.411
12882,2011-12-19 18:00:00.000,1.3760000000000003
12883,2011-12-19 19:00:00.000,0.19200000000000003
12884,2011-12-19 20:00:00.000,0.0
12885,2011-12-19 21:00:00.000,0.0
12886,2011-12-19 22:00:00.000,0.0
12887,2011-12-19 23:00:00.000,0.0
12888,2011-12-20 00:00:00.000,0.0
12889,2011-12-20 01:00:00.000,0.0
12890,2011-12-20 02:00:00.000,0.0
12891,2011-12-20 03:00:00.000,0.0
12892,2011-12-20 04:00:00.000,0.0
12893,2011-12-20 05:00:00.000,0.0
12894,2011-12-20 06:00:00.000,2.1589999999999985
12895,2011-12-20 07:00:00.000,6.485000000000002
12896,2011-12-20 08:00:00.000,8.491000000000001
12897,2011-12-20 09:00:00.000,19.378
12898,2011-12-20 10:00:00.000,21.625000000000004
12899,2011-12-20 11:00:00.000,43.733000000000004
12900,2011-12-20 12:00:00.000,59.70999999999999
12901,2011-12-20 13:00:00.000,64.055
12902,2011-12-20 14:00:00.000,56.09400000000001
12903,2011-12-20 15:00:00.000,48.529
12904,2011-12-20 16:00:00.000,36.064
12905,2011-12-20 17:00:00.000,19.049999999999997
12906,2011-12-20 18:00:00.000,6.885000000000001
12907,2011-12-20 19:00:00.000,0.46700000000000014
12908,2011-12-20 20:00:00.000,0.0
12909,2011-12-20 21:00:00.000,0.0
12910,2011-12-20 22:00:00.000,0.0
12911,2011-12-20 23:00:00.000,0.0
12912,2011-12-21 00:00:00.000,0.0
12913,2011-12-21 01:00:00.000,0.0
12914,2011-12-21 02:00:00.000,0.0
12915,2011-12-21 03:00:00.000,0.0
12916,2011-12-21 04:00:00.000,0.0
12917,2011-12-21 05:00:00.000,0.0
12918,2011-12-21 06:00:00.000,0.40900000000000014
12919,2011-12-21 07:00:00.000,7.181999999999999
12920,2011-12-21 08:00:00.000,17.466000000000005
12921,2011-12-21 09:00:00.000,25.925
12922,2011-12-21 10:00:00.000,44.781
12923,2011-12-21 11:00:00.000,51.93499999999999
12924,2011-12-21 12:00:00.000,63.97500000000001
12925,2011-12-21 13:00:00.000,61.699
12926,2011-12-21 14:00:00.000,58.126000000000005
12927,2011-12-21 15:00:00.000,38.955999999999996
12928,2011-12-21 16:00:00.000,38.657
12929,2011-12-21 17:00:00.000,22.442000000000004
12930,2011-12-21 18:00:00.000,7.174000000000001
12931,2011-12-21 19:00:00.000,0.6300000000000002
12932,2011-12-21 20:00:00.000,0.0
12933,2011-12-21 21:00:00.000,0.0
12934,2011-12-21 22:00:00.000,0.0
12935,2011-12-21 23:00:00.000,0.0
12936,2011-12-22 00:00:00.000,0.0
12937,2011-12-22 01:00:00.000,0.0
12938,2011-12-22 02:00:00.000,0.0
12939,2011-12-22 03:00:00.000,0.0
12940,2011-12-22 04:00:00.000,0.0
12941,2011-12-22 05:00:00.000,0.0
12942,2011-12-22 06:00:00.000,1.5189999999999997
12943,2011-12-22 07:00:00.000,6.3729999999999976
12944,2011-12-22 08:00:00.000,10.149999999999997
12945,2011-12-22 09:00:00.000,12.687000000000003
12946,2011-12-22 10:00:00.000,9.198999999999998
12947,2011-12-22 11:00:00.000,9.628000000000002
12948,2011-12-22 12:00:00.000,4.665
12949,2011-12-22 13:00:00.000,11.634999999999998
12950,2011-12-22 14:00:00.000,9.127999999999998
12951,2011-12-22 15:00:00.000,12.196999999999997
12952,2011-12-22 16:00:00.000,10.064
12953,2011-12-22 17:00:00.000,8.062
12954,2011-12-22 18:00:00.000,3.2979999999999987
12955,2011-12-22 19:00:00.000,0.095
12956,2011-12-22 20:00:00.000,0.0
12957,2011-12-22 21:00:00.000,0.0
12958,2011-12-22 22:00:00.000,0.0
12959,2011-12-22 23:00:00.000,0.0
12960,2011-12-23 00:00:00.000,0.0
12961,2011-12-23 01:00:00.000,0.0
12962,2011-12-23 02:00:00.000,0.0
12963,2011-12-23 03:00:00.000,0.0
12964,2011-12-23 04:00:00.000,0.0
12965,2011-12-23 05:00:00.000,0.0
12966,2011-12-23 06:00:00.000,2.2989999999999986
12967,2011-12-23 07:00:00.000,11.590999999999996
12968,2011-12-23 08:00:00.000,19.883000000000003
12969,2011-12-23 09:00:00.000,29.31699999999999
12970,2011-12-23 10:00:00.000,49.03500000000001
12971,2011-12-23 11:00:00.000,53.78899999999999
12972,2011-12-23 12:00:00.000,59.727999999999994
12973,2011-12-23 13:00:00.000,62.959
12974,2011-12-23 14:00:00.000,51.62299999999998
12975,2011-12-23 15:00:00.000,42.722999999999985
12976,2011-12-23 16:00:00.000,19.266
12977,2011-12-23 17:00:00.000,21.491000000000003
12978,2011-12-23 18:00:00.000,10.504000000000001
12979,2011-12-23 19:00:00.000,1.3969999999999998
12980,2011-12-23 20:00:00.000,0.0
12981,2011-12-23 21:00:00.000,0.0
12982,2011-12-23 22:00:00.000,0.0
12983,2011-12-23 23:00:00.000,0.0
12984,2011-12-24 00:00:00.000,0.0
12985,2011-12-24 01:00:00.000,0.0
12986,2011-12-24 02:00:00.000,0.0
12987,2011-12-24 03:00:00.000,0.0
12988,2011-12-24 04:00:00.000,0.0
12989,2011-12-24 05:00:00.000,0.0
12990,2011-12-24 06:00:00.000,3.9569999999999994
12991,2011-12-24 07:00:00.000,16.624999999999996
12992,2011-12-24 08:00:00.000,29.138000000000012
12993,2011-12-24 09:00:00.000,42.294999999999995
12994,2011-12-24 10:00:00.000,53.549
12995,2011-12-24 11:00:00.000,60.45300000000002
12996,2011-12-24 12:00:00.000,64.305
12997,2011-12-24 13:00:00.000,63.04199999999999
12998,2011-12-24 14:00:00.000,57.18299999999999
12999,2011-12-24 15:00:00.000,49.57299999999999
13000,2011-12-24 16:00:00.000,37.36799999999998
13001,2011-12-24 17:00:00.000,23.463000000000005
13002,2011-12-24 18:00:00.000,9.894000000000002
13003,2011-12-24 19:00:00.000,1.5359999999999998
13004,2011-12-24 20:00:00.000,0.0
13005,2011-12-24 21:00:00.000,0.0
13006,2011-12-24 22:00:00.000,0.0
13007,2011-12-24 23:00:00.000,0.0
13008,2011-12-25 00:00:00.000,0.0
13009,2011-12-25 01:00:00.000,0.0
13010,2011-12-25 02:00:00.000,0.0
13011,2011-12-25 03:00:00.000,0.0
13012,2011-12-25 04:00:00.000,0.0
13013,2011-12-25 05:00:00.000,0.0
13014,2011-12-25 06:00:00.000,2.7499999999999996
13015,2011-12-25 07:00:00.000,13.470000000000002
13016,2011-12-25 08:00:00.000,27.302000000000003
13017,2011-12-25 09:00:00.000,40.507999999999996
13018,2011-12-25 10:00:00.000,52.426999999999985
13019,2011-12-25 11:00:00.000,62.08300000000001
13020,2011-12-25 12:00:00.000,65.362
13021,2011-12-25 13:00:00.000,65.488
13022,2011-12-25 14:00:00.000,59.672000000000004
13023,2011-12-25 15:00:00.000,51.592999999999996
13024,2011-12-25 16:00:00.000,38.9
13025,2011-12-25 17:00:00.000,23.858
13026,2011-12-25 18:00:00.000,10.114999999999998
13027,2011-12-25 19:00:00.000,1.415
13028,2011-12-25 20:00:00.000,0.0
13029,2011-12-25 21:00:00.000,0.0
13030,2011-12-25 22:00:00.000,0.0
13031,2011-12-25 23:00:00.000,0.0
13032,2011-12-26 00:00:00.000,0.0
13033,2011-12-26 01:00:00.000,0.0
13034,2011-12-26 02:00:00.000,0.0
13035,2011-12-26 03:00:00.000,0.0
13036,2011-12-26 04:00:00.000,0.0
13037,2011-12-26 05:00:00.000,0.0
13038,2011-12-26 06:00:00.000,1.1480000000000001
13039,2011-12-26 07:00:00.000,14.219000000000003
13040,2011-12-26 08:00:00.000,28.710000000000004
13041,2011-12-26 09:00:00.000,43.055
13042,2011-12-26 10:00:00.000,49.285
13043,2011-12-26 11:00:00.000,23.429999999999996
13044,2011-12-26 12:00:00.000,33.68000000000001
13045,2011-12-26 13:00:00.000,48.532
13046,2011-12-26 14:00:00.000,39.06599999999999
13047,2011-12-26 15:00:00.000,12.011000000000003
13048,2011-12-26 16:00:00.000,11.919
13049,2011-12-26 17:00:00.000,5.516
13050,2011-12-26 18:00:00.000,2.546
13051,2011-12-26 19:00:00.000,0.3180000000000001
13052,2011-12-26 20:00:00.000,0.0
13053,2011-12-26 21:00:00.000,0.0
13054,2011-12-26 22:00:00.000,0.0
13055,2011-12-26 23:00:00.000,0.0
13056,2011-12-27 00:00:00.000,0.0
13057,2011-12-27 01:00:00.000,0.0
13058,2011-12-27 02:00:00.000,0.0
13059,2011-12-27 03:00:00.000,0.0
13060,2011-12-27 04:00:00.000,0.0
13061,2011-12-27 05:00:00.000,0.0
13062,2011-12-27 06:00:00.000,0.0
13063,2011-12-27 07:00:00.000,0.4820000000000001
13064,2011-12-27 08:00:00.000,5.186999999999999
13065,2011-12-27 09:00:00.000,19.352000000000004
13066,2011-12-27 10:00:00.000,17.788
13067,2011-12-27 11:00:00.000,29.651
13068,2011-12-27 12:00:00.000,31.956000000000003
13069,2011-12-27 13:00:00.000,14.691000000000004
13070,2011-12-27 14:00:00.000,11.236000000000002
13071,2011-12-27 15:00:00.000,8.23
13072,2011-12-27 16:00:00.000,5.227
13073,2011-12-27 17:00:00.000,7.335999999999999
13074,2011-12-27 18:00:00.000,8.391
13075,2011-12-27 19:00:00.000,1.3139999999999998
13076,2011-12-27 20:00:00.000,0.0
13077,2011-12-27 21:00:00.000,0.0
13078,2011-12-27 22:00:00.000,0.0
13079,2011-12-27 23:00:00.000,0.0
13080,2011-12-28 00:00:00.000,0.0
13081,2011-12-28 01:00:00.000,0.0
13082,2011-12-28 02:00:00.000,0.0
13083,2011-12-28 03:00:00.000,0.0
13084,2011-12-28 04:00:00.000,0.0
13085,2011-12-28 05:00:00.000,0.0
13086,2011-12-28 06:00:00.000,1.8299999999999985
13087,2011-12-28 07:00:00.000,11.353999999999997
13088,2011-12-28 08:00:00.000,24.279000000000014
13089,2011-12-28 09:00:00.000,24.369
13090,2011-12-28 10:00:00.000,43.94500000000001
13091,2011-12-28 11:00:00.000,55.208999999999996
13092,2011-12-28 12:00:00.000,45.202
13093,2011-12-28 13:00:00.000,57.414000000000016
13094,2011-12-28 14:00:00.000,53.35500000000001
13095,2011-12-28 15:00:00.000,51.79700000000002
13096,2011-12-28 16:00:00.000,39.41600000000001
13097,2011-12-28 17:00:00.000,22.676999999999992
13098,2011-12-28 18:00:00.000,11.793
13099,2011-12-28 19:00:00.000,1.8949999999999998
13100,2011-12-28 20:00:00.000,0.0
13101,2011-12-28 21:00:00.000,0.0
13102,2011-12-28 22:00:00.000,0.0
13103,2011-12-28 23:00:00.000,0.0
13104,2011-12-29 00:00:00.000,0.0
13105,2011-12-29 01:00:00.000,0.0
13106,2011-12-29 02:00:00.000,0.0
13107,2011-12-29 03:00:00.000,0.0
13108,2011-12-29 04:00:00.000,0.0
13109,2011-12-29 05:00:00.000,0.0
13110,2011-12-29 06:00:00.000,3.400999999999999
13111,2011-12-29 07:00:00.000,14.989
13112,2011-12-29 08:00:00.000,29.539999999999992
13113,2011-12-29 09:00:00.000,44.525
13114,2011-12-29 10:00:00.000,55.52999999999997
13115,2011-12-29 11:00:00.000,58.57499999999999
13116,2011-12-29 12:00:00.000,63.49199999999999
13117,2011-12-29 13:00:00.000,64.23899999999999
13118,2011-12-29 14:00:00.000,57.06999999999999
13119,2011-12-29 15:00:00.000,46.117999999999974
13120,2011-12-29 16:00:00.000,25.315999999999995
13121,2011-12-29 17:00:00.000,13.199
13122,2011-12-29 18:00:00.000,6.945000000000001
13123,2011-12-29 19:00:00.000,1.6529999999999994
13124,2011-12-29 20:00:00.000,0.0
13125,2011-12-29 21:00:00.000,0.0
13126,2011-12-29 22:00:00.000,0.0
13127,2011-12-29 23:00:00.000,0.0
13128,2011-12-30 00:00:00.000,0.0
13129,2011-12-30 01:00:00.000,0.0
13130,2011-12-30 02:00:00.000,0.0
13131,2011-12-30 03:00:00.000,0.0
13132,2011-12-30 04:00:00.000,0.0
13133,2011-12-30 05:00:00.000,0.0
13134,2011-12-30 06:00:00.000,0.8930000000000005
13135,2011-12-30 07:00:00.000,8.729
13136,2011-12-30 08:00:00.000,26.319000000000006
13137,2011-12-30 09:00:00.000,28.953000000000007
13138,2011-12-30 10:00:00.000,49.03799999999999
13139,2011-12-30 11:00:00.000,56.614999999999995
13140,2011-12-30 12:00:00.000,59.812
13141,2011-12-30 13:00:00.000,60.71400000000001
13142,2011-12-30 14:00:00.000,60.16899999999998
13143,2011-12-30 15:00:00.000,52.33099999999998
13144,2011-12-30 16:00:00.000,39.358999999999995
13145,2011-12-30 17:00:00.000,23.789
13146,2011-12-30 18:00:00.000,9.645
13147,2011-12-30 19:00:00.000,1.9779999999999989
13148,2011-12-30 20:00:00.000,0.0
13149,2011-12-30 21:00:00.000,0.0
13150,2011-12-30 22:00:00.000,0.0
13151,2011-12-30 23:00:00.000,0.0
13152,2011-12-31 00:00:00.000,0.0
13153,2011-12-31 01:00:00.000,0.0
13154,2011-12-31 02:00:00.000,0.0
13155,2011-12-31 03:00:00.000,0.0
13156,2011-12-31 04:00:00.000,0.0
13157,2011-12-31 05:00:00.000,0.0
13158,2011-12-31 06:00:00.000,2.9859999999999993
13159,2011-12-31 07:00:00.000,12.028999999999996
13160,2011-12-31 08:00:00.000,18.381999999999998
13161,2011-12-31 09:00:00.000,34.903
13162,2011-12-31 10:00:00.000,52.99600000000001
13163,2011-12-31 11:00:00.000,58.29399999999998
13164,2011-12-31 12:00:00.000,65.73800000000001
13165,2011-12-31 13:00:00.000,64.429
13166,2011-12-31 14:00:00.000,61.293
13167,2011-12-31 15:00:00.000,52.921
13168,2011-12-31 16:00:00.000,40.26299999999999
13169,2011-12-31 17:00:00.000,25.14
13170,2011-12-31 18:00:00.000,10.861
13171,2011-12-31 19:00:00.000,1.848999999999999
13172,2011-12-31 20:00:00.000,0.0
13173,2011-12-31 21:00:00.000,0.0
13174,2011-12-31 22:00:00.000,0.0
13175,2011-12-31 23:00:00.000,0.0
13176,2012-01-01 00:00:00.000,0.0
13177,2012-01-01 01:00:00.000,0.0
13178,2012-01-01 02:00:00.000,0.0
13179,2012-01-01 03:00:00.000,0.0
13180,2012-01-01 04:00:00.000,0.0
13181,2012-01-01 05:00:00.000,0.0
13182,2012-01-01 06:00:00.000,3.535999999999999
13183,2012-01-01 07:00:00.000,14.691000000000003
13184,2012-01-01 08:00:00.000,29.100999999999996
13185,2012-01-01 09:00:00.000,44.07000000000002
13186,2012-01-01 10:00:00.000,55.60099999999998
13187,2012-01-01 11:00:00.000,63.111
13188,2012-01-01 12:00:00.000,67.08500000000001
13189,2012-01-01 13:00:00.000,66.64499999999998
13190,2012-01-01 14:00:00.000,62.221000000000004
13191,2012-01-01 15:00:00.000,53.77000000000001
13192,2012-01-01 16:00:00.000,40.968999999999994
13193,2012-01-01 17:00:00.000,25.755999999999997
13194,2012-01-01 18:00:00.000,11.224
13195,2012-01-01 19:00:00.000,1.9499999999999993
13196,2012-01-01 20:00:00.000,0.0
13197,2012-01-01 21:00:00.000,0.0
13198,2012-01-01 22:00:00.000,0.0
13199,2012-01-01 23:00:00.000,0.0
13200,2012-01-02 00:00:00.000,0.0
13201,2012-01-02 01:00:00.000,0.0
13202,2012-01-02 02:00:00.000,0.0
13203,2012-01-02 03:00:00.000,0.0
13204,2012-01-02 04:00:00.000,0.0
13205,2012-01-02 05:00:00.000,0.0
13206,2012-01-02 06:00:00.000,3.317
13207,2012-01-02 07:00:00.000,14.212000000000009
13208,2012-01-02 08:00:00.000,28.488
13209,2012-01-02 09:00:00.000,43.21399999999999
13210,2012-01-02 10:00:00.000,54.642
13211,2012-01-02 11:00:00.000,62.62
13212,2012-01-02 12:00:00.000,66.45499999999998
13213,2012-01-02 13:00:00.000,66.006
13214,2012-01-02 14:00:00.000,58.97599999999999
13215,2012-01-02 15:00:00.000,49.245
13216,2012-01-02 16:00:00.000,40.94499999999999
13217,2012-01-02 17:00:00.000,25.32
13218,2012-01-02 18:00:00.000,10.906999999999998
13219,2012-01-02 19:00:00.000,1.8989999999999991
13220,2012-01-02 20:00:00.000,0.0
13221,2012-01-02 21:00:00.000,0.0
13222,2012-01-02 22:00:00.000,0.0
13223,2012-01-02 23:00:00.000,0.0
13224,2012-01-03 00:00:00.000,0.0
13225,2012-01-03 01:00:00.000,0.0
13226,2012-01-03 02:00:00.000,0.0
13227,2012-01-03 03:00:00.000,0.0
13228,2012-01-03 04:00:00.000,0.0
13229,2012-01-03 05:00:00.000,0.0
13230,2012-01-03 06:00:00.000,3.1240000000000006
13231,2012-01-03 07:00:00.000,14.064
13232,2012-01-03 08:00:00.000,28.275
13233,2012-01-03 09:00:00.000,42.88799999999999
13234,2012-01-03 10:00:00.000,54.53699999999999
13235,2012-01-03 11:00:00.000,61.66899999999999
13236,2012-01-03 12:00:00.000,65.463
13237,2012-01-03 13:00:00.000,65.29700000000001
13238,2012-01-03 14:00:00.000,60.705000000000005
13239,2012-01-03 15:00:00.000,52.72
13240,2012-01-03 16:00:00.000,40.037000000000006
13241,2012-01-03 17:00:00.000,25.082
13242,2012-01-03 18:00:00.000,10.655
13243,2012-01-03 19:00:00.000,1.5929999999999997
13244,2012-01-03 20:00:00.000,0.0
13245,2012-01-03 21:00:00.000,0.0
13246,2012-01-03 22:00:00.000,0.0
13247,2012-01-03 23:00:00.000,0.0
13248,2012-01-04 00:00:00.000,0.0
13249,2012-01-04 01:00:00.000,0.0
13250,2012-01-04 02:00:00.000,0.0
13251,2012-01-04 03:00:00.000,0.0
13252,2012-01-04 04:00:00.000,0.0
13253,2012-01-04 05:00:00.000,0.0
13254,2012-01-04 06:00:00.000,2.813999999999999
13255,2012-01-04 07:00:00.000,12.893
13256,2012-01-04 08:00:00.000,23.825
13257,2012-01-04 09:00:00.000,40.543000000000006
13258,2012-01-04 10:00:00.000,50.751
13259,2012-01-04 11:00:00.000,56.315
13260,2012-01-04 12:00:00.000,56.979000000000006
13261,2012-01-04 13:00:00.000,55.415000000000006
13262,2012-01-04 14:00:00.000,50.91600000000001
13263,2012-01-04 15:00:00.000,24.270000000000007
13264,2012-01-04 16:00:00.000,8.094000000000005
13265,2012-01-04 17:00:00.000,13.597
13266,2012-01-04 18:00:00.000,7.488999999999999
13267,2012-01-04 19:00:00.000,2.5769999999999995
13268,2012-01-04 20:00:00.000,0.0
13269,2012-01-04 21:00:00.000,0.0
13270,2012-01-04 22:00:00.000,0.0
13271,2012-01-04 23:00:00.000,0.0
13272,2012-01-05 00:00:00.000,0.0
13273,2012-01-05 01:00:00.000,0.0
13274,2012-01-05 02:00:00.000,0.0
13275,2012-01-05 03:00:00.000,0.0
13276,2012-01-05 04:00:00.000,0.0
13277,2012-01-05 05:00:00.000,0.0
13278,2012-01-05 06:00:00.000,0.3410000000000001
13279,2012-01-05 07:00:00.000,2.956
13280,2012-01-05 08:00:00.000,8.882000000000001
13281,2012-01-05 09:00:00.000,20.712000000000003
13282,2012-01-05 10:00:00.000,18.698
13283,2012-01-05 11:00:00.000,20.227
13284,2012-01-05 12:00:00.000,44.29299999999999
13285,2012-01-05 13:00:00.000,43.989999999999995
13286,2012-01-05 14:00:00.000,46.871000000000016
13287,2012-01-05 15:00:00.000,47.54800000000001
13288,2012-01-05 16:00:00.000,31.857
13289,2012-01-05 17:00:00.000,11.481000000000002
13290,2012-01-05 18:00:00.000,4.959000000000002
13291,2012-01-05 19:00:00.000,0.5750000000000003
13292,2012-01-05 20:00:00.000,0.0
13293,2012-01-05 21:00:00.000,0.0
13294,2012-01-05 22:00:00.000,0.0
13295,2012-01-05 23:00:00.000,0.0
13296,2012-01-06 00:00:00.000,0.0
13297,2012-01-06 01:00:00.000,0.0
13298,2012-01-06 02:00:00.000,0.0
13299,2012-01-06 03:00:00.000,0.0
13300,2012-01-06 04:00:00.000,0.0
13301,2012-01-06 05:00:00.000,0.0
13302,2012-01-06 06:00:00.000,0.9290000000000003
13303,2012-01-06 07:00:00.000,1.4249999999999996
13304,2012-01-06 08:00:00.000,3.7300000000000004
13305,2012-01-06 09:00:00.000,4.282000000000001
13306,2012-01-06 10:00:00.000,5.126999999999998
13307,2012-01-06 11:00:00.000,8.975000000000001
13308,2012-01-06 12:00:00.000,8.594
13309,2012-01-06 13:00:00.000,25.885
13310,2012-01-06 14:00:00.000,38.776
13311,2012-01-06 15:00:00.000,18.983
13312,2012-01-06 16:00:00.000,6.2360000000000015
13313,2012-01-06 17:00:00.000,2.255
13314,2012-01-06 18:00:00.000,0.9440000000000005
13315,2012-01-06 19:00:00.000,0.222
13316,2012-01-06 20:00:00.000,0.0
13317,2012-01-06 21:00:00.000,0.0
13318,2012-01-06 22:00:00.000,0.0
13319,2012-01-06 23:00:00.000,0.0
13320,2012-01-07 00:00:00.000,0.0
13321,2012-01-07 01:00:00.000,0.0
13322,2012-01-07 02:00:00.000,0.0
13323,2012-01-07 03:00:00.000,0.0
13324,2012-01-07 04:00:00.000,0.0
13325,2012-01-07 05:00:00.000,0.0
13326,2012-01-07 06:00:00.000,3.4689999999999994
13327,2012-01-07 07:00:00.000,13.807000000000002
13328,2012-01-07 08:00:00.000,26.223000000000003
13329,2012-01-07 09:00:00.000,33.626000000000005
13330,2012-01-07 10:00:00.000,36.93700000000001
13331,2012-01-07 11:00:00.000,56.689
13332,2012-01-07 12:00:00.000,63.102
13333,2012-01-07 13:00:00.000,65.88399999999999
13334,2012-01-07 14:00:00.000,61.355000000000004
13335,2012-01-07 15:00:00.000,52.78100000000001
13336,2012-01-07 16:00:00.000,40.096999999999994
13337,2012-01-07 17:00:00.000,22.58
13338,2012-01-07 18:00:00.000,9.885
13339,2012-01-07 19:00:00.000,1.7389999999999997
13340,2012-01-07 20:00:00.000,0.0
13341,2012-01-07 21:00:00.000,0.0
13342,2012-01-07 22:00:00.000,0.0
13343,2012-01-07 23:00:00.000,0.0
13344,2012-01-08 00:00:00.000,0.0
13345,2012-01-08 01:00:00.000,0.0
13346,2012-01-08 02:00:00.000,0.0
13347,2012-01-08 03:00:00.000,0.0
13348,2012-01-08 04:00:00.000,0.0
13349,2012-01-08 05:00:00.000,0.0
13350,2012-01-08 06:00:00.000,1.6349999999999991
13351,2012-01-08 07:00:00.000,11.836
13352,2012-01-08 08:00:00.000,25.794
13353,2012-01-08 09:00:00.000,36.11599999999999
13354,2012-01-08 10:00:00.000,39.22799999999999
13355,2012-01-08 11:00:00.000,32.97599999999999
13356,2012-01-08 12:00:00.000,47.823000000000015
13357,2012-01-08 13:00:00.000,37.732000000000006
13358,2012-01-08 14:00:00.000,27.798999999999992
13359,2012-01-08 15:00:00.000,18.107000000000003
13360,2012-01-08 16:00:00.000,16.194
13361,2012-01-08 17:00:00.000,24.041999999999994
13362,2012-01-08 18:00:00.000,6.962999999999999
13363,2012-01-08 19:00:00.000,0.6650000000000003
13364,2012-01-08 20:00:00.000,0.0
13365,2012-01-08 21:00:00.000,0.0
13366,2012-01-08 22:00:00.000,0.0
13367,2012-01-08 23:00:00.000,0.0
13368,2012-01-09 00:00:00.000,0.0
13369,2012-01-09 01:00:00.000,0.0
13370,2012-01-09 02:00:00.000,0.0
13371,2012-01-09 03:00:00.000,0.0
13372,2012-01-09 04:00:00.000,0.0
13373,2012-01-09 05:00:00.000,0.0
13374,2012-01-09 06:00:00.000,0.41300000000000014
13375,2012-01-09 07:00:00.000,4.937999999999999
13376,2012-01-09 08:00:00.000,19.556
13377,2012-01-09 09:00:00.000,35.047
13378,2012-01-09 10:00:00.000,46.32599999999999
13379,2012-01-09 11:00:00.000,58.556999999999995
13380,2012-01-09 12:00:00.000,61.129000000000005
13381,2012-01-09 13:00:00.000,61.44200000000001
13382,2012-01-09 14:00:00.000,56.587
13383,2012-01-09 15:00:00.000,43.41600000000001
13384,2012-01-09 16:00:00.000,32.469
13385,2012-01-09 17:00:00.000,14.322000000000001
13386,2012-01-09 18:00:00.000,6.485000000000002
13387,2012-01-09 19:00:00.000,2.13
13388,2012-01-09 20:00:00.000,0.0
13389,2012-01-09 21:00:00.000,0.0
13390,2012-01-09 22:00:00.000,0.0
13391,2012-01-09 23:00:00.000,0.0
13392,2012-01-10 00:00:00.000,0.0
13393,2012-01-10 01:00:00.000,0.0
13394,2012-01-10 02:00:00.000,0.0
13395,2012-01-10 03:00:00.000,0.0
13396,2012-01-10 04:00:00.000,0.0
13397,2012-01-10 05:00:00.000,0.0
13398,2012-01-10 06:00:00.000,2.0199999999999996
13399,2012-01-10 07:00:00.000,11.276999999999997
13400,2012-01-10 08:00:00.000,21.538
13401,2012-01-10 09:00:00.000,25.962999999999994
13402,2012-01-10 10:00:00.000,31.221
13403,2012-01-10 11:00:00.000,49.626
13404,2012-01-10 12:00:00.000,53.942999999999984
13405,2012-01-10 13:00:00.000,49.394
13406,2012-01-10 14:00:00.000,43.31100000000001
13407,2012-01-10 15:00:00.000,28.926000000000002
13408,2012-01-10 16:00:00.000,22.668000000000003
13409,2012-01-10 17:00:00.000,15.278000000000004
13410,2012-01-10 18:00:00.000,7.622000000000002
13411,2012-01-10 19:00:00.000,1.356
13412,2012-01-10 20:00:00.000,0.0
13413,2012-01-10 21:00:00.000,0.0
13414,2012-01-10 22:00:00.000,0.0
13415,2012-01-10 23:00:00.000,0.0
13416,2012-01-11 00:00:00.000,0.0
13417,2012-01-11 01:00:00.000,0.0
13418,2012-01-11 02:00:00.000,0.0
13419,2012-01-11 03:00:00.000,0.0
13420,2012-01-11 04:00:00.000,0.0
13421,2012-01-11 05:00:00.000,0.0
13422,2012-01-11 06:00:00.000,0.7500000000000003
13423,2012-01-11 07:00:00.000,8.353
13424,2012-01-11 08:00:00.000,18.047000000000004
13425,2012-01-11 09:00:00.000,34.224000000000004
13426,2012-01-11 10:00:00.000,55.99399999999999
13427,2012-01-11 11:00:00.000,63.59399999999999
13428,2012-01-11 12:00:00.000,66.55700000000002
13429,2012-01-11 13:00:00.000,64.67500000000001
13430,2012-01-11 14:00:00.000,61.11200000000001
13431,2012-01-11 15:00:00.000,53.16000000000001
13432,2012-01-11 16:00:00.000,41.035
13433,2012-01-11 17:00:00.000,25.971000000000004
13434,2012-01-11 18:00:00.000,10.095999999999998
13435,2012-01-11 19:00:00.000,2.1529999999999987
13436,2012-01-11 20:00:00.000,0.0
13437,2012-01-11 21:00:00.000,0.0
13438,2012-01-11 22:00:00.000,0.0
13439,2012-01-11 23:00:00.000,0.0
13440,2012-01-12 00:00:00.000,0.0
13441,2012-01-12 01:00:00.000,0.0
13442,2012-01-12 02:00:00.000,0.0
13443,2012-01-12 03:00:00.000,0.0
13444,2012-01-12 04:00:00.000,0.0
13445,2012-01-12 05:00:00.000,0.0
13446,2012-01-12 06:00:00.000,2.2749999999999995
13447,2012-01-12 07:00:00.000,13.116
13448,2012-01-12 08:00:00.000,28.202999999999996
13449,2012-01-12 09:00:00.000,43.47199999999998
13450,2012-01-12 10:00:00.000,55.65700000000001
13451,2012-01-12 11:00:00.000,62.641999999999996
13452,2012-01-12 12:00:00.000,67.99600000000001
13453,2012-01-12 13:00:00.000,67.50999999999999
13454,2012-01-12 14:00:00.000,62.733999999999995
13455,2012-01-12 15:00:00.000,54.40599999999999
13456,2012-01-12 16:00:00.000,41.797
13457,2012-01-12 17:00:00.000,26.311999999999998
13458,2012-01-12 18:00:00.000,11.269999999999998
13459,2012-01-12 19:00:00.000,1.9329999999999994
13460,2012-01-12 20:00:00.000,0.0
13461,2012-01-12 21:00:00.000,0.0
13462,2012-01-12 22:00:00.000,0.0
13463,2012-01-12 23:00:00.000,0.0
13464,2012-01-13 00:00:00.000,0.0
13465,2012-01-13 01:00:00.000,0.0
13466,2012-01-13 02:00:00.000,0.0
13467,2012-01-13 03:00:00.000,0.0
13468,2012-01-13 04:00:00.000,0.0
13469,2012-01-13 05:00:00.000,0.0
13470,2012-01-13 06:00:00.000,2.139
13471,2012-01-13 07:00:00.000,12.538000000000002
13472,2012-01-13 08:00:00.000,26.635
13473,2012-01-13 09:00:00.000,41.01400000000002
13474,2012-01-13 10:00:00.000,49.486999999999995
13475,2012-01-13 11:00:00.000,56.77999999999999
13476,2012-01-13 12:00:00.000,63.03199999999999
13477,2012-01-13 13:00:00.000,61.182999999999986
13478,2012-01-13 14:00:00.000,52.12700000000001
13479,2012-01-13 15:00:00.000,32.86999999999999
13480,2012-01-13 16:00:00.000,36.769000000000005
13481,2012-01-13 17:00:00.000,24.84200000000001
13482,2012-01-13 18:00:00.000,9.912999999999998
13483,2012-01-13 19:00:00.000,1.6569999999999996
13484,2012-01-13 20:00:00.000,0.0
13485,2012-01-13 21:00:00.000,0.0
13486,2012-01-13 22:00:00.000,0.0
13487,2012-01-13 23:00:00.000,0.0
13488,2012-01-14 00:00:00.000,0.0
13489,2012-01-14 01:00:00.000,0.0
13490,2012-01-14 02:00:00.000,0.0
13491,2012-01-14 03:00:00.000,0.0
13492,2012-01-14 04:00:00.000,0.0
13493,2012-01-14 05:00:00.000,0.0
13494,2012-01-14 06:00:00.000,0.36800000000000005
13495,2012-01-14 07:00:00.000,2.4479999999999995
13496,2012-01-14 08:00:00.000,3.677
13497,2012-01-14 09:00:00.000,13.774
13498,2012-01-14 10:00:00.000,35.300000000000004
13499,2012-01-14 11:00:00.000,44.13400000000001
13500,2012-01-14 12:00:00.000,42.07299999999999
13501,2012-01-14 13:00:00.000,38.95199999999999
13502,2012-01-14 14:00:00.000,48.665
13503,2012-01-14 15:00:00.000,48.094
13504,2012-01-14 16:00:00.000,22.129
13505,2012-01-14 17:00:00.000,12.132000000000001
13506,2012-01-14 18:00:00.000,3.6310000000000002
13507,2012-01-14 19:00:00.000,0.8030000000000004
13508,2012-01-14 20:00:00.000,0.0
13509,2012-01-14 21:00:00.000,0.0
13510,2012-01-14 22:00:00.000,0.0
13511,2012-01-14 23:00:00.000,0.0
13512,2012-01-15 00:00:00.000,0.0
13513,2012-01-15 01:00:00.000,0.0
13514,2012-01-15 02:00:00.000,0.0
13515,2012-01-15 03:00:00.000,0.0
13516,2012-01-15 04:00:00.000,0.0
13517,2012-01-15 05:00:00.000,0.0
13518,2012-01-15 06:00:00.000,0.8260000000000004
13519,2012-01-15 07:00:00.000,6.8950000000000005
13520,2012-01-15 08:00:00.000,16.409999999999997
13521,2012-01-15 09:00:00.000,25.831
13522,2012-01-15 10:00:00.000,42.184999999999995
13523,2012-01-15 11:00:00.000,49.582
13524,2012-01-15 12:00:00.000,46.687000000000005
13525,2012-01-15 13:00:00.000,45.462999999999994
13526,2012-01-15 14:00:00.000,42.858
13527,2012-01-15 15:00:00.000,29.114
13528,2012-01-15 16:00:00.000,26.164999999999996
13529,2012-01-15 17:00:00.000,23.912000000000006
13530,2012-01-15 18:00:00.000,11.844000000000001
13531,2012-01-15 19:00:00.000,1.419
13532,2012-01-15 20:00:00.000,0.0
13533,2012-01-15 21:00:00.000,0.0
13534,2012-01-15 22:00:00.000,0.0
13535,2012-01-15 23:00:00.000,0.0
13536,2012-01-16 00:00:00.000,0.0
13537,2012-01-16 01:00:00.000,0.0
13538,2012-01-16 02:00:00.000,0.0
13539,2012-01-16 03:00:00.000,0.0
13540,2012-01-16 04:00:00.000,0.0
13541,2012-01-16 05:00:00.000,0.0
13542,2012-01-16 06:00:00.000,2.0779999999999994
13543,2012-01-16 07:00:00.000,9.5
13544,2012-01-16 08:00:00.000,19.299000000000003
13545,2012-01-16 09:00:00.000,18.502000000000002
13546,2012-01-16 10:00:00.000,41.763000000000005
13547,2012-01-16 11:00:00.000,57.928000000000004
13548,2012-01-16 12:00:00.000,68.91999999999999
13549,2012-01-16 13:00:00.000,50.162
13550,2012-01-16 14:00:00.000,54.588
13551,2012-01-16 15:00:00.000,47.596
13552,2012-01-16 16:00:00.000,41.80200000000001
13553,2012-01-16 17:00:00.000,25.972
13554,2012-01-16 18:00:00.000,11.455999999999998
13555,2012-01-16 19:00:00.000,2.114
13556,2012-01-16 20:00:00.000,0.0
13557,2012-01-16 21:00:00.000,0.0
13558,2012-01-16 22:00:00.000,0.0
13559,2012-01-16 23:00:00.000,0.0
13560,2012-01-17 00:00:00.000,0.0
13561,2012-01-17 01:00:00.000,0.0
13562,2012-01-17 02:00:00.000,0.0
13563,2012-01-17 03:00:00.000,0.0
13564,2012-01-17 04:00:00.000,0.0
13565,2012-01-17 05:00:00.000,0.0
13566,2012-01-17 06:00:00.000,1.9259999999999984
13567,2012-01-17 07:00:00.000,11.871000000000002
13568,2012-01-17 08:00:00.000,26.13600000000001
13569,2012-01-17 09:00:00.000,41.854
13570,2012-01-17 10:00:00.000,54.72699999999999
13571,2012-01-17 11:00:00.000,62.159
13572,2012-01-17 12:00:00.000,62.98000000000001
13573,2012-01-17 13:00:00.000,65.60499999999999
13574,2012-01-17 14:00:00.000,57.455
13575,2012-01-17 15:00:00.000,43.391999999999996
13576,2012-01-17 16:00:00.000,24.66799999999999
13577,2012-01-17 17:00:00.000,21.316
13578,2012-01-17 18:00:00.000,9.258000000000001
13579,2012-01-17 19:00:00.000,0.9770000000000005
13580,2012-01-17 20:00:00.000,0.0
13581,2012-01-17 21:00:00.000,0.0
13582,2012-01-17 22:00:00.000,0.0
13583,2012-01-17 23:00:00.000,0.0
13584,2012-01-18 00:00:00.000,0.0
13585,2012-01-18 01:00:00.000,0.0
13586,2012-01-18 02:00:00.000,0.0
13587,2012-01-18 03:00:00.000,0.0
13588,2012-01-18 04:00:00.000,0.0
13589,2012-01-18 05:00:00.000,0.0
13590,2012-01-18 06:00:00.000,0.9430000000000004
13591,2012-01-18 07:00:00.000,9.6
13592,2012-01-18 08:00:00.000,12.096000000000002
13593,2012-01-18 09:00:00.000,19.436999999999998
13594,2012-01-18 10:00:00.000,33.107
13595,2012-01-18 11:00:00.000,53.53600000000001
13596,2012-01-18 12:00:00.000,62.729
13597,2012-01-18 13:00:00.000,63.17099999999999
13598,2012-01-18 14:00:00.000,59.438
13599,2012-01-18 15:00:00.000,52.065
13600,2012-01-18 16:00:00.000,40.143999999999984
13601,2012-01-18 17:00:00.000,25.418000000000006
13602,2012-01-18 18:00:00.000,10.890999999999998
13603,2012-01-18 19:00:00.000,1.7419999999999995
13604,2012-01-18 20:00:00.000,0.0
13605,2012-01-18 21:00:00.000,0.0
13606,2012-01-18 22:00:00.000,0.0
13607,2012-01-18 23:00:00.000,0.0
13608,2012-01-19 00:00:00.000,0.0
13609,2012-01-19 01:00:00.000,0.0
13610,2012-01-19 02:00:00.000,0.0
13611,2012-01-19 03:00:00.000,0.0
13612,2012-01-19 04:00:00.000,0.0
13613,2012-01-19 05:00:00.000,0.0
13614,2012-01-19 06:00:00.000,1.6449999999999982
13615,2012-01-19 07:00:00.000,11.020999999999997
13616,2012-01-19 08:00:00.000,22.395
13617,2012-01-19 09:00:00.000,39.11499999999999
13618,2012-01-19 10:00:00.000,45.457
13619,2012-01-19 11:00:00.000,50.888000000000005
13620,2012-01-19 12:00:00.000,54.60299999999998
13621,2012-01-19 13:00:00.000,58.283999999999985
13622,2012-01-19 14:00:00.000,56.43699999999999
13623,2012-01-19 15:00:00.000,49.03700000000001
13624,2012-01-19 16:00:00.000,36.14399999999999
13625,2012-01-19 17:00:00.000,23.573
13626,2012-01-19 18:00:00.000,11.860000000000001
13627,2012-01-19 19:00:00.000,0.8560000000000004
13628,2012-01-19 20:00:00.000,0.0
13629,2012-01-19 21:00:00.000,0.0
13630,2012-01-19 22:00:00.000,0.0
13631,2012-01-19 23:00:00.000,0.0
13632,2012-01-20 00:00:00.000,0.0
13633,2012-01-20 01:00:00.000,0.0
13634,2012-01-20 02:00:00.000,0.0
13635,2012-01-20 03:00:00.000,0.0
13636,2012-01-20 04:00:00.000,0.0
13637,2012-01-20 05:00:00.000,0.0
13638,2012-01-20 06:00:00.000,0.28200000000000003
13639,2012-01-20 07:00:00.000,9.983000000000002
13640,2012-01-20 08:00:00.000,13.475
13641,2012-01-20 09:00:00.000,25.100999999999992
13642,2012-01-20 10:00:00.000,33.22999999999999
13643,2012-01-20 11:00:00.000,35.983999999999995
13644,2012-01-20 12:00:00.000,50.233999999999995
13645,2012-01-20 13:00:00.000,59.018
13646,2012-01-20 14:00:00.000,58.646
13647,2012-01-20 15:00:00.000,49.054
13648,2012-01-20 16:00:00.000,37.689
13649,2012-01-20 17:00:00.000,22.985
13650,2012-01-20 18:00:00.000,7.047999999999997
13651,2012-01-20 19:00:00.000,1.6559999999999995
13652,2012-01-20 20:00:00.000,0.0
13653,2012-01-20 21:00:00.000,0.0
13654,2012-01-20 22:00:00.000,0.0
13655,2012-01-20 23:00:00.000,0.0
13656,2012-01-21 00:00:00.000,0.0
13657,2012-01-21 01:00:00.000,0.0
13658,2012-01-21 02:00:00.000,0.0
13659,2012-01-21 03:00:00.000,0.0
13660,2012-01-21 04:00:00.000,0.0
13661,2012-01-21 05:00:00.000,0.0
13662,2012-01-21 06:00:00.000,0.6930000000000003
13663,2012-01-21 07:00:00.000,6.224000000000001
13664,2012-01-21 08:00:00.000,12.057
13665,2012-01-21 09:00:00.000,39.32300000000001
13666,2012-01-21 10:00:00.000,47.56499999999999
13667,2012-01-21 11:00:00.000,59.269000000000005
13668,2012-01-21 12:00:00.000,57.12799999999999
13669,2012-01-21 13:00:00.000,42.266
13670,2012-01-21 14:00:00.000,34.53900000000001
13671,2012-01-21 15:00:00.000,21.116999999999997
13672,2012-01-21 16:00:00.000,17.921999999999997
13673,2012-01-21 17:00:00.000,7.97
13674,2012-01-21 18:00:00.000,4.828000000000002
13675,2012-01-21 19:00:00.000,0.9500000000000004
13676,2012-01-21 20:00:00.000,0.0
13677,2012-01-21 21:00:00.000,0.0
13678,2012-01-21 22:00:00.000,0.0
13679,2012-01-21 23:00:00.000,0.0
13680,2012-01-22 00:00:00.000,0.0
13681,2012-01-22 01:00:00.000,0.0
13682,2012-01-22 02:00:00.000,0.0
13683,2012-01-22 03:00:00.000,0.0
13684,2012-01-22 04:00:00.000,0.0
13685,2012-01-22 05:00:00.000,0.0
13686,2012-01-22 06:00:00.000,1.3319999999999996
13687,2012-01-22 07:00:00.000,9.383000000000003
13688,2012-01-22 08:00:00.000,17.868999999999996
13689,2012-01-22 09:00:00.000,35.79399999999999
13690,2012-01-22 10:00:00.000,38.11699999999999
13691,2012-01-22 11:00:00.000,47.997999999999976
13692,2012-01-22 12:00:00.000,62.745000000000005
13693,2012-01-22 13:00:00.000,38.24100000000001
13694,2012-01-22 14:00:00.000,30.744000000000003
13695,2012-01-22 15:00:00.000,43.319999999999986
13696,2012-01-22 16:00:00.000,36.482
13697,2012-01-22 17:00:00.000,9.362
13698,2012-01-22 18:00:00.000,2.7969999999999997
13699,2012-01-22 19:00:00.000,0.25500000000000006
13700,2012-01-22 20:00:00.000,0.0
13701,2012-01-22 21:00:00.000,0.0
13702,2012-01-22 22:00:00.000,0.0
13703,2012-01-22 23:00:00.000,0.0
13704,2012-01-23 00:00:00.000,0.0
13705,2012-01-23 01:00:00.000,0.0
13706,2012-01-23 02:00:00.000,0.0
13707,2012-01-23 03:00:00.000,0.0
13708,2012-01-23 04:00:00.000,0.0
13709,2012-01-23 05:00:00.000,0.0
13710,2012-01-23 06:00:00.000,0.139
13711,2012-01-23 07:00:00.000,2.227
13712,2012-01-23 08:00:00.000,3.9120000000000004
13713,2012-01-23 09:00:00.000,6.944
13714,2012-01-23 10:00:00.000,16.250000000000004
13715,2012-01-23 11:00:00.000,28.809
13716,2012-01-23 12:00:00.000,20.947999999999997
13717,2012-01-23 13:00:00.000,32.089000000000006
13718,2012-01-23 14:00:00.000,56.522
13719,2012-01-23 15:00:00.000,43.22299999999999
13720,2012-01-23 16:00:00.000,28.942
13721,2012-01-23 17:00:00.000,21.397999999999996
13722,2012-01-23 18:00:00.000,10.443999999999996
13723,2012-01-23 19:00:00.000,1.6729999999999992
13724,2012-01-23 20:00:00.000,0.0
13725,2012-01-23 21:00:00.000,0.0
13726,2012-01-23 22:00:00.000,0.0
13727,2012-01-23 23:00:00.000,0.0
13728,2012-01-24 00:00:00.000,0.0
13729,2012-01-24 01:00:00.000,0.0
13730,2012-01-24 02:00:00.000,0.0
13731,2012-01-24 03:00:00.000,0.0
13732,2012-01-24 04:00:00.000,0.0
13733,2012-01-24 05:00:00.000,0.0
13734,2012-01-24 06:00:00.000,0.7120000000000003
13735,2012-01-24 07:00:00.000,5.363000000000001
13736,2012-01-24 08:00:00.000,12.319999999999999
13737,2012-01-24 09:00:00.000,28.998999999999995
13738,2012-01-24 10:00:00.000,30.319999999999997
13739,2012-01-24 11:00:00.000,23.808
13740,2012-01-24 12:00:00.000,28.994
13741,2012-01-24 13:00:00.000,21.327999999999996
13742,2012-01-24 14:00:00.000,17.483
13743,2012-01-24 15:00:00.000,22.514
13744,2012-01-24 16:00:00.000,17.475
13745,2012-01-24 17:00:00.000,13.39
13746,2012-01-24 18:00:00.000,5.599999999999999
13747,2012-01-24 19:00:00.000,0.9130000000000005
13748,2012-01-24 20:00:00.000,0.0
13749,2012-01-24 21:00:00.000,0.0
13750,2012-01-24 22:00:00.000,0.0
13751,2012-01-24 23:00:00.000,0.0
13752,2012-01-25 00:00:00.000,0.0
13753,2012-01-25 01:00:00.000,0.0
13754,2012-01-25 02:00:00.000,0.0
13755,2012-01-25 03:00:00.000,0.0
13756,2012-01-25 04:00:00.000,0.0
13757,2012-01-25 05:00:00.000,0.0
13758,2012-01-25 06:00:00.000,0.247
13759,2012-01-25 07:00:00.000,2.9519999999999995
13760,2012-01-25 08:00:00.000,10.599999999999998
13761,2012-01-25 09:00:00.000,12.001
13762,2012-01-25 10:00:00.000,11.133000000000003
13763,2012-01-25 11:00:00.000,9.733999999999998
13764,2012-01-25 12:00:00.000,7.178
13765,2012-01-25 13:00:00.000,8.655000000000003
13766,2012-01-25 14:00:00.000,8.238000000000001
13767,2012-01-25 15:00:00.000,8.326000000000002
13768,2012-01-25 16:00:00.000,6.998000000000001
13769,2012-01-25 17:00:00.000,4.316
13770,2012-01-25 18:00:00.000,1.09
13771,2012-01-25 19:00:00.000,0.039
13772,2012-01-25 20:00:00.000,0.0
13773,2012-01-25 21:00:00.000,0.0
13774,2012-01-25 22:00:00.000,0.0
13775,2012-01-25 23:00:00.000,0.0
13776,2012-01-26 00:00:00.000,0.0
13777,2012-01-26 01:00:00.000,0.0
13778,2012-01-26 02:00:00.000,0.0
13779,2012-01-26 03:00:00.000,0.0
13780,2012-01-26 04:00:00.000,0.0
13781,2012-01-26 05:00:00.000,0.0
13782,2012-01-26 06:00:00.000,0.45900000000000013
13783,2012-01-26 07:00:00.000,5.672000000000001
13784,2012-01-26 08:00:00.000,12.370000000000001
13785,2012-01-26 09:00:00.000,16.115000000000002
13786,2012-01-26 10:00:00.000,30.881999999999998
13787,2012-01-26 11:00:00.000,38.643
13788,2012-01-26 12:00:00.000,23.246
13789,2012-01-26 13:00:00.000,22.817000000000004
13790,2012-01-26 14:00:00.000,30.860000000000007
13791,2012-01-26 15:00:00.000,22.896
13792,2012-01-26 16:00:00.000,15.731999999999998
13793,2012-01-26 17:00:00.000,12.270000000000003
13794,2012-01-26 18:00:00.000,4.624
13795,2012-01-26 19:00:00.000,0.5840000000000002
13796,2012-01-26 20:00:00.000,0.0
13797,2012-01-26 21:00:00.000,0.0
13798,2012-01-26 22:00:00.000,0.0
13799,2012-01-26 23:00:00.000,0.0
13800,2012-01-27 00:00:00.000,0.0
13801,2012-01-27 01:00:00.000,0.0
13802,2012-01-27 02:00:00.000,0.0
13803,2012-01-27 03:00:00.000,0.0
13804,2012-01-27 04:00:00.000,0.0
13805,2012-01-27 05:00:00.000,0.0
13806,2012-01-27 06:00:00.000,1.164
13807,2012-01-27 07:00:00.000,9.469999999999999
13808,2012-01-27 08:00:00.000,21.491
13809,2012-01-27 09:00:00.000,31.647000000000002
13810,2012-01-27 10:00:00.000,48.138999999999996
13811,2012-01-27 11:00:00.000,58.797000000000004
13812,2012-01-27 12:00:00.000,60.99899999999998
13813,2012-01-27 13:00:00.000,60.05000000000001
13814,2012-01-27 14:00:00.000,54.294
13815,2012-01-27 15:00:00.000,45.041
13816,2012-01-27 16:00:00.000,30.519999999999996
13817,2012-01-27 17:00:00.000,11.501000000000003
13818,2012-01-27 18:00:00.000,3.352000000000001
13819,2012-01-27 19:00:00.000,0.21000000000000005
13820,2012-01-27 20:00:00.000,0.0
13821,2012-01-27 21:00:00.000,0.0
13822,2012-01-27 22:00:00.000,0.0
13823,2012-01-27 23:00:00.000,0.0
13824,2012-01-28 00:00:00.000,0.0
13825,2012-01-28 01:00:00.000,0.0
13826,2012-01-28 02:00:00.000,0.0
13827,2012-01-28 03:00:00.000,0.0
13828,2012-01-28 04:00:00.000,0.0
13829,2012-01-28 05:00:00.000,0.0
13830,2012-01-28 06:00:00.000,0.202
13831,2012-01-28 07:00:00.000,7.107000000000001
13832,2012-01-28 08:00:00.000,9.462
13833,2012-01-28 09:00:00.000,16.666000000000004
13834,2012-01-28 10:00:00.000,32.589
13835,2012-01-28 11:00:00.000,56.85
13836,2012-01-28 12:00:00.000,61.13999999999999
13837,2012-01-28 13:00:00.000,51.049
13838,2012-01-28 14:00:00.000,38.553999999999995
13839,2012-01-28 15:00:00.000,33.602000000000004
13840,2012-01-28 16:00:00.000,23.032
13841,2012-01-28 17:00:00.000,10.959000000000001
13842,2012-01-28 18:00:00.000,5.904000000000002
13843,2012-01-28 19:00:00.000,1.123
13844,2012-01-28 20:00:00.000,0.0
13845,2012-01-28 21:00:00.000,0.0
13846,2012-01-28 22:00:00.000,0.0
13847,2012-01-28 23:00:00.000,0.0
13848,2012-01-29 00:00:00.000,0.0
13849,2012-01-29 01:00:00.000,0.0
13850,2012-01-29 02:00:00.000,0.0
13851,2012-01-29 03:00:00.000,0.0
13852,2012-01-29 04:00:00.000,0.0
13853,2012-01-29 05:00:00.000,0.0
13854,2012-01-29 06:00:00.000,0.3500000000000001
13855,2012-01-29 07:00:00.000,4.591
13856,2012-01-29 08:00:00.000,10.033
13857,2012-01-29 09:00:00.000,21.638000000000005
13858,2012-01-29 10:00:00.000,32.138000000000005
13859,2012-01-29 11:00:00.000,45.883
13860,2012-01-29 12:00:00.000,60.59199999999999
13861,2012-01-29 13:00:00.000,48.18600000000001
13862,2012-01-29 14:00:00.000,30.648999999999997
13863,2012-01-29 15:00:00.000,14.869000000000002
13864,2012-01-29 16:00:00.000,13.89
13865,2012-01-29 17:00:00.000,15.122
13866,2012-01-29 18:00:00.000,5.656000000000002
13867,2012-01-29 19:00:00.000,0.8930000000000005
13868,2012-01-29 20:00:00.000,0.0
13869,2012-01-29 21:00:00.000,0.0
13870,2012-01-29 22:00:00.000,0.0
13871,2012-01-29 23:00:00.000,0.0
13872,2012-01-30 00:00:00.000,0.0
13873,2012-01-30 01:00:00.000,0.0
13874,2012-01-30 02:00:00.000,0.0
13875,2012-01-30 03:00:00.000,0.0
13876,2012-01-30 04:00:00.000,0.0
13877,2012-01-30 05:00:00.000,0.0
13878,2012-01-30 06:00:00.000,0.20900000000000005
13879,2012-01-30 07:00:00.000,3.731
13880,2012-01-30 08:00:00.000,9.051000000000002
13881,2012-01-30 09:00:00.000,19.353
13882,2012-01-30 10:00:00.000,36.711
13883,2012-01-30 11:00:00.000,55.578
13884,2012-01-30 12:00:00.000,50.93499999999999
13885,2012-01-30 13:00:00.000,51.148999999999994
13886,2012-01-30 14:00:00.000,17.747000000000003
13887,2012-01-30 15:00:00.000,39.51999999999999
13888,2012-01-30 16:00:00.000,23.317999999999998
13889,2012-01-30 17:00:00.000,17.143
13890,2012-01-30 18:00:00.000,6.420999999999998
13891,2012-01-30 19:00:00.000,0.15300000000000002
13892,2012-01-30 20:00:00.000,0.0
13893,2012-01-30 21:00:00.000,0.0
13894,2012-01-30 22:00:00.000,0.0
13895,2012-01-30 23:00:00.000,0.0
13896,2012-01-31 00:00:00.000,0.0
13897,2012-01-31 01:00:00.000,0.0
13898,2012-01-31 02:00:00.000,0.0
13899,2012-01-31 03:00:00.000,0.0
13900,2012-01-31 04:00:00.000,0.0
13901,2012-01-31 05:00:00.000,0.0
13902,2012-01-31 06:00:00.000,0.051
13903,2012-01-31 07:00:00.000,6.653
13904,2012-01-31 08:00:00.000,14.067000000000002
13905,2012-01-31 09:00:00.000,22.408
13906,2012-01-31 10:00:00.000,30.875000000000004
13907,2012-01-31 11:00:00.000,17.468000000000004
13908,2012-01-31 12:00:00.000,19.496000000000006
13909,2012-01-31 13:00:00.000,19.990000000000006
13910,2012-01-31 14:00:00.000,17.571999999999996
13911,2012-01-31 15:00:00.000,7.555999999999999
13912,2012-01-31 16:00:00.000,5.980999999999999
13913,2012-01-31 17:00:00.000,1.975
13914,2012-01-31 18:00:00.000,0.22200000000000003
13915,2012-01-31 19:00:00.000,0.0
13916,2012-01-31 20:00:00.000,0.0
13917,2012-01-31 21:00:00.000,0.0
13918,2012-01-31 22:00:00.000,0.0
13919,2012-01-31 23:00:00.000,0.0
13920,2012-02-01 00:00:00.000,0.0
13921,2012-02-01 01:00:00.000,0.0
13922,2012-02-01 02:00:00.000,0.0
13923,2012-02-01 03:00:00.000,0.0
13924,2012-02-01 04:00:00.000,0.0
13925,2012-02-01 05:00:00.000,0.0
13926,2012-02-01 06:00:00.000,0.0
13927,2012-02-01 07:00:00.000,0.101
13928,2012-02-01 08:00:00.000,2.0779999999999994
13929,2012-02-01 09:00:00.000,4.544
13930,2012-02-01 10:00:00.000,3.9580000000000006
13931,2012-02-01 11:00:00.000,7.391
13932,2012-02-01 12:00:00.000,9.139000000000001
13933,2012-02-01 13:00:00.000,9.773
13934,2012-02-01 14:00:00.000,7.225
13935,2012-02-01 15:00:00.000,7.648000000000001
13936,2012-02-01 16:00:00.000,5.805999999999998
13937,2012-02-01 17:00:00.000,2.2880000000000003
13938,2012-02-01 18:00:00.000,0.3750000000000001
13939,2012-02-01 19:00:00.000,0.0
13940,2012-02-01 20:00:00.000,0.0
13941,2012-02-01 21:00:00.000,0.0
13942,2012-02-01 22:00:00.000,0.0
13943,2012-02-01 23:00:00.000,0.0
13944,2012-02-02 00:00:00.000,0.0
13945,2012-02-02 01:00:00.000,0.0
13946,2012-02-02 02:00:00.000,0.0
13947,2012-02-02 03:00:00.000,0.0
13948,2012-02-02 04:00:00.000,0.0
13949,2012-02-02 05:00:00.000,0.0
13950,2012-02-02 06:00:00.000,0.0
13951,2012-02-02 07:00:00.000,0.12199999999999998
13952,2012-02-02 08:00:00.000,1.5659999999999996
13953,2012-02-02 09:00:00.000,3.197
13954,2012-02-02 10:00:00.000,7.772
13955,2012-02-02 11:00:00.000,5.453
13956,2012-02-02 12:00:00.000,8.377
13957,2012-02-02 13:00:00.000,9.570000000000004
13958,2012-02-02 14:00:00.000,10.101999999999999
13959,2012-02-02 15:00:00.000,7.7410000000000005
13960,2012-02-02 16:00:00.000,4.710000000000001
13961,2012-02-02 17:00:00.000,2.573
13962,2012-02-02 18:00:00.000,0.4910000000000001
13963,2012-02-02 19:00:00.000,0.0
13964,2012-02-02 20:00:00.000,0.0
13965,2012-02-02 21:00:00.000,0.0
13966,2012-02-02 22:00:00.000,0.0
13967,2012-02-02 23:00:00.000,0.0
13968,2012-02-03 00:00:00.000,0.0
13969,2012-02-03 01:00:00.000,0.0
13970,2012-02-03 02:00:00.000,0.0
13971,2012-02-03 03:00:00.000,0.0
13972,2012-02-03 04:00:00.000,0.0
13973,2012-02-03 05:00:00.000,0.0
13974,2012-02-03 06:00:00.000,0.0
13975,2012-02-03 07:00:00.000,0.32200000000000006
13976,2012-02-03 08:00:00.000,3.9550000000000014
13977,2012-02-03 09:00:00.000,9.877000000000002
13978,2012-02-03 10:00:00.000,13.067000000000002
13979,2012-02-03 11:00:00.000,14.302999999999997
13980,2012-02-03 12:00:00.000,34.33800000000001
13981,2012-02-03 13:00:00.000,25.923000000000005
13982,2012-02-03 14:00:00.000,25.197000000000003
13983,2012-02-03 15:00:00.000,19.287
13984,2012-02-03 16:00:00.000,12.79
13985,2012-02-03 17:00:00.000,9.888
13986,2012-02-03 18:00:00.000,3.6319999999999997
13987,2012-02-03 19:00:00.000,0.17600000000000002
13988,2012-02-03 20:00:00.000,0.0
13989,2012-02-03 21:00:00.000,0.0
13990,2012-02-03 22:00:00.000,0.0
13991,2012-02-03 23:00:00.000,0.0
13992,2012-02-04 00:00:00.000,0.0
13993,2012-02-04 01:00:00.000,0.0
13994,2012-02-04 02:00:00.000,0.0
13995,2012-02-04 03:00:00.000,0.0
13996,2012-02-04 04:00:00.000,0.0
13997,2012-02-04 05:00:00.000,0.0
13998,2012-02-04 06:00:00.000,0.107
13999,2012-02-04 07:00:00.000,4.453
14000,2012-02-04 08:00:00.000,16.158999999999995
14001,2012-02-04 09:00:00.000,16.478
14002,2012-02-04 10:00:00.000,24.393
14003,2012-02-04 11:00:00.000,22.404999999999998
14004,2012-02-04 12:00:00.000,29.057000000000006
14005,2012-02-04 13:00:00.000,45.23300000000001
14006,2012-02-04 14:00:00.000,54.42899999999998
14007,2012-02-04 15:00:00.000,50.114000000000004
14008,2012-02-04 16:00:00.000,40.314999999999976
14009,2012-02-04 17:00:00.000,23.604999999999997
14010,2012-02-04 18:00:00.000,9.616000000000003
14011,2012-02-04 19:00:00.000,1.3219999999999998
14012,2012-02-04 20:00:00.000,0.0
14013,2012-02-04 21:00:00.000,0.0
14014,2012-02-04 22:00:00.000,0.0
14015,2012-02-04 23:00:00.000,0.0
14016,2012-02-05 00:00:00.000,0.0
14017,2012-02-05 01:00:00.000,0.0
14018,2012-02-05 02:00:00.000,0.0
14019,2012-02-05 03:00:00.000,0.0
14020,2012-02-05 04:00:00.000,0.0
14021,2012-02-05 05:00:00.000,0.0
14022,2012-02-05 06:00:00.000,0.7780000000000001
14023,2012-02-05 07:00:00.000,9.440999999999999
14024,2012-02-05 08:00:00.000,22.809999999999995
14025,2012-02-05 09:00:00.000,26.677999999999997
14026,2012-02-05 10:00:00.000,39.253
14027,2012-02-05 11:00:00.000,47.41799999999999
14028,2012-02-05 12:00:00.000,59.233999999999995
14029,2012-02-05 13:00:00.000,64.25599999999999
14030,2012-02-05 14:00:00.000,59.56300000000001
14031,2012-02-05 15:00:00.000,51.870999999999995
14032,2012-02-05 16:00:00.000,40.39599999999998
14033,2012-02-05 17:00:00.000,23.751
14034,2012-02-05 18:00:00.000,9.519000000000002
14035,2012-02-05 19:00:00.000,1.167
14036,2012-02-05 20:00:00.000,0.0
14037,2012-02-05 21:00:00.000,0.0
14038,2012-02-05 22:00:00.000,0.0
14039,2012-02-05 23:00:00.000,0.0
14040,2012-02-06 00:00:00.000,0.0
14041,2012-02-06 01:00:00.000,0.0
14042,2012-02-06 02:00:00.000,0.0
14043,2012-02-06 03:00:00.000,0.0
14044,2012-02-06 04:00:00.000,0.0
14045,2012-02-06 05:00:00.000,0.0
14046,2012-02-06 06:00:00.000,0.6530000000000001
14047,2012-02-06 07:00:00.000,8.729000000000005
14048,2012-02-06 08:00:00.000,22.127999999999997
14049,2012-02-06 09:00:00.000,36.16
14050,2012-02-06 10:00:00.000,30.744000000000003
14051,2012-02-06 11:00:00.000,28.292999999999996
14052,2012-02-06 12:00:00.000,43.028
14053,2012-02-06 13:00:00.000,48.43200000000002
14054,2012-02-06 14:00:00.000,40.4
14055,2012-02-06 15:00:00.000,26.401999999999994
14056,2012-02-06 16:00:00.000,14.551999999999998
14057,2012-02-06 17:00:00.000,4.962999999999998
14058,2012-02-06 18:00:00.000,1.0520000000000003
14059,2012-02-06 19:00:00.000,0.0
14060,2012-02-06 20:00:00.000,0.0
14061,2012-02-06 21:00:00.000,0.0
14062,2012-02-06 22:00:00.000,0.0
14063,2012-02-06 23:00:00.000,0.0
14064,2012-02-07 00:00:00.000,0.0
14065,2012-02-07 01:00:00.000,0.0
14066,2012-02-07 02:00:00.000,0.0
14067,2012-02-07 03:00:00.000,0.0
14068,2012-02-07 04:00:00.000,0.0
14069,2012-02-07 05:00:00.000,0.0
14070,2012-02-07 06:00:00.000,0.0
14071,2012-02-07 07:00:00.000,0.7320000000000003
14072,2012-02-07 08:00:00.000,4.622
14073,2012-02-07 09:00:00.000,7.550000000000001
14074,2012-02-07 10:00:00.000,10.969
14075,2012-02-07 11:00:00.000,14.485000000000001
14076,2012-02-07 12:00:00.000,12.474
14077,2012-02-07 13:00:00.000,11.709000000000001
14078,2012-02-07 14:00:00.000,9.581000000000001
14079,2012-02-07 15:00:00.000,7.546999999999998
14080,2012-02-07 16:00:00.000,6.918000000000002
14081,2012-02-07 17:00:00.000,4.2940000000000005
14082,2012-02-07 18:00:00.000,0.8940000000000003
14083,2012-02-07 19:00:00.000,0.154
14084,2012-02-07 20:00:00.000,0.0
14085,2012-02-07 21:00:00.000,0.0
14086,2012-02-07 22:00:00.000,0.0
14087,2012-02-07 23:00:00.000,0.0
14088,2012-02-08 00:00:00.000,0.0
14089,2012-02-08 01:00:00.000,0.0
14090,2012-02-08 02:00:00.000,0.0
14091,2012-02-08 03:00:00.000,0.0
14092,2012-02-08 04:00:00.000,0.0
14093,2012-02-08 05:00:00.000,0.0
14094,2012-02-08 06:00:00.000,0.013
14095,2012-02-08 07:00:00.000,2.644
14096,2012-02-08 08:00:00.000,21.784
14097,2012-02-08 09:00:00.000,36.79199999999999
14098,2012-02-08 10:00:00.000,48.77899999999999
14099,2012-02-08 11:00:00.000,60.48599999999999
14100,2012-02-08 12:00:00.000,62.64799999999997
14101,2012-02-08 13:00:00.000,57.36000000000001
14102,2012-02-08 14:00:00.000,39.432
14103,2012-02-08 15:00:00.000,26.384000000000004
14104,2012-02-08 16:00:00.000,19.971000000000004
14105,2012-02-08 17:00:00.000,13.534000000000004
14106,2012-02-08 18:00:00.000,5.4719999999999995
14107,2012-02-08 19:00:00.000,0.5350000000000001
14108,2012-02-08 20:00:00.000,0.0
14109,2012-02-08 21:00:00.000,0.0
14110,2012-02-08 22:00:00.000,0.0
14111,2012-02-08 23:00:00.000,0.0
14112,2012-02-09 00:00:00.000,0.0
14113,2012-02-09 01:00:00.000,0.0
14114,2012-02-09 02:00:00.000,0.0
14115,2012-02-09 03:00:00.000,0.0
14116,2012-02-09 04:00:00.000,0.0
14117,2012-02-09 05:00:00.000,0.0
14118,2012-02-09 06:00:00.000,1.3319999999999992
14119,2012-02-09 07:00:00.000,8.716000000000001
14120,2012-02-09 08:00:00.000,19.628000000000004
14121,2012-02-09 09:00:00.000,37.04299999999999
14122,2012-02-09 10:00:00.000,50.28200000000001
14123,2012-02-09 11:00:00.000,48.100999999999985
14124,2012-02-09 12:00:00.000,63.002
14125,2012-02-09 13:00:00.000,64.17399999999999
14126,2012-02-09 14:00:00.000,58.12199999999999
14127,2012-02-09 15:00:00.000,52.837
14128,2012-02-09 16:00:00.000,41.437000000000005
14129,2012-02-09 17:00:00.000,23.558999999999994
14130,2012-02-09 18:00:00.000,9.837999999999997
14131,2012-02-09 19:00:00.000,0.251
14132,2012-02-09 20:00:00.000,0.0
14133,2012-02-09 21:00:00.000,0.0
14134,2012-02-09 22:00:00.000,0.0
14135,2012-02-09 23:00:00.000,0.0
14136,2012-02-10 00:00:00.000,0.0
14137,2012-02-10 01:00:00.000,0.0
14138,2012-02-10 02:00:00.000,0.0
14139,2012-02-10 03:00:00.000,0.0
14140,2012-02-10 04:00:00.000,0.0
14141,2012-02-10 05:00:00.000,0.0
14142,2012-02-10 06:00:00.000,0.096
14143,2012-02-10 07:00:00.000,8.056
14144,2012-02-10 08:00:00.000,19.04199999999999
14145,2012-02-10 09:00:00.000,31.556
14146,2012-02-10 10:00:00.000,18.733999999999998
14147,2012-02-10 11:00:00.000,50.52699999999999
14148,2012-02-10 12:00:00.000,49.096
14149,2012-02-10 13:00:00.000,33.879
14150,2012-02-10 14:00:00.000,56.24900000000001
14151,2012-02-10 15:00:00.000,16.003
14152,2012-02-10 16:00:00.000,1.0330000000000004
14153,2012-02-10 17:00:00.000,4.625000000000001
14154,2012-02-10 18:00:00.000,4.380000000000001
14155,2012-02-10 19:00:00.000,0.094
14156,2012-02-10 20:00:00.000,0.0
14157,2012-02-10 21:00:00.000,0.0
14158,2012-02-10 22:00:00.000,0.0
14159,2012-02-10 23:00:00.000,0.0
14160,2012-02-11 00:00:00.000,0.0
14161,2012-02-11 01:00:00.000,0.0
14162,2012-02-11 02:00:00.000,0.0
14163,2012-02-11 03:00:00.000,0.0
14164,2012-02-11 04:00:00.000,0.0
14165,2012-02-11 05:00:00.000,0.0
14166,2012-02-11 06:00:00.000,0.0
14167,2012-02-11 07:00:00.000,0.22200000000000006
14168,2012-02-11 08:00:00.000,10.185000000000002
14169,2012-02-11 09:00:00.000,22.856000000000005
14170,2012-02-11 10:00:00.000,49.48
14171,2012-02-11 11:00:00.000,59.373999999999995
14172,2012-02-11 12:00:00.000,57.621000000000016
14173,2012-02-11 13:00:00.000,61.01300000000001
14174,2012-02-11 14:00:00.000,59.879000000000005
14175,2012-02-11 15:00:00.000,28.19699999999999
14176,2012-02-11 16:00:00.000,12.772000000000002
14177,2012-02-11 17:00:00.000,12.049000000000001
14178,2012-02-11 18:00:00.000,8.271
14179,2012-02-11 19:00:00.000,0.8680000000000004
14180,2012-02-11 20:00:00.000,0.0
14181,2012-02-11 21:00:00.000,0.0
14182,2012-02-11 22:00:00.000,0.0
14183,2012-02-11 23:00:00.000,0.0
14184,2012-02-12 00:00:00.000,0.0
14185,2012-02-12 01:00:00.000,0.0
14186,2012-02-12 02:00:00.000,0.0
14187,2012-02-12 03:00:00.000,0.0
14188,2012-02-12 04:00:00.000,0.0
14189,2012-02-12 05:00:00.000,0.0
14190,2012-02-12 06:00:00.000,0.5720000000000001
14191,2012-02-12 07:00:00.000,8.841000000000001
14192,2012-02-12 08:00:00.000,23.17700000000001
14193,2012-02-12 09:00:00.000,37.520999999999994
14194,2012-02-12 10:00:00.000,44.645999999999994
14195,2012-02-12 11:00:00.000,52.783
14196,2012-02-12 12:00:00.000,59.707
14197,2012-02-12 13:00:00.000,63.928000000000004
14198,2012-02-12 14:00:00.000,60.58100000000001
14199,2012-02-12 15:00:00.000,53.163
14200,2012-02-12 16:00:00.000,41.102000000000004
14201,2012-02-12 17:00:00.000,21.184
14202,2012-02-12 18:00:00.000,6.49
14203,2012-02-12 19:00:00.000,0.0
14204,2012-02-12 20:00:00.000,0.0
14205,2012-02-12 21:00:00.000,0.0
14206,2012-02-12 22:00:00.000,0.0
14207,2012-02-12 23:00:00.000,0.0
14208,2012-02-13 00:00:00.000,0.0
14209,2012-02-13 01:00:00.000,0.0
14210,2012-02-13 02:00:00.000,0.0
14211,2012-02-13 03:00:00.000,0.0
14212,2012-02-13 04:00:00.000,0.0
14213,2012-02-13 05:00:00.000,0.0
14214,2012-02-13 06:00:00.000,0.14500000000000002
14215,2012-02-13 07:00:00.000,6.135000000000001
14216,2012-02-13 08:00:00.000,19.149000000000008
14217,2012-02-13 09:00:00.000,35.041999999999994
14218,2012-02-13 10:00:00.000,32.16199999999999
14219,2012-02-13 11:00:00.000,30.436000000000003
14220,2012-02-13 12:00:00.000,22.337999999999994
14221,2012-02-13 13:00:00.000,23.367
14222,2012-02-13 14:00:00.000,47.010999999999996
14223,2012-02-13 15:00:00.000,28.875
14224,2012-02-13 16:00:00.000,31.910999999999998
14225,2012-02-13 17:00:00.000,15.42
14226,2012-02-13 18:00:00.000,2.1669999999999994
14227,2012-02-13 19:00:00.000,0.0
14228,2012-02-13 20:00:00.000,0.0
14229,2012-02-13 21:00:00.000,0.0
14230,2012-02-13 22:00:00.000,0.0
14231,2012-02-13 23:00:00.000,0.0
14232,2012-02-14 00:00:00.000,0.0
14233,2012-02-14 01:00:00.000,0.0
14234,2012-02-14 02:00:00.000,0.0
14235,2012-02-14 03:00:00.000,0.0
14236,2012-02-14 04:00:00.000,0.0
14237,2012-02-14 05:00:00.000,0.0
14238,2012-02-14 06:00:00.000,0.0
14239,2012-02-14 07:00:00.000,0.3610000000000001
14240,2012-02-14 08:00:00.000,2.8249999999999997
14241,2012-02-14 09:00:00.000,25.905000000000005
14242,2012-02-14 10:00:00.000,40.613
14243,2012-02-14 11:00:00.000,56.25
14244,2012-02-14 12:00:00.000,59.020999999999994
14245,2012-02-14 13:00:00.000,61.700999999999986
14246,2012-02-14 14:00:00.000,59.93300000000001
14247,2012-02-14 15:00:00.000,48.56200000000001
14248,2012-02-14 16:00:00.000,32.72600000000001
14249,2012-02-14 17:00:00.000,16.195
14250,2012-02-14 18:00:00.000,8.081000000000001
14251,2012-02-14 19:00:00.000,0.4290000000000001
14252,2012-02-14 20:00:00.000,0.0
14253,2012-02-14 21:00:00.000,0.0
14254,2012-02-14 22:00:00.000,0.0
14255,2012-02-14 23:00:00.000,0.0
14256,2012-02-15 00:00:00.000,0.0
14257,2012-02-15 01:00:00.000,0.0
14258,2012-02-15 02:00:00.000,0.0
14259,2012-02-15 03:00:00.000,0.0
14260,2012-02-15 04:00:00.000,0.0
14261,2012-02-15 05:00:00.000,0.0
14262,2012-02-15 06:00:00.000,0.0
14263,2012-02-15 07:00:00.000,1.682
14264,2012-02-15 08:00:00.000,5.673
14265,2012-02-15 09:00:00.000,13.567000000000002
14266,2012-02-15 10:00:00.000,30.792999999999996
14267,2012-02-15 11:00:00.000,35.323999999999984
14268,2012-02-15 12:00:00.000,40.334
14269,2012-02-15 13:00:00.000,49.81000000000001
14270,2012-02-15 14:00:00.000,58.001999999999995
14271,2012-02-15 15:00:00.000,51.129999999999995
14272,2012-02-15 16:00:00.000,40.195
14273,2012-02-15 17:00:00.000,22.009999999999994
14274,2012-02-15 18:00:00.000,8.29
14275,2012-02-15 19:00:00.000,0.7400000000000001
14276,2012-02-15 20:00:00.000,0.0
14277,2012-02-15 21:00:00.000,0.0
14278,2012-02-15 22:00:00.000,0.0
14279,2012-02-15 23:00:00.000,0.0
14280,2012-02-16 00:00:00.000,0.0
14281,2012-02-16 01:00:00.000,0.0
14282,2012-02-16 02:00:00.000,0.0
14283,2012-02-16 03:00:00.000,0.0
14284,2012-02-16 04:00:00.000,0.0
14285,2012-02-16 05:00:00.000,0.0
14286,2012-02-16 06:00:00.000,0.378
14287,2012-02-16 07:00:00.000,7.781999999999999
14288,2012-02-16 08:00:00.000,22.241999999999994
14289,2012-02-16 09:00:00.000,36.081
14290,2012-02-16 10:00:00.000,45.45699999999999
14291,2012-02-16 11:00:00.000,55.78099999999999
14292,2012-02-16 12:00:00.000,60.765
14293,2012-02-16 13:00:00.000,66.568
14294,2012-02-16 14:00:00.000,61.769000000000005
14295,2012-02-16 15:00:00.000,53.861999999999995
14296,2012-02-16 16:00:00.000,40.018
14297,2012-02-16 17:00:00.000,19.90500000000001
14298,2012-02-16 18:00:00.000,10.347
14299,2012-02-16 19:00:00.000,1.0270000000000001
14300,2012-02-16 20:00:00.000,0.0
14301,2012-02-16 21:00:00.000,0.0
14302,2012-02-16 22:00:00.000,0.0
14303,2012-02-16 23:00:00.000,0.0
14304,2012-02-17 00:00:00.000,0.0
14305,2012-02-17 01:00:00.000,0.0
14306,2012-02-17 02:00:00.000,0.0
14307,2012-02-17 03:00:00.000,0.0
14308,2012-02-17 04:00:00.000,0.0
14309,2012-02-17 05:00:00.000,0.0
14310,2012-02-17 06:00:00.000,0.395
14311,2012-02-17 07:00:00.000,8.232000000000001
14312,2012-02-17 08:00:00.000,22.506999999999994
14313,2012-02-17 09:00:00.000,38.07000000000001
14314,2012-02-17 10:00:00.000,51.52700000000001
14315,2012-02-17 11:00:00.000,59.43299999999998
14316,2012-02-17 12:00:00.000,63.55200000000001
14317,2012-02-17 13:00:00.000,64.532
14318,2012-02-17 14:00:00.000,44.99700000000001
14319,2012-02-17 15:00:00.000,49.40099999999999
14320,2012-02-17 16:00:00.000,28.647999999999996
14321,2012-02-17 17:00:00.000,15.847
14322,2012-02-17 18:00:00.000,7.1850000000000005
14323,2012-02-17 19:00:00.000,0.114
14324,2012-02-17 20:00:00.000,0.0
14325,2012-02-17 21:00:00.000,0.0
14326,2012-02-17 22:00:00.000,0.0
14327,2012-02-17 23:00:00.000,0.0
14328,2012-02-18 00:00:00.000,0.0
14329,2012-02-18 01:00:00.000,0.0
14330,2012-02-18 02:00:00.000,0.0
14331,2012-02-18 03:00:00.000,0.0
14332,2012-02-18 04:00:00.000,0.0
14333,2012-02-18 05:00:00.000,0.0
14334,2012-02-18 06:00:00.000,0.265
14335,2012-02-18 07:00:00.000,9.654000000000005
14336,2012-02-18 08:00:00.000,20.30800000000001
14337,2012-02-18 09:00:00.000,34.508
14338,2012-02-18 10:00:00.000,48.306
14339,2012-02-18 11:00:00.000,53.467000000000006
14340,2012-02-18 12:00:00.000,60.77900000000001
14341,2012-02-18 13:00:00.000,60.544
14342,2012-02-18 14:00:00.000,55.873
14343,2012-02-18 15:00:00.000,47.477
14344,2012-02-18 16:00:00.000,32.053999999999995
14345,2012-02-18 17:00:00.000,11.252999999999998
14346,2012-02-18 18:00:00.000,1.2529999999999997
14347,2012-02-18 19:00:00.000,0.0
14348,2012-02-18 20:00:00.000,0.0
14349,2012-02-18 21:00:00.000,0.0
14350,2012-02-18 22:00:00.000,0.0
14351,2012-02-18 23:00:00.000,0.0
14352,2012-02-19 00:00:00.000,0.0
14353,2012-02-19 01:00:00.000,0.0
14354,2012-02-19 02:00:00.000,0.0
14355,2012-02-19 03:00:00.000,0.0
14356,2012-02-19 04:00:00.000,0.0
14357,2012-02-19 05:00:00.000,0.0
14358,2012-02-19 06:00:00.000,0.17100000000000004
14359,2012-02-19 07:00:00.000,5.258
14360,2012-02-19 08:00:00.000,20.200999999999993
14361,2012-02-19 09:00:00.000,33.184
14362,2012-02-19 10:00:00.000,42.798
14363,2012-02-19 11:00:00.000,48.43299999999999
14364,2012-02-19 12:00:00.000,56.35600000000001
14365,2012-02-19 13:00:00.000,61.299
14366,2012-02-19 14:00:00.000,55.811000000000014
14367,2012-02-19 15:00:00.000,49.24299999999999
14368,2012-02-19 16:00:00.000,33.913000000000004
14369,2012-02-19 17:00:00.000,17.796
14370,2012-02-19 18:00:00.000,4.343999999999999
14371,2012-02-19 19:00:00.000,0.039
14372,2012-02-19 20:00:00.000,0.0
14373,2012-02-19 21:00:00.000,0.0
14374,2012-02-19 22:00:00.000,0.0
14375,2012-02-19 23:00:00.000,0.0
14376,2012-02-20 00:00:00.000,0.0
14377,2012-02-20 01:00:00.000,0.0
14378,2012-02-20 02:00:00.000,0.0
14379,2012-02-20 03:00:00.000,0.0
14380,2012-02-20 04:00:00.000,0.0
14381,2012-02-20 05:00:00.000,0.0
14382,2012-02-20 06:00:00.000,0.0
14383,2012-02-20 07:00:00.000,5.65
14384,2012-02-20 08:00:00.000,17.038999999999998
14385,2012-02-20 09:00:00.000,33.96999999999999
14386,2012-02-20 10:00:00.000,46.172000000000004
14387,2012-02-20 11:00:00.000,54.094
14388,2012-02-20 12:00:00.000,61.38200000000001
14389,2012-02-20 13:00:00.000,62.14499999999999
14390,2012-02-20 14:00:00.000,49.03
14391,2012-02-20 15:00:00.000,28.235999999999994
14392,2012-02-20 16:00:00.000,10.790999999999999
14393,2012-02-20 17:00:00.000,2.8429999999999995
14394,2012-02-20 18:00:00.000,1.233
14395,2012-02-20 19:00:00.000,0.0
14396,2012-02-20 20:00:00.000,0.0
14397,2012-02-20 21:00:00.000,0.0
14398,2012-02-20 22:00:00.000,0.0
14399,2012-02-20 23:00:00.000,0.0
14400,2012-02-21 00:00:00.000,0.0
14401,2012-02-21 01:00:00.000,0.0
14402,2012-02-21 02:00:00.000,0.0
14403,2012-02-21 03:00:00.000,0.0
14404,2012-02-21 04:00:00.000,0.0
14405,2012-02-21 05:00:00.000,0.0
14406,2012-02-21 06:00:00.000,0.0
14407,2012-02-21 07:00:00.000,0.12
14408,2012-02-21 08:00:00.000,2.512
14409,2012-02-21 09:00:00.000,9.559999999999997
14410,2012-02-21 10:00:00.000,11.619999999999997
14411,2012-02-21 11:00:00.000,36.67900000000001
14412,2012-02-21 12:00:00.000,42.292
14413,2012-02-21 13:00:00.000,35.793000000000006
14414,2012-02-21 14:00:00.000,33.315999999999995
14415,2012-02-21 15:00:00.000,32.056999999999995
14416,2012-02-21 16:00:00.000,16.825
14417,2012-02-21 17:00:00.000,9.932999999999998
14418,2012-02-21 18:00:00.000,4.210000000000001
14419,2012-02-21 19:00:00.000,0.4510000000000002
14420,2012-02-21 20:00:00.000,0.0
14421,2012-02-21 21:00:00.000,0.0
14422,2012-02-21 22:00:00.000,0.0
14423,2012-02-21 23:00:00.000,0.0
14424,2012-02-22 00:00:00.000,0.0
14425,2012-02-22 01:00:00.000,0.0
14426,2012-02-22 02:00:00.000,0.0
14427,2012-02-22 03:00:00.000,0.0
14428,2012-02-22 04:00:00.000,0.0
14429,2012-02-22 05:00:00.000,0.0
14430,2012-02-22 06:00:00.000,0.039
14431,2012-02-22 07:00:00.000,4.815
14432,2012-02-22 08:00:00.000,11.038999999999998
14433,2012-02-22 09:00:00.000,26.080999999999996
14434,2012-02-22 10:00:00.000,45.946
14435,2012-02-22 11:00:00.000,48.17799999999998
14436,2012-02-22 12:00:00.000,48.705000000000005
14437,2012-02-22 13:00:00.000,31.471
14438,2012-02-22 14:00:00.000,31.834999999999994
14439,2012-02-22 15:00:00.000,25.798
14440,2012-02-22 16:00:00.000,22.230000000000004
14441,2012-02-22 17:00:00.000,20.451999999999998
14442,2012-02-22 18:00:00.000,7.281000000000001
14443,2012-02-22 19:00:00.000,0.6860000000000003
14444,2012-02-22 20:00:00.000,0.0
14445,2012-02-22 21:00:00.000,0.0
14446,2012-02-22 22:00:00.000,0.0
14447,2012-02-22 23:00:00.000,0.0
14448,2012-02-23 00:00:00.000,0.0
14449,2012-02-23 01:00:00.000,0.0
14450,2012-02-23 02:00:00.000,0.0
14451,2012-02-23 03:00:00.000,0.0
14452,2012-02-23 04:00:00.000,0.0
14453,2012-02-23 05:00:00.000,0.0
14454,2012-02-23 06:00:00.000,0.182
14455,2012-02-23 07:00:00.000,7.318000000000001
14456,2012-02-23 08:00:00.000,21.252000000000006
14457,2012-02-23 09:00:00.000,34.49600000000001
14458,2012-02-23 10:00:00.000,44.618
14459,2012-02-23 11:00:00.000,53.91499999999999
14460,2012-02-23 12:00:00.000,62.19400000000001
14461,2012-02-23 13:00:00.000,63.20399999999999
14462,2012-02-23 14:00:00.000,59.21899999999999
14463,2012-02-23 15:00:00.000,51.24299999999999
14464,2012-02-23 16:00:00.000,38.427
14465,2012-02-23 17:00:00.000,20.372
14466,2012-02-23 18:00:00.000,7.0489999999999995
14467,2012-02-23 19:00:00.000,0.3020000000000001
14468,2012-02-23 20:00:00.000,0.0
14469,2012-02-23 21:00:00.000,0.0
14470,2012-02-23 22:00:00.000,0.0
14471,2012-02-23 23:00:00.000,0.0
14472,2012-02-24 00:00:00.000,0.0
14473,2012-02-24 01:00:00.000,0.0
14474,2012-02-24 02:00:00.000,0.0
14475,2012-02-24 03:00:00.000,0.0
14476,2012-02-24 04:00:00.000,0.0
14477,2012-02-24 05:00:00.000,0.0
14478,2012-02-24 06:00:00.000,0.219
14479,2012-02-24 07:00:00.000,6.797
14480,2012-02-24 08:00:00.000,21.188
14481,2012-02-24 09:00:00.000,36.30199999999999
14482,2012-02-24 10:00:00.000,50.234
14483,2012-02-24 11:00:00.000,58.70799999999999
14484,2012-02-24 12:00:00.000,63.577000000000005
14485,2012-02-24 13:00:00.000,63.92100000000001
14486,2012-02-24 14:00:00.000,59.922000000000004
14487,2012-02-24 15:00:00.000,51.91699999999999
14488,2012-02-24 16:00:00.000,39.13199999999999
14489,2012-02-24 17:00:00.000,20.732000000000006
14490,2012-02-24 18:00:00.000,7.126999999999999
14491,2012-02-24 19:00:00.000,0.359
14492,2012-02-24 20:00:00.000,0.0
14493,2012-02-24 21:00:00.000,0.0
14494,2012-02-24 22:00:00.000,0.0
14495,2012-02-24 23:00:00.000,0.0
14496,2012-02-25 00:00:00.000,0.0
14497,2012-02-25 01:00:00.000,0.0
14498,2012-02-25 02:00:00.000,0.0
14499,2012-02-25 03:00:00.000,0.0
14500,2012-02-25 04:00:00.000,0.0
14501,2012-02-25 05:00:00.000,0.0
14502,2012-02-25 06:00:00.000,0.226
14503,2012-02-25 07:00:00.000,7.551000000000001
14504,2012-02-25 08:00:00.000,22.002999999999993
14505,2012-02-25 09:00:00.000,37.395
14506,2012-02-25 10:00:00.000,46.79199999999999
14507,2012-02-25 11:00:00.000,51.072
14508,2012-02-25 12:00:00.000,56.43799999999999
14509,2012-02-25 13:00:00.000,63.76500000000001
14510,2012-02-25 14:00:00.000,60.821
14511,2012-02-25 15:00:00.000,48.23000000000001
14512,2012-02-25 16:00:00.000,26.757999999999996
14513,2012-02-25 17:00:00.000,14.755
14514,2012-02-25 18:00:00.000,4.040000000000001
14515,2012-02-25 19:00:00.000,0.056999999999999995
14516,2012-02-25 20:00:00.000,0.0
14517,2012-02-25 21:00:00.000,0.0
14518,2012-02-25 22:00:00.000,0.0
14519,2012-02-25 23:00:00.000,0.0
14520,2012-02-26 00:00:00.000,0.0
14521,2012-02-26 01:00:00.000,0.0
14522,2012-02-26 02:00:00.000,0.0
14523,2012-02-26 03:00:00.000,0.0
14524,2012-02-26 04:00:00.000,0.0
14525,2012-02-26 05:00:00.000,0.0
14526,2012-02-26 06:00:00.000,0.019
14527,2012-02-26 07:00:00.000,5.842999999999999
14528,2012-02-26 08:00:00.000,17.973000000000003
14529,2012-02-26 09:00:00.000,24.329000000000004
14530,2012-02-26 10:00:00.000,29.808999999999997
14531,2012-02-26 11:00:00.000,21.85700000000001
14532,2012-02-26 12:00:00.000,42.169
14533,2012-02-26 13:00:00.000,35.044999999999995
14534,2012-02-26 14:00:00.000,20.652999999999995
14535,2012-02-26 15:00:00.000,15.965000000000003
14536,2012-02-26 16:00:00.000,15.997000000000002
14537,2012-02-26 17:00:00.000,5.0969999999999995
14538,2012-02-26 18:00:00.000,2.513
14539,2012-02-26 19:00:00.000,0.057999999999999996
14540,2012-02-26 20:00:00.000,0.0
14541,2012-02-26 21:00:00.000,0.0
14542,2012-02-26 22:00:00.000,0.0
14543,2012-02-26 23:00:00.000,0.0
14544,2012-02-27 00:00:00.000,0.0
14545,2012-02-27 01:00:00.000,0.0
14546,2012-02-27 02:00:00.000,0.0
14547,2012-02-27 03:00:00.000,0.0
14548,2012-02-27 04:00:00.000,0.0
14549,2012-02-27 05:00:00.000,0.0
14550,2012-02-27 06:00:00.000,0.0
14551,2012-02-27 07:00:00.000,2.138
14552,2012-02-27 08:00:00.000,9.894000000000002
14553,2012-02-27 09:00:00.000,20.485
14554,2012-02-27 10:00:00.000,22.881999999999998
14555,2012-02-27 11:00:00.000,31.862
14556,2012-02-27 12:00:00.000,36.094
14557,2012-02-27 13:00:00.000,36.32199999999999
14558,2012-02-27 14:00:00.000,46.79199999999999
14559,2012-02-27 15:00:00.000,37.61599999999999
14560,2012-02-27 16:00:00.000,26.423
14561,2012-02-27 17:00:00.000,9.998000000000003
14562,2012-02-27 18:00:00.000,2.9249999999999994
14563,2012-02-27 19:00:00.000,0.0
14564,2012-02-27 20:00:00.000,0.0
14565,2012-02-27 21:00:00.000,0.0
14566,2012-02-27 22:00:00.000,0.0
14567,2012-02-27 23:00:00.000,0.0
14568,2012-02-28 00:00:00.000,0.0
14569,2012-02-28 01:00:00.000,0.0
14570,2012-02-28 02:00:00.000,0.0
14571,2012-02-28 03:00:00.000,0.0
14572,2012-02-28 04:00:00.000,0.0
14573,2012-02-28 05:00:00.000,0.0
14574,2012-02-28 06:00:00.000,0.0
14575,2012-02-28 07:00:00.000,4.847
14576,2012-02-28 08:00:00.000,10.222
14577,2012-02-28 09:00:00.000,27.471999999999998
14578,2012-02-28 10:00:00.000,47.746
14579,2012-02-28 11:00:00.000,55.64899999999999
14580,2012-02-28 12:00:00.000,55.422
14581,2012-02-28 13:00:00.000,51.05399999999999
14582,2012-02-28 14:00:00.000,38.863
14583,2012-02-28 15:00:00.000,29.67399999999999
14584,2012-02-28 16:00:00.000,21.056999999999995
14585,2012-02-28 17:00:00.000,10.365000000000002
14586,2012-02-28 18:00:00.000,3.337
14587,2012-02-28 19:00:00.000,0.045
14588,2012-02-28 20:00:00.000,0.0
14589,2012-02-28 21:00:00.000,0.0
14590,2012-02-28 22:00:00.000,0.0
14591,2012-02-28 23:00:00.000,0.0
14592,2012-02-29 00:00:00.000,0.0
14593,2012-02-29 01:00:00.000,0.0
14594,2012-02-29 02:00:00.000,0.0
14595,2012-02-29 03:00:00.000,0.0
14596,2012-02-29 04:00:00.000,0.0
14597,2012-02-29 05:00:00.000,0.0
14598,2012-02-29 06:00:00.000,0.0
14599,2012-02-29 07:00:00.000,5.3229999999999995
14600,2012-02-29 08:00:00.000,10.213999999999999
14601,2012-02-29 09:00:00.000,10.744000000000002
14602,2012-02-29 10:00:00.000,24.150999999999993
14603,2012-02-29 11:00:00.000,29.266
14604,2012-02-29 12:00:00.000,30.973
14605,2012-02-29 13:00:00.000,23.130000000000003
14606,2012-02-29 14:00:00.000,13.711999999999998
14607,2012-02-29 15:00:00.000,8.831999999999999
14608,2012-02-29 16:00:00.000,10.652
14609,2012-02-29 17:00:00.000,7.118999999999999
14610,2012-02-29 18:00:00.000,1.0770000000000002
14611,2012-02-29 19:00:00.000,0.0
14612,2012-02-29 20:00:00.000,0.0
14613,2012-02-29 21:00:00.000,0.0
14614,2012-02-29 22:00:00.000,0.0
14615,2012-02-29 23:00:00.000,0.0
14616,2012-03-01 00:00:00.000,0.0
14617,2012-03-01 01:00:00.000,0.0
14618,2012-03-01 02:00:00.000,0.0
14619,2012-03-01 03:00:00.000,0.0
14620,2012-03-01 04:00:00.000,0.0
14621,2012-03-01 05:00:00.000,0.0
14622,2012-03-01 06:00:00.000,0.0
14623,2012-03-01 07:00:00.000,2.2199999999999998
14624,2012-03-01 08:00:00.000,13.451
14625,2012-03-01 09:00:00.000,31.277000000000005
14626,2012-03-01 10:00:00.000,47.91299999999999
14627,2012-03-01 11:00:00.000,53.88499999999999
14628,2012-03-01 12:00:00.000,48.19400000000001
14629,2012-03-01 13:00:00.000,38.67799999999999
14630,2012-03-01 14:00:00.000,48.24700000000001
14631,2012-03-01 15:00:00.000,41.848000000000006
14632,2012-03-01 16:00:00.000,16.335
14633,2012-03-01 17:00:00.000,8.236
14634,2012-03-01 18:00:00.000,0.051000000000000004
14635,2012-03-01 19:00:00.000,0.0
14636,2012-03-01 20:00:00.000,0.0
14637,2012-03-01 21:00:00.000,0.0
14638,2012-03-01 22:00:00.000,0.0
14639,2012-03-01 23:00:00.000,0.0
14640,2012-03-02 00:00:00.000,0.0
14641,2012-03-02 01:00:00.000,0.0
14642,2012-03-02 02:00:00.000,0.0
14643,2012-03-02 03:00:00.000,0.0
14644,2012-03-02 04:00:00.000,0.0
14645,2012-03-02 05:00:00.000,0.0
14646,2012-03-02 06:00:00.000,0.0
14647,2012-03-02 07:00:00.000,0.0
14648,2012-03-02 08:00:00.000,1.2069999999999999
14649,2012-03-02 09:00:00.000,4.975000000000001
14650,2012-03-02 10:00:00.000,8.422
14651,2012-03-02 11:00:00.000,15.637000000000002
14652,2012-03-02 12:00:00.000,14.692999999999994
14653,2012-03-02 13:00:00.000,9.76
14654,2012-03-02 14:00:00.000,11.074
14655,2012-03-02 15:00:00.000,7.455000000000001
14656,2012-03-02 16:00:00.000,3.0860000000000003
14657,2012-03-02 17:00:00.000,2.1729999999999996
14658,2012-03-02 18:00:00.000,0.09999999999999999
14659,2012-03-02 19:00:00.000,0.0
14660,2012-03-02 20:00:00.000,0.0
14661,2012-03-02 21:00:00.000,0.0
14662,2012-03-02 22:00:00.000,0.0
14663,2012-03-02 23:00:00.000,0.0
14664,2012-03-03 00:00:00.000,0.0
14665,2012-03-03 01:00:00.000,0.0
14666,2012-03-03 02:00:00.000,0.0
14667,2012-03-03 03:00:00.000,0.0
14668,2012-03-03 04:00:00.000,0.0
14669,2012-03-03 05:00:00.000,0.0
14670,2012-03-03 06:00:00.000,0.0
14671,2012-03-03 07:00:00.000,1.0550000000000002
14672,2012-03-03 08:00:00.000,4.761000000000001
14673,2012-03-03 09:00:00.000,7.186000000000001
14674,2012-03-03 10:00:00.000,7.68
14675,2012-03-03 11:00:00.000,6.183999999999998
14676,2012-03-03 12:00:00.000,9.498999999999999
14677,2012-03-03 13:00:00.000,7.752000000000001
14678,2012-03-03 14:00:00.000,8.772000000000002
14679,2012-03-03 15:00:00.000,6.616
14680,2012-03-03 16:00:00.000,2.196
14681,2012-03-03 17:00:00.000,2.1480000000000006
14682,2012-03-03 18:00:00.000,0.17200000000000001
14683,2012-03-03 19:00:00.000,0.0
14684,2012-03-03 20:00:00.000,0.0
14685,2012-03-03 21:00:00.000,0.0
14686,2012-03-03 22:00:00.000,0.0
14687,2012-03-03 23:00:00.000,0.0
14688,2012-03-04 00:00:00.000,0.0
14689,2012-03-04 01:00:00.000,0.0
14690,2012-03-04 02:00:00.000,0.0
14691,2012-03-04 03:00:00.000,0.0
14692,2012-03-04 04:00:00.000,0.0
14693,2012-03-04 05:00:00.000,0.0
14694,2012-03-04 06:00:00.000,0.0
14695,2012-03-04 07:00:00.000,5.4510000000000005
14696,2012-03-04 08:00:00.000,19.061999999999998
14697,2012-03-04 09:00:00.000,35.388
14698,2012-03-04 10:00:00.000,49.23199999999999
14699,2012-03-04 11:00:00.000,57.155000000000015
14700,2012-03-04 12:00:00.000,61.004999999999995
14701,2012-03-04 13:00:00.000,60.019999999999996
14702,2012-03-04 14:00:00.000,55.67399999999998
14703,2012-03-04 15:00:00.000,48.050999999999995
14704,2012-03-04 16:00:00.000,33.905
14705,2012-03-04 17:00:00.000,18.959000000000007
14706,2012-03-04 18:00:00.000,4.5729999999999995
14707,2012-03-04 19:00:00.000,0.0
14708,2012-03-04 20:00:00.000,0.0
14709,2012-03-04 21:00:00.000,0.0
14710,2012-03-04 22:00:00.000,0.0
14711,2012-03-04 23:00:00.000,0.0
14712,2012-03-05 00:00:00.000,0.0
14713,2012-03-05 01:00:00.000,0.0
14714,2012-03-05 02:00:00.000,0.0
14715,2012-03-05 03:00:00.000,0.0
14716,2012-03-05 04:00:00.000,0.0
14717,2012-03-05 05:00:00.000,0.0
14718,2012-03-05 06:00:00.000,0.0
14719,2012-03-05 07:00:00.000,0.126
14720,2012-03-05 08:00:00.000,2.019
14721,2012-03-05 09:00:00.000,4.202999999999999
14722,2012-03-05 10:00:00.000,7.305000000000001
14723,2012-03-05 11:00:00.000,9.099
14724,2012-03-05 12:00:00.000,19.793999999999997
14725,2012-03-05 13:00:00.000,36.136
14726,2012-03-05 14:00:00.000,58.752
14727,2012-03-05 15:00:00.000,50.997
14728,2012-03-05 16:00:00.000,36.63899999999999
14729,2012-03-05 17:00:00.000,18.514000000000006
14730,2012-03-05 18:00:00.000,5.143999999999999
14731,2012-03-05 19:00:00.000,0.013
14732,2012-03-05 20:00:00.000,0.0
14733,2012-03-05 21:00:00.000,0.0
14734,2012-03-05 22:00:00.000,0.0
14735,2012-03-05 23:00:00.000,0.0
14736,2012-03-06 00:00:00.000,0.0
14737,2012-03-06 01:00:00.000,0.0
14738,2012-03-06 02:00:00.000,0.0
14739,2012-03-06 03:00:00.000,0.0
14740,2012-03-06 04:00:00.000,0.0
14741,2012-03-06 05:00:00.000,0.0
14742,2012-03-06 06:00:00.000,0.013
14743,2012-03-06 07:00:00.000,5.554000000000001
14744,2012-03-06 08:00:00.000,19.498000000000005
14745,2012-03-06 09:00:00.000,36.1
14746,2012-03-06 10:00:00.000,49.92100000000001
14747,2012-03-06 11:00:00.000,58.61900000000001
14748,2012-03-06 12:00:00.000,60.501
14749,2012-03-06 13:00:00.000,57.002
14750,2012-03-06 14:00:00.000,50.397
14751,2012-03-06 15:00:00.000,44.702
14752,2012-03-06 16:00:00.000,29.99
14753,2012-03-06 17:00:00.000,15.949
14754,2012-03-06 18:00:00.000,5.865
14755,2012-03-06 19:00:00.000,0.039
14756,2012-03-06 20:00:00.000,0.0
14757,2012-03-06 21:00:00.000,0.0
14758,2012-03-06 22:00:00.000,0.0
14759,2012-03-06 23:00:00.000,0.0
14760,2012-03-07 00:00:00.000,0.0
14761,2012-03-07 01:00:00.000,0.0
14762,2012-03-07 02:00:00.000,0.0
14763,2012-03-07 03:00:00.000,0.0
14764,2012-03-07 04:00:00.000,0.0
14765,2012-03-07 05:00:00.000,0.0
14766,2012-03-07 06:00:00.000,0.0
14767,2012-03-07 07:00:00.000,1.939
14768,2012-03-07 08:00:00.000,3.5449999999999995
14769,2012-03-07 09:00:00.000,2.977
14770,2012-03-07 10:00:00.000,2.3829999999999996
14771,2012-03-07 11:00:00.000,8.987000000000004
14772,2012-03-07 12:00:00.000,8.069
14773,2012-03-07 13:00:00.000,34.405
14774,2012-03-07 14:00:00.000,45.15099999999999
14775,2012-03-07 15:00:00.000,44.88699999999999
14776,2012-03-07 16:00:00.000,32.501999999999995
14777,2012-03-07 17:00:00.000,15.791999999999998
14778,2012-03-07 18:00:00.000,5.390999999999999
14779,2012-03-07 19:00:00.000,0.0
14780,2012-03-07 20:00:00.000,0.0
14781,2012-03-07 21:00:00.000,0.0
14782,2012-03-07 22:00:00.000,0.0
14783,2012-03-07 23:00:00.000,0.0
14784,2012-03-08 00:00:00.000,0.0
14785,2012-03-08 01:00:00.000,0.0
14786,2012-03-08 02:00:00.000,0.0
14787,2012-03-08 03:00:00.000,0.0
14788,2012-03-08 04:00:00.000,0.0
14789,2012-03-08 05:00:00.000,0.0
14790,2012-03-08 06:00:00.000,0.013
14791,2012-03-08 07:00:00.000,1.0160000000000002
14792,2012-03-08 08:00:00.000,5.21
14793,2012-03-08 09:00:00.000,9.095999999999998
14794,2012-03-08 10:00:00.000,4.386
14795,2012-03-08 11:00:00.000,10.523
14796,2012-03-08 12:00:00.000,17.674000000000007
14797,2012-03-08 13:00:00.000,22.653
14798,2012-03-08 14:00:00.000,34.13099999999999
14799,2012-03-08 15:00:00.000,4.388000000000001
14800,2012-03-08 16:00:00.000,17.909000000000002
14801,2012-03-08 17:00:00.000,17.526000000000003
14802,2012-03-08 18:00:00.000,3.392999999999999
14803,2012-03-08 19:00:00.000,0.0
14804,2012-03-08 20:00:00.000,0.0
14805,2012-03-08 21:00:00.000,0.0
14806,2012-03-08 22:00:00.000,0.0
14807,2012-03-08 23:00:00.000,0.0
14808,2012-03-09 00:00:00.000,0.0
14809,2012-03-09 01:00:00.000,0.0
14810,2012-03-09 02:00:00.000,0.0
14811,2012-03-09 03:00:00.000,0.0
14812,2012-03-09 04:00:00.000,0.0
14813,2012-03-09 05:00:00.000,0.0
14814,2012-03-09 06:00:00.000,0.038
14815,2012-03-09 07:00:00.000,5.468
14816,2012-03-09 08:00:00.000,19.482
14817,2012-03-09 09:00:00.000,36.608999999999995
14818,2012-03-09 10:00:00.000,50.58699999999999
14819,2012-03-09 11:00:00.000,58.908
14820,2012-03-09 12:00:00.000,60.783
14821,2012-03-09 13:00:00.000,52.73300000000001
14822,2012-03-09 14:00:00.000,46.424
14823,2012-03-09 15:00:00.000,24.427000000000003
14824,2012-03-09 16:00:00.000,17.749
14825,2012-03-09 17:00:00.000,8.762
14826,2012-03-09 18:00:00.000,3.2239999999999993
14827,2012-03-09 19:00:00.000,0.032
14828,2012-03-09 20:00:00.000,0.0
14829,2012-03-09 21:00:00.000,0.0
14830,2012-03-09 22:00:00.000,0.0
14831,2012-03-09 23:00:00.000,0.0
14832,2012-03-10 00:00:00.000,0.0
14833,2012-03-10 01:00:00.000,0.0
14834,2012-03-10 02:00:00.000,0.0
14835,2012-03-10 03:00:00.000,0.0
14836,2012-03-10 04:00:00.000,0.0
14837,2012-03-10 05:00:00.000,0.0
14838,2012-03-10 06:00:00.000,0.0
14839,2012-03-10 07:00:00.000,5.269999999999999
14840,2012-03-10 08:00:00.000,18.989
14841,2012-03-10 09:00:00.000,35.371
14842,2012-03-10 10:00:00.000,48.65399999999998
14843,2012-03-10 11:00:00.000,57.37100000000002
14844,2012-03-10 12:00:00.000,61.203
14845,2012-03-10 13:00:00.000,59.78499999999999
14846,2012-03-10 14:00:00.000,58.346
14847,2012-03-10 15:00:00.000,49.821999999999996
14848,2012-03-10 16:00:00.000,34.67099999999999
14849,2012-03-10 17:00:00.000,15.863
14850,2012-03-10 18:00:00.000,4.0809999999999995
14851,2012-03-10 19:00:00.000,0.0
14852,2012-03-10 20:00:00.000,0.0
14853,2012-03-10 21:00:00.000,0.0
14854,2012-03-10 22:00:00.000,0.0
14855,2012-03-10 23:00:00.000,0.0
14856,2012-03-11 00:00:00.000,0.0
14857,2012-03-11 01:00:00.000,0.0
14858,2012-03-11 02:00:00.000,0.0
14859,2012-03-11 03:00:00.000,0.0
14860,2012-03-11 04:00:00.000,0.0
14861,2012-03-11 05:00:00.000,0.0
14862,2012-03-11 06:00:00.000,0.0
14863,2012-03-11 07:00:00.000,4.564000000000002
14864,2012-03-11 08:00:00.000,18.462
14865,2012-03-11 09:00:00.000,34.481
14866,2012-03-11 10:00:00.000,45.73599999999999
14867,2012-03-11 11:00:00.000,55.492
14868,2012-03-11 12:00:00.000,57.007999999999996
14869,2012-03-11 13:00:00.000,60.149000000000015
14870,2012-03-11 14:00:00.000,57.614
14871,2012-03-11 15:00:00.000,49.107000000000006
14872,2012-03-11 16:00:00.000,34.40800000000001
14873,2012-03-11 17:00:00.000,17.589
14874,2012-03-11 18:00:00.000,4.470000000000001
14875,2012-03-11 19:00:00.000,0.0
14876,2012-03-11 20:00:00.000,0.0
14877,2012-03-11 21:00:00.000,0.0
14878,2012-03-11 22:00:00.000,0.0
14879,2012-03-11 23:00:00.000,0.0
14880,2012-03-12 00:00:00.000,0.0
14881,2012-03-12 01:00:00.000,0.0
14882,2012-03-12 02:00:00.000,0.0
14883,2012-03-12 03:00:00.000,0.0
14884,2012-03-12 04:00:00.000,0.0
14885,2012-03-12 05:00:00.000,0.0
14886,2012-03-12 06:00:00.000,0.0
14887,2012-03-12 07:00:00.000,4.004999999999999
14888,2012-03-12 08:00:00.000,12.048
14889,2012-03-12 09:00:00.000,20.73500000000001
14890,2012-03-12 10:00:00.000,34.499
14891,2012-03-12 11:00:00.000,33.418
14892,2012-03-12 12:00:00.000,42.870999999999995
14893,2012-03-12 13:00:00.000,52.61200000000001
14894,2012-03-12 14:00:00.000,47.36399999999999
14895,2012-03-12 15:00:00.000,42.551000000000016
14896,2012-03-12 16:00:00.000,34.101000000000006
14897,2012-03-12 17:00:00.000,16.573
14898,2012-03-12 18:00:00.000,3.7439999999999998
14899,2012-03-12 19:00:00.000,0.013
14900,2012-03-12 20:00:00.000,0.0
14901,2012-03-12 21:00:00.000,0.0
14902,2012-03-12 22:00:00.000,0.0
14903,2012-03-12 23:00:00.000,0.0
14904,2012-03-13 00:00:00.000,0.0
14905,2012-03-13 01:00:00.000,0.0
14906,2012-03-13 02:00:00.000,0.0
14907,2012-03-13 03:00:00.000,0.0
14908,2012-03-13 04:00:00.000,0.0
14909,2012-03-13 05:00:00.000,0.0
14910,2012-03-13 06:00:00.000,0.0
14911,2012-03-13 07:00:00.000,4.864999999999999
14912,2012-03-13 08:00:00.000,18.352000000000004
14913,2012-03-13 09:00:00.000,34.77499999999999
14914,2012-03-13 10:00:00.000,48.416999999999994
14915,2012-03-13 11:00:00.000,56.95899999999999
14916,2012-03-13 12:00:00.000,61.51499999999999
14917,2012-03-13 13:00:00.000,61.72199999999999
14918,2012-03-13 14:00:00.000,57.802999999999976
14919,2012-03-13 15:00:00.000,49.455999999999996
14920,2012-03-13 16:00:00.000,34.32100000000001
14921,2012-03-13 17:00:00.000,17.108
14922,2012-03-13 18:00:00.000,4.107
14923,2012-03-13 19:00:00.000,0.0
14924,2012-03-13 20:00:00.000,0.0
14925,2012-03-13 21:00:00.000,0.0
14926,2012-03-13 22:00:00.000,0.0
14927,2012-03-13 23:00:00.000,0.0
14928,2012-03-14 00:00:00.000,0.0
14929,2012-03-14 01:00:00.000,0.0
14930,2012-03-14 02:00:00.000,0.0
14931,2012-03-14 03:00:00.000,0.0
14932,2012-03-14 04:00:00.000,0.0
14933,2012-03-14 05:00:00.000,0.0
14934,2012-03-14 06:00:00.000,0.0
14935,2012-03-14 07:00:00.000,4.321
14936,2012-03-14 08:00:00.000,18.211000000000002
14937,2012-03-14 09:00:00.000,34.05600000000001
14938,2012-03-14 10:00:00.000,45.345
14939,2012-03-14 11:00:00.000,50.448999999999984
14940,2012-03-14 12:00:00.000,45.32
14941,2012-03-14 13:00:00.000,42.288
14942,2012-03-14 14:00:00.000,34.415000000000006
14943,2012-03-14 15:00:00.000,28.91500000000001
14944,2012-03-14 16:00:00.000,20.222000000000005
14945,2012-03-14 17:00:00.000,15.342
14946,2012-03-14 18:00:00.000,4.1209999999999996
14947,2012-03-14 19:00:00.000,0.0
14948,2012-03-14 20:00:00.000,0.0
14949,2012-03-14 21:00:00.000,0.0
14950,2012-03-14 22:00:00.000,0.0
14951,2012-03-14 23:00:00.000,0.0
14952,2012-03-15 00:00:00.000,0.0
14953,2012-03-15 01:00:00.000,0.0
14954,2012-03-15 02:00:00.000,0.0
14955,2012-03-15 03:00:00.000,0.0
14956,2012-03-15 04:00:00.000,0.0
14957,2012-03-15 05:00:00.000,0.0
14958,2012-03-15 06:00:00.000,0.0
14959,2012-03-15 07:00:00.000,2.5789999999999997
14960,2012-03-15 08:00:00.000,16.574
14961,2012-03-15 09:00:00.000,30.585999999999995
14962,2012-03-15 10:00:00.000,28.788000000000004
14963,2012-03-15 11:00:00.000,57.604
14964,2012-03-15 12:00:00.000,52.13599999999999
14965,2012-03-15 13:00:00.000,60.814
14966,2012-03-15 14:00:00.000,57.81600000000001
14967,2012-03-15 15:00:00.000,48.730999999999995
14968,2012-03-15 16:00:00.000,32.815000000000005
14969,2012-03-15 17:00:00.000,16.591
14970,2012-03-15 18:00:00.000,3.498
14971,2012-03-15 19:00:00.000,0.0
14972,2012-03-15 20:00:00.000,0.0
14973,2012-03-15 21:00:00.000,0.0
14974,2012-03-15 22:00:00.000,0.0
14975,2012-03-15 23:00:00.000,0.0
14976,2012-03-16 00:00:00.000,0.0
14977,2012-03-16 01:00:00.000,0.0
14978,2012-03-16 02:00:00.000,0.0
14979,2012-03-16 03:00:00.000,0.0
14980,2012-03-16 04:00:00.000,0.0
14981,2012-03-16 05:00:00.000,0.0
14982,2012-03-16 06:00:00.000,0.0
14983,2012-03-16 07:00:00.000,4.098
14984,2012-03-16 08:00:00.000,17.43200000000001
14985,2012-03-16 09:00:00.000,33.855000000000004
14986,2012-03-16 10:00:00.000,46.83099999999999
14987,2012-03-16 11:00:00.000,55.35399999999998
14988,2012-03-16 12:00:00.000,59.403
14989,2012-03-16 13:00:00.000,58.58900000000002
14990,2012-03-16 14:00:00.000,54.353999999999985
14991,2012-03-16 15:00:00.000,45.467999999999996
14992,2012-03-16 16:00:00.000,31.98
14993,2012-03-16 17:00:00.000,15.528000000000006
14994,2012-03-16 18:00:00.000,2.062999999999999
14995,2012-03-16 19:00:00.000,0.0
14996,2012-03-16 20:00:00.000,0.0
14997,2012-03-16 21:00:00.000,0.0
14998,2012-03-16 22:00:00.000,0.0
14999,2012-03-16 23:00:00.000,0.0
15000,2012-03-17 00:00:00.000,0.0
15001,2012-03-17 01:00:00.000,0.0
15002,2012-03-17 02:00:00.000,0.0
15003,2012-03-17 03:00:00.000,0.0
15004,2012-03-17 04:00:00.000,0.0
15005,2012-03-17 05:00:00.000,0.0
15006,2012-03-17 06:00:00.000,0.0
15007,2012-03-17 07:00:00.000,0.0
15008,2012-03-17 08:00:00.000,0.07600000000000001
15009,2012-03-17 09:00:00.000,1.3330000000000002
15010,2012-03-17 10:00:00.000,5.679000000000001
15011,2012-03-17 11:00:00.000,6.113
15012,2012-03-17 12:00:00.000,7.647000000000003
15013,2012-03-17 13:00:00.000,11.851
15014,2012-03-17 14:00:00.000,17.449999999999996
15015,2012-03-17 15:00:00.000,19.794
15016,2012-03-17 16:00:00.000,19.070999999999998
15017,2012-03-17 17:00:00.000,5.889999999999999
15018,2012-03-17 18:00:00.000,0.9050000000000005
15019,2012-03-17 19:00:00.000,0.0
15020,2012-03-17 20:00:00.000,0.0
15021,2012-03-17 21:00:00.000,0.0
15022,2012-03-17 22:00:00.000,0.0
15023,2012-03-17 23:00:00.000,0.0
15024,2012-03-18 00:00:00.000,0.0
15025,2012-03-18 01:00:00.000,0.0
15026,2012-03-18 02:00:00.000,0.0
15027,2012-03-18 03:00:00.000,0.0
15028,2012-03-18 04:00:00.000,0.0
15029,2012-03-18 05:00:00.000,0.0
15030,2012-03-18 06:00:00.000,0.0
15031,2012-03-18 07:00:00.000,1.8269999999999988
15032,2012-03-18 08:00:00.000,8.976
15033,2012-03-18 09:00:00.000,23.584
15034,2012-03-18 10:00:00.000,30.662999999999997
15035,2012-03-18 11:00:00.000,43.58899999999999
15036,2012-03-18 12:00:00.000,59.53
15037,2012-03-18 13:00:00.000,53.985
15038,2012-03-18 14:00:00.000,45.613
15039,2012-03-18 15:00:00.000,41.42100000000001
15040,2012-03-18 16:00:00.000,30.87199999999999
15041,2012-03-18 17:00:00.000,8.589000000000002
15042,2012-03-18 18:00:00.000,1.7659999999999998
15043,2012-03-18 19:00:00.000,0.0
15044,2012-03-18 20:00:00.000,0.0
15045,2012-03-18 21:00:00.000,0.0
15046,2012-03-18 22:00:00.000,0.0
15047,2012-03-18 23:00:00.000,0.0
15048,2012-03-19 00:00:00.000,0.0
15049,2012-03-19 01:00:00.000,0.0
15050,2012-03-19 02:00:00.000,0.0
15051,2012-03-19 03:00:00.000,0.0
15052,2012-03-19 04:00:00.000,0.0
15053,2012-03-19 05:00:00.000,0.0
15054,2012-03-19 06:00:00.000,0.0
15055,2012-03-19 07:00:00.000,1.233
15056,2012-03-19 08:00:00.000,10.93
15057,2012-03-19 09:00:00.000,25.893999999999995
15058,2012-03-19 10:00:00.000,43.10300000000001
15059,2012-03-19 11:00:00.000,40.07099999999999
15060,2012-03-19 12:00:00.000,42.876000000000005
15061,2012-03-19 13:00:00.000,27.436
15062,2012-03-19 14:00:00.000,13.743000000000002
15063,2012-03-19 15:00:00.000,12.328
15064,2012-03-19 16:00:00.000,8.468000000000002
15065,2012-03-19 17:00:00.000,2.769
15066,2012-03-19 18:00:00.000,0.23400000000000007
15067,2012-03-19 19:00:00.000,0.0
15068,2012-03-19 20:00:00.000,0.0
15069,2012-03-19 21:00:00.000,0.0
15070,2012-03-19 22:00:00.000,0.0
15071,2012-03-19 23:00:00.000,0.0
15072,2012-03-20 00:00:00.000,0.0
15073,2012-03-20 01:00:00.000,0.0
15074,2012-03-20 02:00:00.000,0.0
15075,2012-03-20 03:00:00.000,0.0
15076,2012-03-20 04:00:00.000,0.0
15077,2012-03-20 05:00:00.000,0.0
15078,2012-03-20 06:00:00.000,0.0
15079,2012-03-20 07:00:00.000,1.7569999999999988
15080,2012-03-20 08:00:00.000,14.914000000000001
15081,2012-03-20 09:00:00.000,33.125
15082,2012-03-20 10:00:00.000,47.79499999999999
15083,2012-03-20 11:00:00.000,56.49999999999998
15084,2012-03-20 12:00:00.000,47.02700000000001
15085,2012-03-20 13:00:00.000,39.325
15086,2012-03-20 14:00:00.000,39.472
15087,2012-03-20 15:00:00.000,29.204
15088,2012-03-20 16:00:00.000,22.554
15089,2012-03-20 17:00:00.000,9.429999999999998
15090,2012-03-20 18:00:00.000,0.5500000000000002
15091,2012-03-20 19:00:00.000,0.0
15092,2012-03-20 20:00:00.000,0.0
15093,2012-03-20 21:00:00.000,0.0
15094,2012-03-20 22:00:00.000,0.0
15095,2012-03-20 23:00:00.000,0.0
15096,2012-03-21 00:00:00.000,0.0
15097,2012-03-21 01:00:00.000,0.0
15098,2012-03-21 02:00:00.000,0.0
15099,2012-03-21 03:00:00.000,0.0
15100,2012-03-21 04:00:00.000,0.0
15101,2012-03-21 05:00:00.000,0.0
15102,2012-03-21 06:00:00.000,0.0
15103,2012-03-21 07:00:00.000,1.6859999999999997
15104,2012-03-21 08:00:00.000,10.717999999999998
15105,2012-03-21 09:00:00.000,21.799000000000003
15106,2012-03-21 10:00:00.000,17.167
15107,2012-03-21 11:00:00.000,31.107
15108,2012-03-21 12:00:00.000,31.451999999999988
15109,2012-03-21 13:00:00.000,25.138000000000005
15110,2012-03-21 14:00:00.000,43.477000000000004
15111,2012-03-21 15:00:00.000,28.125000000000004
15112,2012-03-21 16:00:00.000,18.971
15113,2012-03-21 17:00:00.000,9.728999999999997
15114,2012-03-21 18:00:00.000,3.0259999999999994
15115,2012-03-21 19:00:00.000,0.0
15116,2012-03-21 20:00:00.000,0.0
15117,2012-03-21 21:00:00.000,0.0
15118,2012-03-21 22:00:00.000,0.0
15119,2012-03-21 23:00:00.000,0.0
15120,2012-03-22 00:00:00.000,0.0
15121,2012-03-22 01:00:00.000,0.0
15122,2012-03-22 02:00:00.000,0.0
15123,2012-03-22 03:00:00.000,0.0
15124,2012-03-22 04:00:00.000,0.0
15125,2012-03-22 05:00:00.000,0.0
15126,2012-03-22 06:00:00.000,0.0
15127,2012-03-22 07:00:00.000,0.0
15128,2012-03-22 08:00:00.000,0.7810000000000004
15129,2012-03-22 09:00:00.000,6.490000000000001
15130,2012-03-22 10:00:00.000,10.403000000000002
15131,2012-03-22 11:00:00.000,21.041999999999994
15132,2012-03-22 12:00:00.000,20.191
15133,2012-03-22 13:00:00.000,32.07799999999999
15134,2012-03-22 14:00:00.000,24.404999999999998
15135,2012-03-22 15:00:00.000,25.526999999999997
15136,2012-03-22 16:00:00.000,15.027000000000003
15137,2012-03-22 17:00:00.000,6.378999999999999
15138,2012-03-22 18:00:00.000,0.15100000000000002
15139,2012-03-22 19:00:00.000,0.0
15140,2012-03-22 20:00:00.000,0.0
15141,2012-03-22 21:00:00.000,0.0
15142,2012-03-22 22:00:00.000,0.0
15143,2012-03-22 23:00:00.000,0.0
15144,2012-03-23 00:00:00.000,0.0
15145,2012-03-23 01:00:00.000,0.0
15146,2012-03-23 02:00:00.000,0.0
15147,2012-03-23 03:00:00.000,0.0
15148,2012-03-23 04:00:00.000,0.0
15149,2012-03-23 05:00:00.000,0.0
15150,2012-03-23 06:00:00.000,0.0
15151,2012-03-23 07:00:00.000,1.6099999999999999
15152,2012-03-23 08:00:00.000,13.478999999999996
15153,2012-03-23 09:00:00.000,30.896000000000004
15154,2012-03-23 10:00:00.000,46.79199999999997
15155,2012-03-23 11:00:00.000,55.71099999999999
15156,2012-03-23 12:00:00.000,60.43600000000001
15157,2012-03-23 13:00:00.000,51.00400000000001
15158,2012-03-23 14:00:00.000,43.47299999999999
15159,2012-03-23 15:00:00.000,47.256000000000014
15160,2012-03-23 16:00:00.000,31.821999999999996
15161,2012-03-23 17:00:00.000,15.070000000000002
15162,2012-03-23 18:00:00.000,2.689
15163,2012-03-23 19:00:00.000,0.0
15164,2012-03-23 20:00:00.000,0.0
15165,2012-03-23 21:00:00.000,0.0
15166,2012-03-23 22:00:00.000,0.0
15167,2012-03-23 23:00:00.000,0.0
15168,2012-03-24 00:00:00.000,0.0
15169,2012-03-24 01:00:00.000,0.0
15170,2012-03-24 02:00:00.000,0.0
15171,2012-03-24 03:00:00.000,0.0
15172,2012-03-24 04:00:00.000,0.0
15173,2012-03-24 05:00:00.000,0.0
15174,2012-03-24 06:00:00.000,0.0
15175,2012-03-24 07:00:00.000,3.8259999999999996
15176,2012-03-24 08:00:00.000,17.915000000000003
15177,2012-03-24 09:00:00.000,35.574000000000005
15178,2012-03-24 10:00:00.000,50.64200000000002
15179,2012-03-24 11:00:00.000,59.329
15180,2012-03-24 12:00:00.000,62.78699999999999
15181,2012-03-24 13:00:00.000,61.55300000000001
15182,2012-03-24 14:00:00.000,56.681000000000004
15183,2012-03-24 15:00:00.000,47.667
15184,2012-03-24 16:00:00.000,31.554000000000002
15185,2012-03-24 17:00:00.000,14.855000000000002
15186,2012-03-24 18:00:00.000,2.4939999999999998
15187,2012-03-24 19:00:00.000,0.0
15188,2012-03-24 20:00:00.000,0.0
15189,2012-03-24 21:00:00.000,0.0
15190,2012-03-24 22:00:00.000,0.0
15191,2012-03-24 23:00:00.000,0.0
15192,2012-03-25 00:00:00.000,0.0
15193,2012-03-25 01:00:00.000,0.0
15194,2012-03-25 02:00:00.000,0.0
15195,2012-03-25 03:00:00.000,0.0
15196,2012-03-25 04:00:00.000,0.0
15197,2012-03-25 05:00:00.000,0.0
15198,2012-03-25 06:00:00.000,0.0
15199,2012-03-25 07:00:00.000,1.8580000000000005
15200,2012-03-25 08:00:00.000,13.824999999999998
15201,2012-03-25 09:00:00.000,24.333000000000002
15202,2012-03-25 10:00:00.000,37.52400000000001
15203,2012-03-25 11:00:00.000,45.45600000000001
15204,2012-03-25 12:00:00.000,57.00500000000002
15205,2012-03-25 13:00:00.000,58.554000000000016
15206,2012-03-25 14:00:00.000,55.19700000000001
15207,2012-03-25 15:00:00.000,42.111999999999995
15208,2012-03-25 16:00:00.000,24.58000000000001
15209,2012-03-25 17:00:00.000,10.799
15210,2012-03-25 18:00:00.000,2.472999999999999
15211,2012-03-25 19:00:00.000,0.0
15212,2012-03-25 20:00:00.000,0.0
15213,2012-03-25 21:00:00.000,0.0
15214,2012-03-25 22:00:00.000,0.0
15215,2012-03-25 23:00:00.000,0.0
15216,2012-03-26 00:00:00.000,0.0
15217,2012-03-26 01:00:00.000,0.0
15218,2012-03-26 02:00:00.000,0.0
15219,2012-03-26 03:00:00.000,0.0
15220,2012-03-26 04:00:00.000,0.0
15221,2012-03-26 05:00:00.000,0.0
15222,2012-03-26 06:00:00.000,0.0
15223,2012-03-26 07:00:00.000,0.9680000000000004
15224,2012-03-26 08:00:00.000,8.892
15225,2012-03-26 09:00:00.000,23.456999999999997
15226,2012-03-26 10:00:00.000,41.093
15227,2012-03-26 11:00:00.000,51.047
15228,2012-03-26 12:00:00.000,48.52
15229,2012-03-26 13:00:00.000,21.077
15230,2012-03-26 14:00:00.000,36.019
15231,2012-03-26 15:00:00.000,35.40800000000001
15232,2012-03-26 16:00:00.000,18.592
15233,2012-03-26 17:00:00.000,4.603
15234,2012-03-26 18:00:00.000,0.7590000000000003
15235,2012-03-26 19:00:00.000,0.0
15236,2012-03-26 20:00:00.000,0.0
15237,2012-03-26 21:00:00.000,0.0
15238,2012-03-26 22:00:00.000,0.0
15239,2012-03-26 23:00:00.000,0.0
15240,2012-03-27 00:00:00.000,0.0
15241,2012-03-27 01:00:00.000,0.0
15242,2012-03-27 02:00:00.000,0.0
15243,2012-03-27 03:00:00.000,0.0
15244,2012-03-27 04:00:00.000,0.0
15245,2012-03-27 05:00:00.000,0.0
15246,2012-03-27 06:00:00.000,0.0
15247,2012-03-27 07:00:00.000,2.468999999999999
15248,2012-03-27 08:00:00.000,13.888
15249,2012-03-27 09:00:00.000,31.572999999999997
15250,2012-03-27 10:00:00.000,46.311
15251,2012-03-27 11:00:00.000,47.32299999999999
15252,2012-03-27 12:00:00.000,51.317999999999984
15253,2012-03-27 13:00:00.000,59.285000000000004
15254,2012-03-27 14:00:00.000,53.40200000000001
15255,2012-03-27 15:00:00.000,33.164
15256,2012-03-27 16:00:00.000,31.182999999999996
15257,2012-03-27 17:00:00.000,12.169000000000004
15258,2012-03-27 18:00:00.000,0.5640000000000003
15259,2012-03-27 19:00:00.000,0.0
15260,2012-03-27 20:00:00.000,0.0
15261,2012-03-27 21:00:00.000,0.0
15262,2012-03-27 22:00:00.000,0.0
15263,2012-03-27 23:00:00.000,0.0
15264,2012-03-28 00:00:00.000,0.0
15265,2012-03-28 01:00:00.000,0.0
15266,2012-03-28 02:00:00.000,0.0
15267,2012-03-28 03:00:00.000,0.0
15268,2012-03-28 04:00:00.000,0.0
15269,2012-03-28 05:00:00.000,0.0
15270,2012-03-28 06:00:00.000,0.0
15271,2012-03-28 07:00:00.000,0.8130000000000004
15272,2012-03-28 08:00:00.000,5.338999999999999
15273,2012-03-28 09:00:00.000,20.673999999999996
15274,2012-03-28 10:00:00.000,38.21600000000001
15275,2012-03-28 11:00:00.000,38.72899999999999
15276,2012-03-28 12:00:00.000,52.477999999999994
15277,2012-03-28 13:00:00.000,54.23900000000001
15278,2012-03-28 14:00:00.000,45.367
15279,2012-03-28 15:00:00.000,41.901
15280,2012-03-28 16:00:00.000,29.750999999999998
15281,2012-03-28 17:00:00.000,8.548
15282,2012-03-28 18:00:00.000,0.6560000000000004
15283,2012-03-28 19:00:00.000,0.0
15284,2012-03-28 20:00:00.000,0.0
15285,2012-03-28 21:00:00.000,0.0
15286,2012-03-28 22:00:00.000,0.0
15287,2012-03-28 23:00:00.000,0.0
15288,2012-03-29 00:00:00.000,0.0
15289,2012-03-29 01:00:00.000,0.0
15290,2012-03-29 02:00:00.000,0.0
15291,2012-03-29 03:00:00.000,0.0
15292,2012-03-29 04:00:00.000,0.0
15293,2012-03-29 05:00:00.000,0.0
15294,2012-03-29 06:00:00.000,0.0
15295,2012-03-29 07:00:00.000,2.489
15296,2012-03-29 08:00:00.000,14.822000000000005
15297,2012-03-29 09:00:00.000,31.747999999999998
15298,2012-03-29 10:00:00.000,45.638000000000005
15299,2012-03-29 11:00:00.000,54.117
15300,2012-03-29 12:00:00.000,55.933
15301,2012-03-29 13:00:00.000,55.314
15302,2012-03-29 14:00:00.000,53.18300000000001
15303,2012-03-29 15:00:00.000,42.523999999999994
15304,2012-03-29 16:00:00.000,9.758
15305,2012-03-29 17:00:00.000,1.7010000000000003
15306,2012-03-29 18:00:00.000,0.42500000000000016
15307,2012-03-29 19:00:00.000,0.0
15308,2012-03-29 20:00:00.000,0.0
15309,2012-03-29 21:00:00.000,0.0
15310,2012-03-29 22:00:00.000,0.0
15311,2012-03-29 23:00:00.000,0.0
15312,2012-03-30 00:00:00.000,0.0
15313,2012-03-30 01:00:00.000,0.0
15314,2012-03-30 02:00:00.000,0.0
15315,2012-03-30 03:00:00.000,0.0
15316,2012-03-30 04:00:00.000,0.0
15317,2012-03-30 05:00:00.000,0.0
15318,2012-03-30 06:00:00.000,0.0
15319,2012-03-30 07:00:00.000,0.8020000000000004
15320,2012-03-30 08:00:00.000,14.650000000000006
15321,2012-03-30 09:00:00.000,24.689999999999998
15322,2012-03-30 10:00:00.000,35.839
15323,2012-03-30 11:00:00.000,36.30199999999999
15324,2012-03-30 12:00:00.000,48.90999999999999
15325,2012-03-30 13:00:00.000,58.339000000000006
15326,2012-03-30 14:00:00.000,52.202999999999996
15327,2012-03-30 15:00:00.000,17.419
15328,2012-03-30 16:00:00.000,18.809000000000005
15329,2012-03-30 17:00:00.000,7.645
15330,2012-03-30 18:00:00.000,2.2569999999999997
15331,2012-03-30 19:00:00.000,0.0
15332,2012-03-30 20:00:00.000,0.0
15333,2012-03-30 21:00:00.000,0.0
15334,2012-03-30 22:00:00.000,0.0
15335,2012-03-30 23:00:00.000,0.0
15336,2012-03-31 00:00:00.000,0.0
15337,2012-03-31 01:00:00.000,0.0
15338,2012-03-31 02:00:00.000,0.0
15339,2012-03-31 03:00:00.000,0.0
15340,2012-03-31 04:00:00.000,0.0
15341,2012-03-31 05:00:00.000,0.0
15342,2012-03-31 06:00:00.000,0.0
15343,2012-03-31 07:00:00.000,2.8050000000000006
15344,2012-03-31 08:00:00.000,15.715000000000003
15345,2012-03-31 09:00:00.000,31.582999999999988
15346,2012-03-31 10:00:00.000,42.039
15347,2012-03-31 11:00:00.000,43.581999999999994
15348,2012-03-31 12:00:00.000,49.786
15349,2012-03-31 13:00:00.000,52.848000000000006
15350,2012-03-31 14:00:00.000,53.066999999999986
15351,2012-03-31 15:00:00.000,45.3
15352,2012-03-31 16:00:00.000,27.68
15353,2012-03-31 17:00:00.000,12.255
15354,2012-03-31 18:00:00.000,1.4759999999999998
15355,2012-03-31 19:00:00.000,0.0
15356,2012-03-31 20:00:00.000,0.0
15357,2012-03-31 21:00:00.000,0.0
15358,2012-03-31 22:00:00.000,0.0
15359,2012-03-31 23:00:00.000,0.0
15360,2012-04-01 00:00:00.000,0.0
15361,2012-04-01 01:00:00.000,0.0
15362,2012-04-01 02:00:00.000,0.0
15363,2012-04-01 03:00:00.000,0.0
15364,2012-04-01 04:00:00.000,0.0
15365,2012-04-01 05:00:00.000,0.0
15366,2012-04-01 06:00:00.000,2.249999999999999
15367,2012-04-01 07:00:00.000,15.172
15368,2012-04-01 08:00:00.000,31.624
15369,2012-04-01 09:00:00.000,46.083000000000006
15370,2012-04-01 10:00:00.000,54.11
15371,2012-04-01 11:00:00.000,57.227999999999994
15372,2012-04-01 12:00:00.000,56.12699999999999
15373,2012-04-01 13:00:00.000,52.271
15374,2012-04-01 14:00:00.000,43.760999999999996
15375,2012-04-01 15:00:00.000,25.811999999999998
15376,2012-04-01 16:00:00.000,3.5989999999999993
15377,2012-04-01 17:00:00.000,0.32800000000000007
15378,2012-04-01 18:00:00.000,0.0
15379,2012-04-01 19:00:00.000,0.0
15380,2012-04-01 20:00:00.000,0.0
15381,2012-04-01 21:00:00.000,0.0
15382,2012-04-01 22:00:00.000,0.0
15383,2012-04-01 23:00:00.000,0.0
15384,2012-04-02 00:00:00.000,0.0
15385,2012-04-02 01:00:00.000,0.0
15386,2012-04-02 02:00:00.000,0.0
15387,2012-04-02 03:00:00.000,0.0
15388,2012-04-02 04:00:00.000,0.0
15389,2012-04-02 05:00:00.000,0.0
15390,2012-04-02 06:00:00.000,0.6200000000000002
15391,2012-04-02 07:00:00.000,11.765
15392,2012-04-02 08:00:00.000,11.382
15393,2012-04-02 09:00:00.000,19.887999999999998
15394,2012-04-02 10:00:00.000,43.614
15395,2012-04-02 11:00:00.000,44.16200000000001
15396,2012-04-02 12:00:00.000,54.01199999999999
15397,2012-04-02 13:00:00.000,50.23299999999999
15398,2012-04-02 14:00:00.000,43.474
15399,2012-04-02 15:00:00.000,27.041
15400,2012-04-02 16:00:00.000,11.067
15401,2012-04-02 17:00:00.000,1.0710000000000002
15402,2012-04-02 18:00:00.000,0.0
15403,2012-04-02 19:00:00.000,0.0
15404,2012-04-02 20:00:00.000,0.0
15405,2012-04-02 21:00:00.000,0.0
15406,2012-04-02 22:00:00.000,0.0
15407,2012-04-02 23:00:00.000,0.0
15408,2012-04-03 00:00:00.000,0.0
15409,2012-04-03 01:00:00.000,0.0
15410,2012-04-03 02:00:00.000,0.0
15411,2012-04-03 03:00:00.000,0.0
15412,2012-04-03 04:00:00.000,0.0
15413,2012-04-03 05:00:00.000,0.0
15414,2012-04-03 06:00:00.000,3.1779999999999995
15415,2012-04-03 07:00:00.000,14.626
15416,2012-04-03 08:00:00.000,21.510999999999996
15417,2012-04-03 09:00:00.000,37.72499999999998
15418,2012-04-03 10:00:00.000,51.353
15419,2012-04-03 11:00:00.000,54.60900000000001
15420,2012-04-03 12:00:00.000,34.096
15421,2012-04-03 13:00:00.000,42.43900000000001
15422,2012-04-03 14:00:00.000,38.67500000000001
15423,2012-04-03 15:00:00.000,26.288
15424,2012-04-03 16:00:00.000,11.215
15425,2012-04-03 17:00:00.000,0.9680000000000004
15426,2012-04-03 18:00:00.000,0.0
15427,2012-04-03 19:00:00.000,0.0
15428,2012-04-03 20:00:00.000,0.0
15429,2012-04-03 21:00:00.000,0.0
15430,2012-04-03 22:00:00.000,0.0
15431,2012-04-03 23:00:00.000,0.0
15432,2012-04-04 00:00:00.000,0.0
15433,2012-04-04 01:00:00.000,0.0
15434,2012-04-04 02:00:00.000,0.0
15435,2012-04-04 03:00:00.000,0.0
15436,2012-04-04 04:00:00.000,0.0
15437,2012-04-04 05:00:00.000,0.0
15438,2012-04-04 06:00:00.000,2.2409999999999997
15439,2012-04-04 07:00:00.000,14.196000000000003
15440,2012-04-04 08:00:00.000,29.874
15441,2012-04-04 09:00:00.000,44.266000000000005
15442,2012-04-04 10:00:00.000,52.6
15443,2012-04-04 11:00:00.000,57.596999999999994
15444,2012-04-04 12:00:00.000,56.909000000000006
15445,2012-04-04 13:00:00.000,52.574
15446,2012-04-04 14:00:00.000,43.09799999999999
15447,2012-04-04 15:00:00.000,26.76000000000001
15448,2012-04-04 16:00:00.000,10.970000000000002
15449,2012-04-04 17:00:00.000,0.9470000000000002
15450,2012-04-04 18:00:00.000,0.0
15451,2012-04-04 19:00:00.000,0.0
15452,2012-04-04 20:00:00.000,0.0
15453,2012-04-04 21:00:00.000,0.0
15454,2012-04-04 22:00:00.000,0.0
15455,2012-04-04 23:00:00.000,0.0
15456,2012-04-05 00:00:00.000,0.0
15457,2012-04-05 01:00:00.000,0.0
15458,2012-04-05 02:00:00.000,0.0
15459,2012-04-05 03:00:00.000,0.0
15460,2012-04-05 04:00:00.000,0.0
15461,2012-04-05 05:00:00.000,0.0
15462,2012-04-05 06:00:00.000,2.166999999999999
15463,2012-04-05 07:00:00.000,14.187
15464,2012-04-05 08:00:00.000,29.83600000000001
15465,2012-04-05 09:00:00.000,43.75599999999999
15466,2012-04-05 10:00:00.000,52.893
15467,2012-04-05 11:00:00.000,56.48900000000002
15468,2012-04-05 12:00:00.000,56.651999999999994
15469,2012-04-05 13:00:00.000,52.559999999999995
15470,2012-04-05 14:00:00.000,43.07699999999999
15471,2012-04-05 15:00:00.000,26.720000000000002
15472,2012-04-05 16:00:00.000,9.750000000000004
15473,2012-04-05 17:00:00.000,0.6090000000000001
15474,2012-04-05 18:00:00.000,0.0
15475,2012-04-05 19:00:00.000,0.0
15476,2012-04-05 20:00:00.000,0.0
15477,2012-04-05 21:00:00.000,0.0
15478,2012-04-05 22:00:00.000,0.0
15479,2012-04-05 23:00:00.000,0.0
15480,2012-04-06 00:00:00.000,0.0
15481,2012-04-06 01:00:00.000,0.0
15482,2012-04-06 02:00:00.000,0.0
15483,2012-04-06 03:00:00.000,0.0
15484,2012-04-06 04:00:00.000,0.0
15485,2012-04-06 05:00:00.000,0.0
15486,2012-04-06 06:00:00.000,2.1639999999999997
15487,2012-04-06 07:00:00.000,14.375
15488,2012-04-06 08:00:00.000,30.006999999999998
15489,2012-04-06 09:00:00.000,41.19800000000001
15490,2012-04-06 10:00:00.000,48.60699999999999
15491,2012-04-06 11:00:00.000,57.394999999999996
15492,2012-04-06 12:00:00.000,56.964
15493,2012-04-06 13:00:00.000,52.584999999999994
15494,2012-04-06 14:00:00.000,43.35399999999999
15495,2012-04-06 15:00:00.000,26.884000000000004
15496,2012-04-06 16:00:00.000,10.652
15497,2012-04-06 17:00:00.000,0.7390000000000001
15498,2012-04-06 18:00:00.000,0.0
15499,2012-04-06 19:00:00.000,0.0
15500,2012-04-06 20:00:00.000,0.0
15501,2012-04-06 21:00:00.000,0.0
15502,2012-04-06 22:00:00.000,0.0
15503,2012-04-06 23:00:00.000,0.0
15504,2012-04-07 00:00:00.000,0.0
15505,2012-04-07 01:00:00.000,0.0
15506,2012-04-07 02:00:00.000,0.0
15507,2012-04-07 03:00:00.000,0.0
15508,2012-04-07 04:00:00.000,0.0
15509,2012-04-07 05:00:00.000,0.0
15510,2012-04-07 06:00:00.000,1.1370000000000002
15511,2012-04-07 07:00:00.000,12.944000000000003
15512,2012-04-07 08:00:00.000,21.524999999999995
15513,2012-04-07 09:00:00.000,25.634
15514,2012-04-07 10:00:00.000,45.849000000000004
15515,2012-04-07 11:00:00.000,53.86200000000001
15516,2012-04-07 12:00:00.000,52.791000000000004
15517,2012-04-07 13:00:00.000,47.07400000000001
15518,2012-04-07 14:00:00.000,39.303999999999995
15519,2012-04-07 15:00:00.000,21.83700000000001
15520,2012-04-07 16:00:00.000,5.470999999999999
15521,2012-04-07 17:00:00.000,0.076
15522,2012-04-07 18:00:00.000,0.0
15523,2012-04-07 19:00:00.000,0.0
15524,2012-04-07 20:00:00.000,0.0
15525,2012-04-07 21:00:00.000,0.0
15526,2012-04-07 22:00:00.000,0.0
15527,2012-04-07 23:00:00.000,0.0
15528,2012-04-08 00:00:00.000,0.0
15529,2012-04-08 01:00:00.000,0.0
15530,2012-04-08 02:00:00.000,0.0
15531,2012-04-08 03:00:00.000,0.0
15532,2012-04-08 04:00:00.000,0.0
15533,2012-04-08 05:00:00.000,0.0
15534,2012-04-08 06:00:00.000,0.0
15535,2012-04-08 07:00:00.000,4.2
15536,2012-04-08 08:00:00.000,13.208999999999998
15537,2012-04-08 09:00:00.000,22.152
15538,2012-04-08 10:00:00.000,29.292999999999996
15539,2012-04-08 11:00:00.000,46.303999999999995
15540,2012-04-08 12:00:00.000,34.975
15541,2012-04-08 13:00:00.000,31.349
15542,2012-04-08 14:00:00.000,28.401
15543,2012-04-08 15:00:00.000,16.209999999999997
15544,2012-04-08 16:00:00.000,5.093
15545,2012-04-08 17:00:00.000,0.013
15546,2012-04-08 18:00:00.000,0.0
15547,2012-04-08 19:00:00.000,0.0
15548,2012-04-08 20:00:00.000,0.0
15549,2012-04-08 21:00:00.000,0.0
15550,2012-04-08 22:00:00.000,0.0
15551,2012-04-08 23:00:00.000,0.0
15552,2012-04-09 00:00:00.000,0.0
15553,2012-04-09 01:00:00.000,0.0
15554,2012-04-09 02:00:00.000,0.0
15555,2012-04-09 03:00:00.000,0.0
15556,2012-04-09 04:00:00.000,0.0
15557,2012-04-09 05:00:00.000,0.0
15558,2012-04-09 06:00:00.000,1.8929999999999996
15559,2012-04-09 07:00:00.000,14.951
15560,2012-04-09 08:00:00.000,31.829
15561,2012-04-09 09:00:00.000,47.09899999999999
15562,2012-04-09 10:00:00.000,56.78900000000001
15563,2012-04-09 11:00:00.000,59.914999999999985
15564,2012-04-09 12:00:00.000,58.341
15565,2012-04-09 13:00:00.000,53.718999999999994
15566,2012-04-09 14:00:00.000,43.29
15567,2012-04-09 15:00:00.000,26.632
15568,2012-04-09 16:00:00.000,10.238999999999997
15569,2012-04-09 17:00:00.000,0.479
15570,2012-04-09 18:00:00.000,0.0
15571,2012-04-09 19:00:00.000,0.0
15572,2012-04-09 20:00:00.000,0.0
15573,2012-04-09 21:00:00.000,0.0
15574,2012-04-09 22:00:00.000,0.0
15575,2012-04-09 23:00:00.000,0.0
15576,2012-04-10 00:00:00.000,0.0
15577,2012-04-10 01:00:00.000,0.0
15578,2012-04-10 02:00:00.000,0.0
15579,2012-04-10 03:00:00.000,0.0
15580,2012-04-10 04:00:00.000,0.0
15581,2012-04-10 05:00:00.000,0.0
15582,2012-04-10 06:00:00.000,1.8509999999999995
15583,2012-04-10 07:00:00.000,14.935999999999998
15584,2012-04-10 08:00:00.000,31.733999999999998
15585,2012-04-10 09:00:00.000,43.276999999999994
15586,2012-04-10 10:00:00.000,54.773
15587,2012-04-10 11:00:00.000,60.936
15588,2012-04-10 12:00:00.000,51.858999999999995
15589,2012-04-10 13:00:00.000,40.065000000000005
15590,2012-04-10 14:00:00.000,20.744
15591,2012-04-10 15:00:00.000,10.235
15592,2012-04-10 16:00:00.000,8.82
15593,2012-04-10 17:00:00.000,1.2829999999999995
15594,2012-04-10 18:00:00.000,0.0
15595,2012-04-10 19:00:00.000,0.0
15596,2012-04-10 20:00:00.000,0.0
15597,2012-04-10 21:00:00.000,0.0
15598,2012-04-10 22:00:00.000,0.0
15599,2012-04-10 23:00:00.000,0.0
15600,2012-04-11 00:00:00.000,0.0
15601,2012-04-11 01:00:00.000,0.0
15602,2012-04-11 02:00:00.000,0.0
15603,2012-04-11 03:00:00.000,0.0
15604,2012-04-11 04:00:00.000,0.0
15605,2012-04-11 05:00:00.000,0.0
15606,2012-04-11 06:00:00.000,0.20600000000000002
15607,2012-04-11 07:00:00.000,4.977000000000001
15608,2012-04-11 08:00:00.000,12.003999999999998
15609,2012-04-11 09:00:00.000,21.416999999999994
15610,2012-04-11 10:00:00.000,26.36099999999999
15611,2012-04-11 11:00:00.000,29.718999999999998
15612,2012-04-11 12:00:00.000,21.150000000000002
15613,2012-04-11 13:00:00.000,12.256
15614,2012-04-11 14:00:00.000,36.80400000000001
15615,2012-04-11 15:00:00.000,8.280999999999999
15616,2012-04-11 16:00:00.000,2.0800000000000005
15617,2012-04-11 17:00:00.000,0.019
15618,2012-04-11 18:00:00.000,0.0
15619,2012-04-11 19:00:00.000,0.0
15620,2012-04-11 20:00:00.000,0.0
15621,2012-04-11 21:00:00.000,0.0
15622,2012-04-11 22:00:00.000,0.0
15623,2012-04-11 23:00:00.000,0.0
15624,2012-04-12 00:00:00.000,0.0
15625,2012-04-12 01:00:00.000,0.0
15626,2012-04-12 02:00:00.000,0.0
15627,2012-04-12 03:00:00.000,0.0
15628,2012-04-12 04:00:00.000,0.0
15629,2012-04-12 05:00:00.000,0.0
15630,2012-04-12 06:00:00.000,0.39100000000000007
15631,2012-04-12 07:00:00.000,12.056
15632,2012-04-12 08:00:00.000,24.878999999999998
15633,2012-04-12 09:00:00.000,22.162000000000003
15634,2012-04-12 10:00:00.000,19.398
15635,2012-04-12 11:00:00.000,24.579000000000004
15636,2012-04-12 12:00:00.000,37.10900000000001
15637,2012-04-12 13:00:00.000,40.525999999999996
15638,2012-04-12 14:00:00.000,22.282000000000004
15639,2012-04-12 15:00:00.000,11.349
15640,2012-04-12 16:00:00.000,6.1209999999999996
15641,2012-04-12 17:00:00.000,0.112
15642,2012-04-12 18:00:00.000,0.0
15643,2012-04-12 19:00:00.000,0.0
15644,2012-04-12 20:00:00.000,0.0
15645,2012-04-12 21:00:00.000,0.0
15646,2012-04-12 22:00:00.000,0.0
15647,2012-04-12 23:00:00.000,0.0
15648,2012-04-13 00:00:00.000,0.0
15649,2012-04-13 01:00:00.000,0.0
15650,2012-04-13 02:00:00.000,0.0
15651,2012-04-13 03:00:00.000,0.0
15652,2012-04-13 04:00:00.000,0.0
15653,2012-04-13 05:00:00.000,0.0
15654,2012-04-13 06:00:00.000,1.5939999999999996
15655,2012-04-13 07:00:00.000,13.723
15656,2012-04-13 08:00:00.000,29.336999999999996
15657,2012-04-13 09:00:00.000,43.224999999999994
15658,2012-04-13 10:00:00.000,45.55099999999999
15659,2012-04-13 11:00:00.000,38.591
15660,2012-04-13 12:00:00.000,46.57399999999999
15661,2012-04-13 13:00:00.000,44.114000000000004
15662,2012-04-13 14:00:00.000,40.101
15663,2012-04-13 15:00:00.000,24.599999999999994
15664,2012-04-13 16:00:00.000,8.818000000000003
15665,2012-04-13 17:00:00.000,0.244
15666,2012-04-13 18:00:00.000,0.0
15667,2012-04-13 19:00:00.000,0.0
15668,2012-04-13 20:00:00.000,0.0
15669,2012-04-13 21:00:00.000,0.0
15670,2012-04-13 22:00:00.000,0.0
15671,2012-04-13 23:00:00.000,0.0
15672,2012-04-14 00:00:00.000,0.0
15673,2012-04-14 01:00:00.000,0.0
15674,2012-04-14 02:00:00.000,0.0
15675,2012-04-14 03:00:00.000,0.0
15676,2012-04-14 04:00:00.000,0.0
15677,2012-04-14 05:00:00.000,0.0
15678,2012-04-14 06:00:00.000,1.5539999999999998
15679,2012-04-14 07:00:00.000,13.338
15680,2012-04-14 08:00:00.000,28.462000000000003
15681,2012-04-14 09:00:00.000,42.943000000000005
15682,2012-04-14 10:00:00.000,51.97700000000001
15683,2012-04-14 11:00:00.000,55.372
15684,2012-04-14 12:00:00.000,54.13
15685,2012-04-14 13:00:00.000,42.141999999999996
15686,2012-04-14 14:00:00.000,28.732000000000003
15687,2012-04-14 15:00:00.000,10.637000000000002
15688,2012-04-14 16:00:00.000,2.4989999999999997
15689,2012-04-14 17:00:00.000,0.0
15690,2012-04-14 18:00:00.000,0.0
15691,2012-04-14 19:00:00.000,0.0
15692,2012-04-14 20:00:00.000,0.0
15693,2012-04-14 21:00:00.000,0.0
15694,2012-04-14 22:00:00.000,0.0
15695,2012-04-14 23:00:00.000,0.0
15696,2012-04-15 00:00:00.000,0.0
15697,2012-04-15 01:00:00.000,0.0
15698,2012-04-15 02:00:00.000,0.0
15699,2012-04-15 03:00:00.000,0.0
15700,2012-04-15 04:00:00.000,0.0
15701,2012-04-15 05:00:00.000,0.0
15702,2012-04-15 06:00:00.000,0.7480000000000003
15703,2012-04-15 07:00:00.000,5.572
15704,2012-04-15 08:00:00.000,14.634999999999998
15705,2012-04-15 09:00:00.000,20.890000000000004
15706,2012-04-15 10:00:00.000,24.244
15707,2012-04-15 11:00:00.000,28.894000000000002
15708,2012-04-15 12:00:00.000,25.118000000000002
15709,2012-04-15 13:00:00.000,19.871000000000002
15710,2012-04-15 14:00:00.000,12.337999999999996
15711,2012-04-15 15:00:00.000,8.091000000000001
15712,2012-04-15 16:00:00.000,2.0739999999999994
15713,2012-04-15 17:00:00.000,0.0
15714,2012-04-15 18:00:00.000,0.0
15715,2012-04-15 19:00:00.000,0.0
15716,2012-04-15 20:00:00.000,0.0
15717,2012-04-15 21:00:00.000,0.0
15718,2012-04-15 22:00:00.000,0.0
15719,2012-04-15 23:00:00.000,0.0
15720,2012-04-16 00:00:00.000,0.0
15721,2012-04-16 01:00:00.000,0.0
15722,2012-04-16 02:00:00.000,0.0
15723,2012-04-16 03:00:00.000,0.0
15724,2012-04-16 04:00:00.000,0.0
15725,2012-04-16 05:00:00.000,0.0
15726,2012-04-16 06:00:00.000,0.101
15727,2012-04-16 07:00:00.000,6.401000000000001
15728,2012-04-16 08:00:00.000,16.067
15729,2012-04-16 09:00:00.000,27.916
15730,2012-04-16 10:00:00.000,24.229000000000006
15731,2012-04-16 11:00:00.000,49.617999999999995
15732,2012-04-16 12:00:00.000,39.278999999999996
15733,2012-04-16 13:00:00.000,36.634
15734,2012-04-16 14:00:00.000,31.987000000000005
15735,2012-04-16 15:00:00.000,18.583000000000002
15736,2012-04-16 16:00:00.000,4.627000000000002
15737,2012-04-16 17:00:00.000,0.0
15738,2012-04-16 18:00:00.000,0.0
15739,2012-04-16 19:00:00.000,0.0
15740,2012-04-16 20:00:00.000,0.0
15741,2012-04-16 21:00:00.000,0.0
15742,2012-04-16 22:00:00.000,0.0
15743,2012-04-16 23:00:00.000,0.0
15744,2012-04-17 00:00:00.000,0.0
15745,2012-04-17 01:00:00.000,0.0
15746,2012-04-17 02:00:00.000,0.0
15747,2012-04-17 03:00:00.000,0.0
15748,2012-04-17 04:00:00.000,0.0
15749,2012-04-17 05:00:00.000,0.0
15750,2012-04-17 06:00:00.000,0.0
15751,2012-04-17 07:00:00.000,1.3130000000000002
15752,2012-04-17 08:00:00.000,6.116000000000001
15753,2012-04-17 09:00:00.000,5.028
15754,2012-04-17 10:00:00.000,5.9830000000000005
15755,2012-04-17 11:00:00.000,7.017000000000001
15756,2012-04-17 12:00:00.000,5.479
15757,2012-04-17 13:00:00.000,5.288
15758,2012-04-17 14:00:00.000,3.8949999999999996
15759,2012-04-17 15:00:00.000,1.9829999999999997
15760,2012-04-17 16:00:00.000,0.17100000000000004
15761,2012-04-17 17:00:00.000,0.0
15762,2012-04-17 18:00:00.000,0.0
15763,2012-04-17 19:00:00.000,0.0
15764,2012-04-17 20:00:00.000,0.0
15765,2012-04-17 21:00:00.000,0.0
15766,2012-04-17 22:00:00.000,0.0
15767,2012-04-17 23:00:00.000,0.0
15768,2012-04-18 00:00:00.000,0.0
15769,2012-04-18 01:00:00.000,0.0
15770,2012-04-18 02:00:00.000,0.0
15771,2012-04-18 03:00:00.000,0.0
15772,2012-04-18 04:00:00.000,0.0
15773,2012-04-18 05:00:00.000,0.0
15774,2012-04-18 06:00:00.000,0.013
15775,2012-04-18 07:00:00.000,1.3430000000000004
15776,2012-04-18 08:00:00.000,9.331999999999999
15777,2012-04-18 09:00:00.000,10.350999999999999
15778,2012-04-18 10:00:00.000,3.741000000000001
15779,2012-04-18 11:00:00.000,17.817000000000004
15780,2012-04-18 12:00:00.000,5.183
15781,2012-04-18 13:00:00.000,2.115999999999999
15782,2012-04-18 14:00:00.000,1.6570000000000003
15783,2012-04-18 15:00:00.000,3.8829999999999996
15784,2012-04-18 16:00:00.000,1.6420000000000003
15785,2012-04-18 17:00:00.000,0.0
15786,2012-04-18 18:00:00.000,0.0
15787,2012-04-18 19:00:00.000,0.0
15788,2012-04-18 20:00:00.000,0.0
15789,2012-04-18 21:00:00.000,0.0
15790,2012-04-18 22:00:00.000,0.0
15791,2012-04-18 23:00:00.000,0.0
15792,2012-04-19 00:00:00.000,0.0
15793,2012-04-19 01:00:00.000,0.0
15794,2012-04-19 02:00:00.000,0.0
15795,2012-04-19 03:00:00.000,0.0
15796,2012-04-19 04:00:00.000,0.0
15797,2012-04-19 05:00:00.000,0.0
15798,2012-04-19 06:00:00.000,0.012
15799,2012-04-19 07:00:00.000,8.072
15800,2012-04-19 08:00:00.000,21.571
15801,2012-04-19 09:00:00.000,38.453
15802,2012-04-19 10:00:00.000,41.06100000000001
15803,2012-04-19 11:00:00.000,42.314
15804,2012-04-19 12:00:00.000,23.254
15805,2012-04-19 13:00:00.000,21.44000000000001
15806,2012-04-19 14:00:00.000,21.816999999999997
15807,2012-04-19 15:00:00.000,7.7780000000000005
15808,2012-04-19 16:00:00.000,5.469
15809,2012-04-19 17:00:00.000,0.3350000000000001
15810,2012-04-19 18:00:00.000,0.0
15811,2012-04-19 19:00:00.000,0.0
15812,2012-04-19 20:00:00.000,0.0
15813,2012-04-19 21:00:00.000,0.0
15814,2012-04-19 22:00:00.000,0.0
15815,2012-04-19 23:00:00.000,0.0
15816,2012-04-20 00:00:00.000,0.0
15817,2012-04-20 01:00:00.000,0.0
15818,2012-04-20 02:00:00.000,0.0
15819,2012-04-20 03:00:00.000,0.0
15820,2012-04-20 04:00:00.000,0.0
15821,2012-04-20 05:00:00.000,0.0
15822,2012-04-20 06:00:00.000,0.8210000000000003
15823,2012-04-20 07:00:00.000,11.929999999999998
15824,2012-04-20 08:00:00.000,27.116999999999997
15825,2012-04-20 09:00:00.000,37.756
15826,2012-04-20 10:00:00.000,46.419999999999995
15827,2012-04-20 11:00:00.000,42.368
15828,2012-04-20 12:00:00.000,49.538000000000004
15829,2012-04-20 13:00:00.000,43.278000000000006
15830,2012-04-20 14:00:00.000,25.669000000000008
15831,2012-04-20 15:00:00.000,21.694999999999997
15832,2012-04-20 16:00:00.000,7.601999999999999
15833,2012-04-20 17:00:00.000,0.038
15834,2012-04-20 18:00:00.000,0.0
15835,2012-04-20 19:00:00.000,0.0
15836,2012-04-20 20:00:00.000,0.0
15837,2012-04-20 21:00:00.000,0.0
15838,2012-04-20 22:00:00.000,0.0
15839,2012-04-20 23:00:00.000,0.0
15840,2012-04-21 00:00:00.000,0.0
15841,2012-04-21 01:00:00.000,0.0
15842,2012-04-21 02:00:00.000,0.0
15843,2012-04-21 03:00:00.000,0.0
15844,2012-04-21 04:00:00.000,0.0
15845,2012-04-21 05:00:00.000,0.0
15846,2012-04-21 06:00:00.000,0.4990000000000001
15847,2012-04-21 07:00:00.000,6.3420000000000005
15848,2012-04-21 08:00:00.000,17.201000000000004
15849,2012-04-21 09:00:00.000,32.894
15850,2012-04-21 10:00:00.000,32.308
15851,2012-04-21 11:00:00.000,35.785
15852,2012-04-21 12:00:00.000,34.332
15853,2012-04-21 13:00:00.000,39.334
15854,2012-04-21 14:00:00.000,26.629999999999995
15855,2012-04-21 15:00:00.000,10.252
15856,2012-04-21 16:00:00.000,5.925999999999999
15857,2012-04-21 17:00:00.000,0.026
15858,2012-04-21 18:00:00.000,0.0
15859,2012-04-21 19:00:00.000,0.0
15860,2012-04-21 20:00:00.000,0.0
15861,2012-04-21 21:00:00.000,0.0
15862,2012-04-21 22:00:00.000,0.0
15863,2012-04-21 23:00:00.000,0.0
15864,2012-04-22 00:00:00.000,0.0
15865,2012-04-22 01:00:00.000,0.0
15866,2012-04-22 02:00:00.000,0.0
15867,2012-04-22 03:00:00.000,0.0
15868,2012-04-22 04:00:00.000,0.0
15869,2012-04-22 05:00:00.000,0.0
15870,2012-04-22 06:00:00.000,0.152
15871,2012-04-22 07:00:00.000,6.435
15872,2012-04-22 08:00:00.000,14.645999999999994
15873,2012-04-22 09:00:00.000,26.62700000000001
15874,2012-04-22 10:00:00.000,24.606
15875,2012-04-22 11:00:00.000,27.141000000000002
15876,2012-04-22 12:00:00.000,19.383999999999997
15877,2012-04-22 13:00:00.000,29.023000000000003
15878,2012-04-22 14:00:00.000,17.828000000000003
15879,2012-04-22 15:00:00.000,4.711
15880,2012-04-22 16:00:00.000,0.35800000000000015
15881,2012-04-22 17:00:00.000,0.0
15882,2012-04-22 18:00:00.000,0.0
15883,2012-04-22 19:00:00.000,0.0
15884,2012-04-22 20:00:00.000,0.0
15885,2012-04-22 21:00:00.000,0.0
15886,2012-04-22 22:00:00.000,0.0
15887,2012-04-22 23:00:00.000,0.0
15888,2012-04-23 00:00:00.000,0.0
15889,2012-04-23 01:00:00.000,0.0
15890,2012-04-23 02:00:00.000,0.0
15891,2012-04-23 03:00:00.000,0.0
15892,2012-04-23 04:00:00.000,0.0
15893,2012-04-23 05:00:00.000,0.0
15894,2012-04-23 06:00:00.000,0.0
15895,2012-04-23 07:00:00.000,0.7660000000000003
15896,2012-04-23 08:00:00.000,1.856
15897,2012-04-23 09:00:00.000,3.0719999999999983
15898,2012-04-23 10:00:00.000,4.5950000000000015
15899,2012-04-23 11:00:00.000,5.396
15900,2012-04-23 12:00:00.000,4.686000000000001
15901,2012-04-23 13:00:00.000,4.199999999999999
15902,2012-04-23 14:00:00.000,2.894
15903,2012-04-23 15:00:00.000,1.6869999999999998
15904,2012-04-23 16:00:00.000,0.07500000000000001
15905,2012-04-23 17:00:00.000,0.0
15906,2012-04-23 18:00:00.000,0.0
15907,2012-04-23 19:00:00.000,0.0
15908,2012-04-23 20:00:00.000,0.0
15909,2012-04-23 21:00:00.000,0.0
15910,2012-04-23 22:00:00.000,0.0
15911,2012-04-23 23:00:00.000,0.0
15912,2012-04-24 00:00:00.000,0.0
15913,2012-04-24 01:00:00.000,0.0
15914,2012-04-24 02:00:00.000,0.0
15915,2012-04-24 03:00:00.000,0.0
15916,2012-04-24 04:00:00.000,0.0
15917,2012-04-24 05:00:00.000,0.0
15918,2012-04-24 06:00:00.000,0.42400000000000015
15919,2012-04-24 07:00:00.000,7.921999999999998
15920,2012-04-24 08:00:00.000,27.24
15921,2012-04-24 09:00:00.000,41.483000000000004
15922,2012-04-24 10:00:00.000,48.575
15923,2012-04-24 11:00:00.000,36.78699999999999
15924,2012-04-24 12:00:00.000,45.14300000000001
15925,2012-04-24 13:00:00.000,32.54400000000001
15926,2012-04-24 14:00:00.000,27.830000000000005
15927,2012-04-24 15:00:00.000,17.59
15928,2012-04-24 16:00:00.000,3.142
15929,2012-04-24 17:00:00.000,0.031
15930,2012-04-24 18:00:00.000,0.0
15931,2012-04-24 19:00:00.000,0.0
15932,2012-04-24 20:00:00.000,0.0
15933,2012-04-24 21:00:00.000,0.0
15934,2012-04-24 22:00:00.000,0.0
15935,2012-04-24 23:00:00.000,0.0
15936,2012-04-25 00:00:00.000,0.0
15937,2012-04-25 01:00:00.000,0.0
15938,2012-04-25 02:00:00.000,0.0
15939,2012-04-25 03:00:00.000,0.0
15940,2012-04-25 04:00:00.000,0.0
15941,2012-04-25 05:00:00.000,0.0
15942,2012-04-25 06:00:00.000,0.9490000000000002
15943,2012-04-25 07:00:00.000,11.645999999999997
15944,2012-04-25 08:00:00.000,27.746999999999996
15945,2012-04-25 09:00:00.000,43.97
15946,2012-04-25 10:00:00.000,54.740999999999985
15947,2012-04-25 11:00:00.000,58.6
15948,2012-04-25 12:00:00.000,57.327999999999996
15949,2012-04-25 13:00:00.000,51.687999999999995
15950,2012-04-25 14:00:00.000,39.88
15951,2012-04-25 15:00:00.000,23.322000000000003
15952,2012-04-25 16:00:00.000,6.585
15953,2012-04-25 17:00:00.000,0.019
15954,2012-04-25 18:00:00.000,0.0
15955,2012-04-25 19:00:00.000,0.0
15956,2012-04-25 20:00:00.000,0.0
15957,2012-04-25 21:00:00.000,0.0
15958,2012-04-25 22:00:00.000,0.0
15959,2012-04-25 23:00:00.000,0.0
15960,2012-04-26 00:00:00.000,0.0
15961,2012-04-26 01:00:00.000,0.0
15962,2012-04-26 02:00:00.000,0.0
15963,2012-04-26 03:00:00.000,0.0
15964,2012-04-26 04:00:00.000,0.0
15965,2012-04-26 05:00:00.000,0.0
15966,2012-04-26 06:00:00.000,0.8690000000000002
15967,2012-04-26 07:00:00.000,11.212999999999997
15968,2012-04-26 08:00:00.000,26.456999999999994
15969,2012-04-26 09:00:00.000,40.167000000000016
15970,2012-04-26 10:00:00.000,49.177000000000014
15971,2012-04-26 11:00:00.000,53.737
15972,2012-04-26 12:00:00.000,51.81699999999999
15973,2012-04-26 13:00:00.000,44.003
15974,2012-04-26 14:00:00.000,35.355999999999995
15975,2012-04-26 15:00:00.000,17.567999999999998
15976,2012-04-26 16:00:00.000,4.9910000000000005
15977,2012-04-26 17:00:00.000,0.026
15978,2012-04-26 18:00:00.000,0.0
15979,2012-04-26 19:00:00.000,0.0
15980,2012-04-26 20:00:00.000,0.0
15981,2012-04-26 21:00:00.000,0.0
15982,2012-04-26 22:00:00.000,0.0
15983,2012-04-26 23:00:00.000,0.0
15984,2012-04-27 00:00:00.000,0.0
15985,2012-04-27 01:00:00.000,0.0
15986,2012-04-27 02:00:00.000,0.0
15987,2012-04-27 03:00:00.000,0.0
15988,2012-04-27 04:00:00.000,0.0
15989,2012-04-27 05:00:00.000,0.0
15990,2012-04-27 06:00:00.000,0.5170000000000001
15991,2012-04-27 07:00:00.000,8.503999999999998
15992,2012-04-27 08:00:00.000,24.521
15993,2012-04-27 09:00:00.000,36.375
15994,2012-04-27 10:00:00.000,44.908
15995,2012-04-27 11:00:00.000,43.56299999999999
15996,2012-04-27 12:00:00.000,35.972
15997,2012-04-27 13:00:00.000,32.14300000000001
15998,2012-04-27 14:00:00.000,29.615000000000006
15999,2012-04-27 15:00:00.000,16.038999999999998
16000,2012-04-27 16:00:00.000,4.847999999999999
16001,2012-04-27 17:00:00.000,0.012
16002,2012-04-27 18:00:00.000,0.0
16003,2012-04-27 19:00:00.000,0.0
16004,2012-04-27 20:00:00.000,0.0
16005,2012-04-27 21:00:00.000,0.0
16006,2012-04-27 22:00:00.000,0.0
16007,2012-04-27 23:00:00.000,0.0
16008,2012-04-28 00:00:00.000,0.0
16009,2012-04-28 01:00:00.000,0.0
16010,2012-04-28 02:00:00.000,0.0
16011,2012-04-28 03:00:00.000,0.0
16012,2012-04-28 04:00:00.000,0.0
16013,2012-04-28 05:00:00.000,0.0
16014,2012-04-28 06:00:00.000,0.0
16015,2012-04-28 07:00:00.000,4.165
16016,2012-04-28 08:00:00.000,6.923
16017,2012-04-28 09:00:00.000,10.621000000000004
16018,2012-04-28 10:00:00.000,18.396000000000004
16019,2012-04-28 11:00:00.000,24.399000000000004
16020,2012-04-28 12:00:00.000,19.344
16021,2012-04-28 13:00:00.000,11.203999999999999
16022,2012-04-28 14:00:00.000,8.53
16023,2012-04-28 15:00:00.000,9.320000000000004
16024,2012-04-28 16:00:00.000,2.070999999999999
16025,2012-04-28 17:00:00.000,0.0
16026,2012-04-28 18:00:00.000,0.0
16027,2012-04-28 19:00:00.000,0.0
16028,2012-04-28 20:00:00.000,0.0
16029,2012-04-28 21:00:00.000,0.0
16030,2012-04-28 22:00:00.000,0.0
16031,2012-04-28 23:00:00.000,0.0
16032,2012-04-29 00:00:00.000,0.0
16033,2012-04-29 01:00:00.000,0.0
16034,2012-04-29 02:00:00.000,0.0
16035,2012-04-29 03:00:00.000,0.0
16036,2012-04-29 04:00:00.000,0.0
16037,2012-04-29 05:00:00.000,0.0
16038,2012-04-29 06:00:00.000,0.227
16039,2012-04-29 07:00:00.000,11.124
16040,2012-04-29 08:00:00.000,26.329999999999995
16041,2012-04-29 09:00:00.000,40.40100000000002
16042,2012-04-29 10:00:00.000,35.05899999999999
16043,2012-04-29 11:00:00.000,24.429
16044,2012-04-29 12:00:00.000,12.172
16045,2012-04-29 13:00:00.000,5.357999999999999
16046,2012-04-29 14:00:00.000,3.396
16047,2012-04-29 15:00:00.000,1.9610000000000007
16048,2012-04-29 16:00:00.000,0.42200000000000004
16049,2012-04-29 17:00:00.000,0.0
16050,2012-04-29 18:00:00.000,0.0
16051,2012-04-29 19:00:00.000,0.0
16052,2012-04-29 20:00:00.000,0.0
16053,2012-04-29 21:00:00.000,0.0
16054,2012-04-29 22:00:00.000,0.0
16055,2012-04-29 23:00:00.000,0.0
16056,2012-04-30 00:00:00.000,0.0
16057,2012-04-30 01:00:00.000,0.0
16058,2012-04-30 02:00:00.000,0.0
16059,2012-04-30 03:00:00.000,0.0
16060,2012-04-30 04:00:00.000,0.0
16061,2012-04-30 05:00:00.000,0.0
16062,2012-04-30 06:00:00.000,0.0
16063,2012-04-30 07:00:00.000,2.661999999999999
16064,2012-04-30 08:00:00.000,8.581999999999997
16065,2012-04-30 09:00:00.000,13.712000000000002
16066,2012-04-30 10:00:00.000,16.584
16067,2012-04-30 11:00:00.000,12.145000000000003
16068,2012-04-30 12:00:00.000,19.689999999999998
16069,2012-04-30 13:00:00.000,15.914999999999997
16070,2012-04-30 14:00:00.000,22.519000000000002
16071,2012-04-30 15:00:00.000,16.7
16072,2012-04-30 16:00:00.000,4.608999999999998
16073,2012-04-30 17:00:00.000,0.0
16074,2012-04-30 18:00:00.000,0.0
16075,2012-04-30 19:00:00.000,0.0
16076,2012-04-30 20:00:00.000,0.0
16077,2012-04-30 21:00:00.000,0.0
16078,2012-04-30 22:00:00.000,0.0
16079,2012-04-30 23:00:00.000,0.0
16080,2012-05-01 00:00:00.000,0.0
16081,2012-05-01 01:00:00.000,0.0
16082,2012-05-01 02:00:00.000,0.0
16083,2012-05-01 03:00:00.000,0.0
16084,2012-05-01 04:00:00.000,0.0
16085,2012-05-01 05:00:00.000,0.0
16086,2012-05-01 06:00:00.000,0.5860000000000001
16087,2012-05-01 07:00:00.000,11.0
16088,2012-05-01 08:00:00.000,25.881000000000004
16089,2012-05-01 09:00:00.000,38.467
16090,2012-05-01 10:00:00.000,49.324999999999996
16091,2012-05-01 11:00:00.000,47.498999999999995
16092,2012-05-01 12:00:00.000,44.373000000000005
16093,2012-05-01 13:00:00.000,43.388000000000005
16094,2012-05-01 14:00:00.000,25.118
16095,2012-05-01 15:00:00.000,14.449000000000002
16096,2012-05-01 16:00:00.000,4.282
16097,2012-05-01 17:00:00.000,0.0
16098,2012-05-01 18:00:00.000,0.0
16099,2012-05-01 19:00:00.000,0.0
16100,2012-05-01 20:00:00.000,0.0
16101,2012-05-01 21:00:00.000,0.0
16102,2012-05-01 22:00:00.000,0.0
16103,2012-05-01 23:00:00.000,0.0
16104,2012-05-02 00:00:00.000,0.0
16105,2012-05-02 01:00:00.000,0.0
16106,2012-05-02 02:00:00.000,0.0
16107,2012-05-02 03:00:00.000,0.0
16108,2012-05-02 04:00:00.000,0.0
16109,2012-05-02 05:00:00.000,0.0
16110,2012-05-02 06:00:00.000,0.5730000000000002
16111,2012-05-02 07:00:00.000,10.428
16112,2012-05-02 08:00:00.000,25.984
16113,2012-05-02 09:00:00.000,39.665000000000006
16114,2012-05-02 10:00:00.000,48.85399999999999
16115,2012-05-02 11:00:00.000,52.466
16116,2012-05-02 12:00:00.000,51.40499999999999
16117,2012-05-02 13:00:00.000,45.960000000000015
16118,2012-05-02 14:00:00.000,35.120000000000005
16119,2012-05-02 15:00:00.000,16.422
16120,2012-05-02 16:00:00.000,2.8949999999999996
16121,2012-05-02 17:00:00.000,0.0
16122,2012-05-02 18:00:00.000,0.0
16123,2012-05-02 19:00:00.000,0.0
16124,2012-05-02 20:00:00.000,0.0
16125,2012-05-02 21:00:00.000,0.0
16126,2012-05-02 22:00:00.000,0.0
16127,2012-05-02 23:00:00.000,0.0
16128,2012-05-03 00:00:00.000,0.0
16129,2012-05-03 01:00:00.000,0.0
16130,2012-05-03 02:00:00.000,0.0
16131,2012-05-03 03:00:00.000,0.0
16132,2012-05-03 04:00:00.000,0.0
16133,2012-05-03 05:00:00.000,0.0
16134,2012-05-03 06:00:00.000,0.0
16135,2012-05-03 07:00:00.000,1.1770000000000003
16136,2012-05-03 08:00:00.000,3.0439999999999996
16137,2012-05-03 09:00:00.000,12.944
16138,2012-05-03 10:00:00.000,13.613000000000001
16139,2012-05-03 11:00:00.000,21.326000000000004
16140,2012-05-03 12:00:00.000,31.843
16141,2012-05-03 13:00:00.000,28.287999999999993
16142,2012-05-03 14:00:00.000,28.50399999999999
16143,2012-05-03 15:00:00.000,15.686000000000002
16144,2012-05-03 16:00:00.000,4.470000000000001
16145,2012-05-03 17:00:00.000,0.0
16146,2012-05-03 18:00:00.000,0.0
16147,2012-05-03 19:00:00.000,0.0
16148,2012-05-03 20:00:00.000,0.0
16149,2012-05-03 21:00:00.000,0.0
16150,2012-05-03 22:00:00.000,0.0
16151,2012-05-03 23:00:00.000,0.0
16152,2012-05-04 00:00:00.000,0.0
16153,2012-05-04 01:00:00.000,0.0
16154,2012-05-04 02:00:00.000,0.0
16155,2012-05-04 03:00:00.000,0.0
16156,2012-05-04 04:00:00.000,0.0
16157,2012-05-04 05:00:00.000,0.0
16158,2012-05-04 06:00:00.000,0.30800000000000005
16159,2012-05-04 07:00:00.000,5.753
16160,2012-05-04 08:00:00.000,22.498000000000005
16161,2012-05-04 09:00:00.000,31.81
16162,2012-05-04 10:00:00.000,48.301
16163,2012-05-04 11:00:00.000,45.30499999999999
16164,2012-05-04 12:00:00.000,49.516000000000005
16165,2012-05-04 13:00:00.000,44.03899999999999
16166,2012-05-04 14:00:00.000,35.08500000000001
16167,2012-05-04 15:00:00.000,19.053
16168,2012-05-04 16:00:00.000,4.244999999999999
16169,2012-05-04 17:00:00.000,0.0
16170,2012-05-04 18:00:00.000,0.0
16171,2012-05-04 19:00:00.000,0.0
16172,2012-05-04 20:00:00.000,0.0
16173,2012-05-04 21:00:00.000,0.0
16174,2012-05-04 22:00:00.000,0.0
16175,2012-05-04 23:00:00.000,0.0
16176,2012-05-05 00:00:00.000,0.0
16177,2012-05-05 01:00:00.000,0.0
16178,2012-05-05 02:00:00.000,0.0
16179,2012-05-05 03:00:00.000,0.0
16180,2012-05-05 04:00:00.000,0.0
16181,2012-05-05 05:00:00.000,0.0
16182,2012-05-05 06:00:00.000,0.032
16183,2012-05-05 07:00:00.000,1.808
16184,2012-05-05 08:00:00.000,5.701
16185,2012-05-05 09:00:00.000,10.595000000000008
16186,2012-05-05 10:00:00.000,14.908000000000001
16187,2012-05-05 11:00:00.000,30.645000000000003
16188,2012-05-05 12:00:00.000,28.27799999999999
16189,2012-05-05 13:00:00.000,23.733999999999995
16190,2012-05-05 14:00:00.000,28.259999999999998
16191,2012-05-05 15:00:00.000,17.409
16192,2012-05-05 16:00:00.000,4.275999999999999
16193,2012-05-05 17:00:00.000,0.0
16194,2012-05-05 18:00:00.000,0.0
16195,2012-05-05 19:00:00.000,0.0
16196,2012-05-05 20:00:00.000,0.0
16197,2012-05-05 21:00:00.000,0.0
16198,2012-05-05 22:00:00.000,0.0
16199,2012-05-05 23:00:00.000,0.0
16200,2012-05-06 00:00:00.000,0.0
16201,2012-05-06 01:00:00.000,0.0
16202,2012-05-06 02:00:00.000,0.0
16203,2012-05-06 03:00:00.000,0.0
16204,2012-05-06 04:00:00.000,0.0
16205,2012-05-06 05:00:00.000,0.0
16206,2012-05-06 06:00:00.000,0.43100000000000005
16207,2012-05-06 07:00:00.000,9.721000000000002
16208,2012-05-06 08:00:00.000,24.953999999999994
16209,2012-05-06 09:00:00.000,40.396
16210,2012-05-06 10:00:00.000,51.25900000000001
16211,2012-05-06 11:00:00.000,54.58300000000001
16212,2012-05-06 12:00:00.000,51.715
16213,2012-05-06 13:00:00.000,46.29500000000001
16214,2012-05-06 14:00:00.000,35.85199999999999
16215,2012-05-06 15:00:00.000,19.676
16216,2012-05-06 16:00:00.000,4.281
16217,2012-05-06 17:00:00.000,0.0
16218,2012-05-06 18:00:00.000,0.0
16219,2012-05-06 19:00:00.000,0.0
16220,2012-05-06 20:00:00.000,0.0
16221,2012-05-06 21:00:00.000,0.0
16222,2012-05-06 22:00:00.000,0.0
16223,2012-05-06 23:00:00.000,0.0
16224,2012-05-07 00:00:00.000,0.0
16225,2012-05-07 01:00:00.000,0.0
16226,2012-05-07 02:00:00.000,0.0
16227,2012-05-07 03:00:00.000,0.0
16228,2012-05-07 04:00:00.000,0.0
16229,2012-05-07 05:00:00.000,0.0
16230,2012-05-07 06:00:00.000,0.076
16231,2012-05-07 07:00:00.000,3.619999999999999
16232,2012-05-07 08:00:00.000,11.256999999999996
16233,2012-05-07 09:00:00.000,13.168000000000001
16234,2012-05-07 10:00:00.000,22.929000000000002
16235,2012-05-07 11:00:00.000,24.153000000000006
16236,2012-05-07 12:00:00.000,27.107999999999997
16237,2012-05-07 13:00:00.000,34.08199999999999
16238,2012-05-07 14:00:00.000,19.47
16239,2012-05-07 15:00:00.000,7.568
16240,2012-05-07 16:00:00.000,4.179999999999999
16241,2012-05-07 17:00:00.000,0.0
16242,2012-05-07 18:00:00.000,0.0
16243,2012-05-07 19:00:00.000,0.0
16244,2012-05-07 20:00:00.000,0.0
16245,2012-05-07 21:00:00.000,0.0
16246,2012-05-07 22:00:00.000,0.0
16247,2012-05-07 23:00:00.000,0.0
16248,2012-05-08 00:00:00.000,0.0
16249,2012-05-08 01:00:00.000,0.0
16250,2012-05-08 02:00:00.000,0.0
16251,2012-05-08 03:00:00.000,0.0
16252,2012-05-08 04:00:00.000,0.0
16253,2012-05-08 05:00:00.000,0.0
16254,2012-05-08 06:00:00.000,0.404
16255,2012-05-08 07:00:00.000,9.402
16256,2012-05-08 08:00:00.000,23.813
16257,2012-05-08 09:00:00.000,37.367
16258,2012-05-08 10:00:00.000,47.568
16259,2012-05-08 11:00:00.000,51.358000000000004
16260,2012-05-08 12:00:00.000,49.739
16261,2012-05-08 13:00:00.000,44.374
16262,2012-05-08 14:00:00.000,33.32999999999999
16263,2012-05-08 15:00:00.000,18.083000000000002
16264,2012-05-08 16:00:00.000,3.791
16265,2012-05-08 17:00:00.000,0.0
16266,2012-05-08 18:00:00.000,0.0
16267,2012-05-08 19:00:00.000,0.0
16268,2012-05-08 20:00:00.000,0.0
16269,2012-05-08 21:00:00.000,0.0
16270,2012-05-08 22:00:00.000,0.0
16271,2012-05-08 23:00:00.000,0.0
16272,2012-05-09 00:00:00.000,0.0
16273,2012-05-09 01:00:00.000,0.0
16274,2012-05-09 02:00:00.000,0.0
16275,2012-05-09 03:00:00.000,0.0
16276,2012-05-09 04:00:00.000,0.0
16277,2012-05-09 05:00:00.000,0.0
16278,2012-05-09 06:00:00.000,0.318
16279,2012-05-09 07:00:00.000,9.126
16280,2012-05-09 08:00:00.000,23.486
16281,2012-05-09 09:00:00.000,37.82399999999999
16282,2012-05-09 10:00:00.000,47.60799999999999
16283,2012-05-09 11:00:00.000,51.369
16284,2012-05-09 12:00:00.000,49.873
16285,2012-05-09 13:00:00.000,44.563999999999986
16286,2012-05-09 14:00:00.000,33.096999999999994
16287,2012-05-09 15:00:00.000,17.635
16288,2012-05-09 16:00:00.000,3.3529999999999993
16289,2012-05-09 17:00:00.000,0.0
16290,2012-05-09 18:00:00.000,0.0
16291,2012-05-09 19:00:00.000,0.0
16292,2012-05-09 20:00:00.000,0.0
16293,2012-05-09 21:00:00.000,0.0
16294,2012-05-09 22:00:00.000,0.0
16295,2012-05-09 23:00:00.000,0.0
16296,2012-05-10 00:00:00.000,0.0
16297,2012-05-10 01:00:00.000,0.0
16298,2012-05-10 02:00:00.000,0.0
16299,2012-05-10 03:00:00.000,0.0
16300,2012-05-10 04:00:00.000,0.0
16301,2012-05-10 05:00:00.000,0.0
16302,2012-05-10 06:00:00.000,0.253
16303,2012-05-10 07:00:00.000,8.301
16304,2012-05-10 08:00:00.000,23.265999999999995
16305,2012-05-10 09:00:00.000,37.247
16306,2012-05-10 10:00:00.000,46.40399999999999
16307,2012-05-10 11:00:00.000,49.792999999999985
16308,2012-05-10 12:00:00.000,48.50700000000001
16309,2012-05-10 13:00:00.000,42.949
16310,2012-05-10 14:00:00.000,31.619000000000003
16311,2012-05-10 15:00:00.000,16.898
16312,2012-05-10 16:00:00.000,3.1070000000000007
16313,2012-05-10 17:00:00.000,0.0
16314,2012-05-10 18:00:00.000,0.0
16315,2012-05-10 19:00:00.000,0.0
16316,2012-05-10 20:00:00.000,0.0
16317,2012-05-10 21:00:00.000,0.0
16318,2012-05-10 22:00:00.000,0.0
16319,2012-05-10 23:00:00.000,0.0
16320,2012-05-11 00:00:00.000,0.0
16321,2012-05-11 01:00:00.000,0.0
16322,2012-05-11 02:00:00.000,0.0
16323,2012-05-11 03:00:00.000,0.0
16324,2012-05-11 04:00:00.000,0.0
16325,2012-05-11 05:00:00.000,0.0
16326,2012-05-11 06:00:00.000,0.259
16327,2012-05-11 07:00:00.000,9.653
16328,2012-05-11 08:00:00.000,20.014
16329,2012-05-11 09:00:00.000,36.809999999999995
16330,2012-05-11 10:00:00.000,46.205
16331,2012-05-11 11:00:00.000,49.91599999999998
16332,2012-05-11 12:00:00.000,47.66299999999999
16333,2012-05-11 13:00:00.000,16.891000000000005
16334,2012-05-11 14:00:00.000,19.309999999999995
16335,2012-05-11 15:00:00.000,12.006000000000004
16336,2012-05-11 16:00:00.000,3.498
16337,2012-05-11 17:00:00.000,0.0
16338,2012-05-11 18:00:00.000,0.0
16339,2012-05-11 19:00:00.000,0.0
16340,2012-05-11 20:00:00.000,0.0
16341,2012-05-11 21:00:00.000,0.0
16342,2012-05-11 22:00:00.000,0.0
16343,2012-05-11 23:00:00.000,0.0
16344,2012-05-12 00:00:00.000,0.0
16345,2012-05-12 01:00:00.000,0.0
16346,2012-05-12 02:00:00.000,0.0
16347,2012-05-12 03:00:00.000,0.0
16348,2012-05-12 04:00:00.000,0.0
16349,2012-05-12 05:00:00.000,0.0
16350,2012-05-12 06:00:00.000,0.158
16351,2012-05-12 07:00:00.000,8.003999999999998
16352,2012-05-12 08:00:00.000,22.989
16353,2012-05-12 09:00:00.000,36.00999999999999
16354,2012-05-12 10:00:00.000,45.086999999999996
16355,2012-05-12 11:00:00.000,48.27099999999999
16356,2012-05-12 12:00:00.000,48.642999999999994
16357,2012-05-12 13:00:00.000,43.783
16358,2012-05-12 14:00:00.000,32.291
16359,2012-05-12 15:00:00.000,17.159000000000002
16360,2012-05-12 16:00:00.000,2.6249999999999996
16361,2012-05-12 17:00:00.000,0.0
16362,2012-05-12 18:00:00.000,0.0
16363,2012-05-12 19:00:00.000,0.0
16364,2012-05-12 20:00:00.000,0.0
16365,2012-05-12 21:00:00.000,0.0
16366,2012-05-12 22:00:00.000,0.0
16367,2012-05-12 23:00:00.000,0.0
16368,2012-05-13 00:00:00.000,0.0
16369,2012-05-13 01:00:00.000,0.0
16370,2012-05-13 02:00:00.000,0.0
16371,2012-05-13 03:00:00.000,0.0
16372,2012-05-13 04:00:00.000,0.0
16373,2012-05-13 05:00:00.000,0.0
16374,2012-05-13 06:00:00.000,0.23199999999999998
16375,2012-05-13 07:00:00.000,8.179
16376,2012-05-13 08:00:00.000,23.630000000000006
16377,2012-05-13 09:00:00.000,38.341
16378,2012-05-13 10:00:00.000,47.803000000000004
16379,2012-05-13 11:00:00.000,52.448999999999984
16380,2012-05-13 12:00:00.000,51.778999999999996
16381,2012-05-13 13:00:00.000,46.33
16382,2012-05-13 14:00:00.000,33.26400000000001
16383,2012-05-13 15:00:00.000,14.156999999999995
16384,2012-05-13 16:00:00.000,3.2500000000000004
16385,2012-05-13 17:00:00.000,0.0
16386,2012-05-13 18:00:00.000,0.0
16387,2012-05-13 19:00:00.000,0.0
16388,2012-05-13 20:00:00.000,0.0
16389,2012-05-13 21:00:00.000,0.0
16390,2012-05-13 22:00:00.000,0.0
16391,2012-05-13 23:00:00.000,0.0
16392,2012-05-14 00:00:00.000,0.0
16393,2012-05-14 01:00:00.000,0.0
16394,2012-05-14 02:00:00.000,0.0
16395,2012-05-14 03:00:00.000,0.0
16396,2012-05-14 04:00:00.000,0.0
16397,2012-05-14 05:00:00.000,0.0
16398,2012-05-14 06:00:00.000,0.177
16399,2012-05-14 07:00:00.000,8.301
16400,2012-05-14 08:00:00.000,23.342999999999993
16401,2012-05-14 09:00:00.000,37.388
16402,2012-05-14 10:00:00.000,46.723
16403,2012-05-14 11:00:00.000,52.043
16404,2012-05-14 12:00:00.000,50.795
16405,2012-05-14 13:00:00.000,45.227
16406,2012-05-14 14:00:00.000,33.41699999999999
16407,2012-05-14 15:00:00.000,17.964999999999996
16408,2012-05-14 16:00:00.000,3.447999999999999
16409,2012-05-14 17:00:00.000,0.0
16410,2012-05-14 18:00:00.000,0.0
16411,2012-05-14 19:00:00.000,0.0
16412,2012-05-14 20:00:00.000,0.0
16413,2012-05-14 21:00:00.000,0.0
16414,2012-05-14 22:00:00.000,0.0
16415,2012-05-14 23:00:00.000,0.0
16416,2012-05-15 00:00:00.000,0.0
16417,2012-05-15 01:00:00.000,0.0
16418,2012-05-15 02:00:00.000,0.0
16419,2012-05-15 03:00:00.000,0.0
16420,2012-05-15 04:00:00.000,0.0
16421,2012-05-15 05:00:00.000,0.0
16422,2012-05-15 06:00:00.000,0.032
16423,2012-05-15 07:00:00.000,8.073
16424,2012-05-15 08:00:00.000,23.090999999999998
16425,2012-05-15 09:00:00.000,36.231000000000016
16426,2012-05-15 10:00:00.000,45.071000000000005
16427,2012-05-15 11:00:00.000,50.306000000000004
16428,2012-05-15 12:00:00.000,49.18
16429,2012-05-15 13:00:00.000,43.46699999999999
16430,2012-05-15 14:00:00.000,32.055
16431,2012-05-15 15:00:00.000,16.494999999999997
16432,2012-05-15 16:00:00.000,2.8229999999999995
16433,2012-05-15 17:00:00.000,0.0
16434,2012-05-15 18:00:00.000,0.0
16435,2012-05-15 19:00:00.000,0.0
16436,2012-05-15 20:00:00.000,0.0
16437,2012-05-15 21:00:00.000,0.0
16438,2012-05-15 22:00:00.000,0.0
16439,2012-05-15 23:00:00.000,0.0
16440,2012-05-16 00:00:00.000,0.0
16441,2012-05-16 01:00:00.000,0.0
16442,2012-05-16 02:00:00.000,0.0
16443,2012-05-16 03:00:00.000,0.0
16444,2012-05-16 04:00:00.000,0.0
16445,2012-05-16 05:00:00.000,0.0
16446,2012-05-16 06:00:00.000,0.0
16447,2012-05-16 07:00:00.000,3.795
16448,2012-05-16 08:00:00.000,8.902999999999999
16449,2012-05-16 09:00:00.000,19.638999999999996
16450,2012-05-16 10:00:00.000,16.017
16451,2012-05-16 11:00:00.000,28.869
16452,2012-05-16 12:00:00.000,29.935999999999996
16453,2012-05-16 13:00:00.000,23.925
16454,2012-05-16 14:00:00.000,19.102
16455,2012-05-16 15:00:00.000,15.923000000000002
16456,2012-05-16 16:00:00.000,2.768999999999999
16457,2012-05-16 17:00:00.000,0.0
16458,2012-05-16 18:00:00.000,0.0
16459,2012-05-16 19:00:00.000,0.0
16460,2012-05-16 20:00:00.000,0.0
16461,2012-05-16 21:00:00.000,0.0
16462,2012-05-16 22:00:00.000,0.0
16463,2012-05-16 23:00:00.000,0.0
16464,2012-05-17 00:00:00.000,0.0
16465,2012-05-17 01:00:00.000,0.0
16466,2012-05-17 02:00:00.000,0.0
16467,2012-05-17 03:00:00.000,0.0
16468,2012-05-17 04:00:00.000,0.0
16469,2012-05-17 05:00:00.000,0.0
16470,2012-05-17 06:00:00.000,0.095
16471,2012-05-17 07:00:00.000,7.783
16472,2012-05-17 08:00:00.000,22.343
16473,2012-05-17 09:00:00.000,34.78299999999999
16474,2012-05-17 10:00:00.000,43.23599999999998
16475,2012-05-17 11:00:00.000,44.64599999999999
16476,2012-05-17 12:00:00.000,40.654
16477,2012-05-17 13:00:00.000,36.679
16478,2012-05-17 14:00:00.000,27.724
16479,2012-05-17 15:00:00.000,14.700000000000001
16480,2012-05-17 16:00:00.000,2.4299999999999997
16481,2012-05-17 17:00:00.000,0.0
16482,2012-05-17 18:00:00.000,0.0
16483,2012-05-17 19:00:00.000,0.0
16484,2012-05-17 20:00:00.000,0.0
16485,2012-05-17 21:00:00.000,0.0
16486,2012-05-17 22:00:00.000,0.0
16487,2012-05-17 23:00:00.000,0.0
16488,2012-05-18 00:00:00.000,0.0
16489,2012-05-18 01:00:00.000,0.0
16490,2012-05-18 02:00:00.000,0.0
16491,2012-05-18 03:00:00.000,0.0
16492,2012-05-18 04:00:00.000,0.0
16493,2012-05-18 05:00:00.000,0.0
16494,2012-05-18 06:00:00.000,0.06999999999999999
16495,2012-05-18 07:00:00.000,7.428
16496,2012-05-18 08:00:00.000,21.548999999999992
16497,2012-05-18 09:00:00.000,34.318999999999996
16498,2012-05-18 10:00:00.000,43.20899999999999
16499,2012-05-18 11:00:00.000,48.10399999999999
16500,2012-05-18 12:00:00.000,47.150000000000006
16501,2012-05-18 13:00:00.000,41.514
16502,2012-05-18 14:00:00.000,30.949
16503,2012-05-18 15:00:00.000,15.848000000000004
16504,2012-05-18 16:00:00.000,2.521
16505,2012-05-18 17:00:00.000,0.0
16506,2012-05-18 18:00:00.000,0.0
16507,2012-05-18 19:00:00.000,0.0
16508,2012-05-18 20:00:00.000,0.0
16509,2012-05-18 21:00:00.000,0.0
16510,2012-05-18 22:00:00.000,0.0
16511,2012-05-18 23:00:00.000,0.0
16512,2012-05-19 00:00:00.000,0.0
16513,2012-05-19 01:00:00.000,0.0
16514,2012-05-19 02:00:00.000,0.0
16515,2012-05-19 03:00:00.000,0.0
16516,2012-05-19 04:00:00.000,0.0
16517,2012-05-19 05:00:00.000,0.0
16518,2012-05-19 06:00:00.000,0.121
16519,2012-05-19 07:00:00.000,7.761999999999999
16520,2012-05-19 08:00:00.000,21.322000000000003
16521,2012-05-19 09:00:00.000,35.24300000000001
16522,2012-05-19 10:00:00.000,42.148
16523,2012-05-19 11:00:00.000,45.93999999999999
16524,2012-05-19 12:00:00.000,44.849
16525,2012-05-19 13:00:00.000,33.799
16526,2012-05-19 14:00:00.000,25.988000000000007
16527,2012-05-19 15:00:00.000,13.136999999999999
16528,2012-05-19 16:00:00.000,2.439999999999999
16529,2012-05-19 17:00:00.000,0.0
16530,2012-05-19 18:00:00.000,0.0
16531,2012-05-19 19:00:00.000,0.0
16532,2012-05-19 20:00:00.000,0.0
16533,2012-05-19 21:00:00.000,0.0
16534,2012-05-19 22:00:00.000,0.0
16535,2012-05-19 23:00:00.000,0.0
16536,2012-05-20 00:00:00.000,0.0
16537,2012-05-20 01:00:00.000,0.0
16538,2012-05-20 02:00:00.000,0.0
16539,2012-05-20 03:00:00.000,0.0
16540,2012-05-20 04:00:00.000,0.0
16541,2012-05-20 05:00:00.000,0.0
16542,2012-05-20 06:00:00.000,0.013
16543,2012-05-20 07:00:00.000,4.4430000000000005
16544,2012-05-20 08:00:00.000,21.261999999999997
16545,2012-05-20 09:00:00.000,34.202000000000005
16546,2012-05-20 10:00:00.000,40.97199999999999
16547,2012-05-20 11:00:00.000,19.262999999999998
16548,2012-05-20 12:00:00.000,20.156999999999996
16549,2012-05-20 13:00:00.000,19.754000000000005
16550,2012-05-20 14:00:00.000,14.070999999999996
16551,2012-05-20 15:00:00.000,3.4399999999999986
16552,2012-05-20 16:00:00.000,0.5420000000000001
16553,2012-05-20 17:00:00.000,0.0
16554,2012-05-20 18:00:00.000,0.0
16555,2012-05-20 19:00:00.000,0.0
16556,2012-05-20 20:00:00.000,0.0
16557,2012-05-20 21:00:00.000,0.0
16558,2012-05-20 22:00:00.000,0.0
16559,2012-05-20 23:00:00.000,0.0
16560,2012-05-21 00:00:00.000,0.0
16561,2012-05-21 01:00:00.000,0.0
16562,2012-05-21 02:00:00.000,0.0
16563,2012-05-21 03:00:00.000,0.0
16564,2012-05-21 04:00:00.000,0.0
16565,2012-05-21 05:00:00.000,0.0
16566,2012-05-21 06:00:00.000,0.038
16567,2012-05-21 07:00:00.000,6.8050000000000015
16568,2012-05-21 08:00:00.000,20.016999999999996
16569,2012-05-21 09:00:00.000,31.596
16570,2012-05-21 10:00:00.000,37.995
16571,2012-05-21 11:00:00.000,44.259999999999984
16572,2012-05-21 12:00:00.000,44.925000000000004
16573,2012-05-21 13:00:00.000,37.247
16574,2012-05-21 14:00:00.000,29.308
16575,2012-05-21 15:00:00.000,15.117999999999999
16576,2012-05-21 16:00:00.000,2.2399999999999998
16577,2012-05-21 17:00:00.000,0.0
16578,2012-05-21 18:00:00.000,0.0
16579,2012-05-21 19:00:00.000,0.0
16580,2012-05-21 20:00:00.000,0.0
16581,2012-05-21 21:00:00.000,0.0
16582,2012-05-21 22:00:00.000,0.0
16583,2012-05-21 23:00:00.000,0.0
16584,2012-05-22 00:00:00.000,0.0
16585,2012-05-22 01:00:00.000,0.0
16586,2012-05-22 02:00:00.000,0.0
16587,2012-05-22 03:00:00.000,0.0
16588,2012-05-22 04:00:00.000,0.0
16589,2012-05-22 05:00:00.000,0.0
16590,2012-05-22 06:00:00.000,0.032
16591,2012-05-22 07:00:00.000,6.481
16592,2012-05-22 08:00:00.000,20.936000000000003
16593,2012-05-22 09:00:00.000,34.71499999999999
16594,2012-05-22 10:00:00.000,43.624
16595,2012-05-22 11:00:00.000,49.46799999999999
16596,2012-05-22 12:00:00.000,48.752999999999986
16597,2012-05-22 13:00:00.000,42.648
16598,2012-05-22 14:00:00.000,31.385999999999996
16599,2012-05-22 15:00:00.000,15.537000000000003
16600,2012-05-22 16:00:00.000,2.3310000000000004
16601,2012-05-22 17:00:00.000,0.0
16602,2012-05-22 18:00:00.000,0.0
16603,2012-05-22 19:00:00.000,0.0
16604,2012-05-22 20:00:00.000,0.0
16605,2012-05-22 21:00:00.000,0.0
16606,2012-05-22 22:00:00.000,0.0
16607,2012-05-22 23:00:00.000,0.0
16608,2012-05-23 00:00:00.000,0.0
16609,2012-05-23 01:00:00.000,0.0
16610,2012-05-23 02:00:00.000,0.0
16611,2012-05-23 03:00:00.000,0.0
16612,2012-05-23 04:00:00.000,0.0
16613,2012-05-23 05:00:00.000,0.0
16614,2012-05-23 06:00:00.000,0.063
16615,2012-05-23 07:00:00.000,6.873
16616,2012-05-23 08:00:00.000,21.37800000000001
16617,2012-05-23 09:00:00.000,35.156
16618,2012-05-23 10:00:00.000,44.246
16619,2012-05-23 11:00:00.000,49.945
16620,2012-05-23 12:00:00.000,48.97699999999999
16621,2012-05-23 13:00:00.000,42.643
16622,2012-05-23 14:00:00.000,31.743
16623,2012-05-23 15:00:00.000,15.706999999999999
16624,2012-05-23 16:00:00.000,2.273
16625,2012-05-23 17:00:00.000,0.0
16626,2012-05-23 18:00:00.000,0.0
16627,2012-05-23 19:00:00.000,0.0
16628,2012-05-23 20:00:00.000,0.0
16629,2012-05-23 21:00:00.000,0.0
16630,2012-05-23 22:00:00.000,0.0
16631,2012-05-23 23:00:00.000,0.0
16632,2012-05-24 00:00:00.000,0.0
16633,2012-05-24 01:00:00.000,0.0
16634,2012-05-24 02:00:00.000,0.0
16635,2012-05-24 03:00:00.000,0.0
16636,2012-05-24 04:00:00.000,0.0
16637,2012-05-24 05:00:00.000,0.0
16638,2012-05-24 06:00:00.000,0.0
16639,2012-05-24 07:00:00.000,2.0739999999999985
16640,2012-05-24 08:00:00.000,8.774
16641,2012-05-24 09:00:00.000,12.983999999999998
16642,2012-05-24 10:00:00.000,16.320999999999998
16643,2012-05-24 11:00:00.000,9.487
16644,2012-05-24 12:00:00.000,14.228
16645,2012-05-24 13:00:00.000,2.432
16646,2012-05-24 14:00:00.000,2.187
16647,2012-05-24 15:00:00.000,0.32900000000000007
16648,2012-05-24 16:00:00.000,0.0
16649,2012-05-24 17:00:00.000,0.0
16650,2012-05-24 18:00:00.000,0.0
16651,2012-05-24 19:00:00.000,0.0
16652,2012-05-24 20:00:00.000,0.0
16653,2012-05-24 21:00:00.000,0.0
16654,2012-05-24 22:00:00.000,0.0
16655,2012-05-24 23:00:00.000,0.0
16656,2012-05-25 00:00:00.000,0.0
16657,2012-05-25 01:00:00.000,0.0
16658,2012-05-25 02:00:00.000,0.0
16659,2012-05-25 03:00:00.000,0.0
16660,2012-05-25 04:00:00.000,0.0
16661,2012-05-25 05:00:00.000,0.0
16662,2012-05-25 06:00:00.000,0.0
16663,2012-05-25 07:00:00.000,0.051000000000000004
16664,2012-05-25 08:00:00.000,0.6700000000000003
16665,2012-05-25 09:00:00.000,1.902
16666,2012-05-25 10:00:00.000,2.502
16667,2012-05-25 11:00:00.000,2.3080000000000007
16668,2012-05-25 12:00:00.000,10.526999999999997
16669,2012-05-25 13:00:00.000,28.617999999999995
16670,2012-05-25 14:00:00.000,21.325999999999997
16671,2012-05-25 15:00:00.000,17.061000000000003
16672,2012-05-25 16:00:00.000,3.0000000000000004
16673,2012-05-25 17:00:00.000,0.0
16674,2012-05-25 18:00:00.000,0.0
16675,2012-05-25 19:00:00.000,0.0
16676,2012-05-25 20:00:00.000,0.0
16677,2012-05-25 21:00:00.000,0.0
16678,2012-05-25 22:00:00.000,0.0
16679,2012-05-25 23:00:00.000,0.0
16680,2012-05-26 00:00:00.000,0.0
16681,2012-05-26 01:00:00.000,0.0
16682,2012-05-26 02:00:00.000,0.0
16683,2012-05-26 03:00:00.000,0.0
16684,2012-05-26 04:00:00.000,0.0
16685,2012-05-26 05:00:00.000,0.0
16686,2012-05-26 06:00:00.000,0.019
16687,2012-05-26 07:00:00.000,6.522
16688,2012-05-26 08:00:00.000,21.293000000000006
16689,2012-05-26 09:00:00.000,35.556
16690,2012-05-26 10:00:00.000,44.823000000000015
16691,2012-05-26 11:00:00.000,50.316999999999986
16692,2012-05-26 12:00:00.000,50.021
16693,2012-05-26 13:00:00.000,43.565999999999995
16694,2012-05-26 14:00:00.000,32.282
16695,2012-05-26 15:00:00.000,13.160000000000002
16696,2012-05-26 16:00:00.000,2.1350000000000002
16697,2012-05-26 17:00:00.000,0.0
16698,2012-05-26 18:00:00.000,0.0
16699,2012-05-26 19:00:00.000,0.0
16700,2012-05-26 20:00:00.000,0.0
16701,2012-05-26 21:00:00.000,0.0
16702,2012-05-26 22:00:00.000,0.0
16703,2012-05-26 23:00:00.000,0.0
16704,2012-05-27 00:00:00.000,0.0
16705,2012-05-27 01:00:00.000,0.0
16706,2012-05-27 02:00:00.000,0.0
16707,2012-05-27 03:00:00.000,0.0
16708,2012-05-27 04:00:00.000,0.0
16709,2012-05-27 05:00:00.000,0.0
16710,2012-05-27 06:00:00.000,0.019
16711,2012-05-27 07:00:00.000,7.054
16712,2012-05-27 08:00:00.000,18.287
16713,2012-05-27 09:00:00.000,33.344
16714,2012-05-27 10:00:00.000,39.863
16715,2012-05-27 11:00:00.000,45.422
16716,2012-05-27 12:00:00.000,38.314
16717,2012-05-27 13:00:00.000,42.386999999999986
16718,2012-05-27 14:00:00.000,30.865
16719,2012-05-27 15:00:00.000,13.136
16720,2012-05-27 16:00:00.000,2.0789999999999993
16721,2012-05-27 17:00:00.000,0.0
16722,2012-05-27 18:00:00.000,0.0
16723,2012-05-27 19:00:00.000,0.0
16724,2012-05-27 20:00:00.000,0.0
16725,2012-05-27 21:00:00.000,0.0
16726,2012-05-27 22:00:00.000,0.0
16727,2012-05-27 23:00:00.000,0.0
16728,2012-05-28 00:00:00.000,0.0
16729,2012-05-28 01:00:00.000,0.0
16730,2012-05-28 02:00:00.000,0.0
16731,2012-05-28 03:00:00.000,0.0
16732,2012-05-28 04:00:00.000,0.0
16733,2012-05-28 05:00:00.000,0.0
16734,2012-05-28 06:00:00.000,0.0
16735,2012-05-28 07:00:00.000,5.097999999999999
16736,2012-05-28 08:00:00.000,19.247
16737,2012-05-28 09:00:00.000,32.657000000000004
16738,2012-05-28 10:00:00.000,41.796999999999976
16739,2012-05-28 11:00:00.000,42.04599999999999
16740,2012-05-28 12:00:00.000,43.77499999999999
16741,2012-05-28 13:00:00.000,40.51099999999999
16742,2012-05-28 14:00:00.000,29.365000000000002
16743,2012-05-28 15:00:00.000,13.590999999999996
16744,2012-05-28 16:00:00.000,0.8760000000000003
16745,2012-05-28 17:00:00.000,0.0
16746,2012-05-28 18:00:00.000,0.0
16747,2012-05-28 19:00:00.000,0.0
16748,2012-05-28 20:00:00.000,0.0
16749,2012-05-28 21:00:00.000,0.0
16750,2012-05-28 22:00:00.000,0.0
16751,2012-05-28 23:00:00.000,0.0
16752,2012-05-29 00:00:00.000,0.0
16753,2012-05-29 01:00:00.000,0.0
16754,2012-05-29 02:00:00.000,0.0
16755,2012-05-29 03:00:00.000,0.0
16756,2012-05-29 04:00:00.000,0.0
16757,2012-05-29 05:00:00.000,0.0
16758,2012-05-29 06:00:00.000,0.0
16759,2012-05-29 07:00:00.000,1.4320000000000002
16760,2012-05-29 08:00:00.000,6.161000000000001
16761,2012-05-29 09:00:00.000,13.650000000000002
16762,2012-05-29 10:00:00.000,19.214000000000002
16763,2012-05-29 11:00:00.000,32.525999999999996
16764,2012-05-29 12:00:00.000,28.833000000000006
16765,2012-05-29 13:00:00.000,27.769
16766,2012-05-29 14:00:00.000,18.258000000000006
16767,2012-05-29 15:00:00.000,13.223999999999995
16768,2012-05-29 16:00:00.000,0.4140000000000001
16769,2012-05-29 17:00:00.000,0.0
16770,2012-05-29 18:00:00.000,0.0
16771,2012-05-29 19:00:00.000,0.0
16772,2012-05-29 20:00:00.000,0.0
16773,2012-05-29 21:00:00.000,0.0
16774,2012-05-29 22:00:00.000,0.0
16775,2012-05-29 23:00:00.000,0.0
16776,2012-05-30 00:00:00.000,0.0
16777,2012-05-30 01:00:00.000,0.0
16778,2012-05-30 02:00:00.000,0.0
16779,2012-05-30 03:00:00.000,0.0
16780,2012-05-30 04:00:00.000,0.0
16781,2012-05-30 05:00:00.000,0.0
16782,2012-05-30 06:00:00.000,0.0
16783,2012-05-30 07:00:00.000,1.929
16784,2012-05-30 08:00:00.000,7.662999999999998
16785,2012-05-30 09:00:00.000,13.459000000000001
16786,2012-05-30 10:00:00.000,16.602000000000004
16787,2012-05-30 11:00:00.000,30.751000000000005
16788,2012-05-30 12:00:00.000,13.705000000000002
16789,2012-05-30 13:00:00.000,20.819
16790,2012-05-30 14:00:00.000,25.233999999999995
16791,2012-05-30 15:00:00.000,7.722000000000001
16792,2012-05-30 16:00:00.000,1.9889999999999997
16793,2012-05-30 17:00:00.000,0.0
16794,2012-05-30 18:00:00.000,0.0
16795,2012-05-30 19:00:00.000,0.0
16796,2012-05-30 20:00:00.000,0.0
16797,2012-05-30 21:00:00.000,0.0
16798,2012-05-30 22:00:00.000,0.0
16799,2012-05-30 23:00:00.000,0.0
16800,2012-05-31 00:00:00.000,0.0
16801,2012-05-31 01:00:00.000,0.0
16802,2012-05-31 02:00:00.000,0.0
16803,2012-05-31 03:00:00.000,0.0
16804,2012-05-31 04:00:00.000,0.0
16805,2012-05-31 05:00:00.000,0.0
16806,2012-05-31 06:00:00.000,0.0
16807,2012-05-31 07:00:00.000,0.4700000000000002
16808,2012-05-31 08:00:00.000,2.8810000000000002
16809,2012-05-31 09:00:00.000,15.497999999999996
16810,2012-05-31 10:00:00.000,17.292
16811,2012-05-31 11:00:00.000,32.73700000000001
16812,2012-05-31 12:00:00.000,29.957000000000008
16813,2012-05-31 13:00:00.000,33.965999999999994
16814,2012-05-31 14:00:00.000,22.419000000000004
16815,2012-05-31 15:00:00.000,13.043
16816,2012-05-31 16:00:00.000,1.7929999999999993
16817,2012-05-31 17:00:00.000,0.0
16818,2012-05-31 18:00:00.000,0.0
16819,2012-05-31 19:00:00.000,0.0
16820,2012-05-31 20:00:00.000,0.0
16821,2012-05-31 21:00:00.000,0.0
16822,2012-05-31 22:00:00.000,0.0
16823,2012-05-31 23:00:00.000,0.0
16824,2012-06-01 00:00:00.000,0.0
16825,2012-06-01 01:00:00.000,0.0
16826,2012-06-01 02:00:00.000,0.0
16827,2012-06-01 03:00:00.000,0.0
16828,2012-06-01 04:00:00.000,0.0
16829,2012-06-01 05:00:00.000,0.0
16830,2012-06-01 06:00:00.000,0.0
16831,2012-06-01 07:00:00.000,0.7880000000000003
16832,2012-06-01 08:00:00.000,3.269
16833,2012-06-01 09:00:00.000,6.643
16834,2012-06-01 10:00:00.000,10.015000000000004
16835,2012-06-01 11:00:00.000,15.883999999999999
16836,2012-06-01 12:00:00.000,7.109999999999999
16837,2012-06-01 13:00:00.000,6.002
16838,2012-06-01 14:00:00.000,4.2120000000000015
16839,2012-06-01 15:00:00.000,1.9839999999999993
16840,2012-06-01 16:00:00.000,0.051
16841,2012-06-01 17:00:00.000,0.0
16842,2012-06-01 18:00:00.000,0.0
16843,2012-06-01 19:00:00.000,0.0
16844,2012-06-01 20:00:00.000,0.0
16845,2012-06-01 21:00:00.000,0.0
16846,2012-06-01 22:00:00.000,0.0
16847,2012-06-01 23:00:00.000,0.0
16848,2012-06-02 00:00:00.000,0.0
16849,2012-06-02 01:00:00.000,0.0
16850,2012-06-02 02:00:00.000,0.0
16851,2012-06-02 03:00:00.000,0.0
16852,2012-06-02 04:00:00.000,0.0
16853,2012-06-02 05:00:00.000,0.0
16854,2012-06-02 06:00:00.000,0.0
16855,2012-06-02 07:00:00.000,1.3020000000000007
16856,2012-06-02 08:00:00.000,6.8100000000000005
16857,2012-06-02 09:00:00.000,10.947
16858,2012-06-02 10:00:00.000,12.725999999999999
16859,2012-06-02 11:00:00.000,10.730999999999998
16860,2012-06-02 12:00:00.000,11.482
16861,2012-06-02 13:00:00.000,8.273000000000001
16862,2012-06-02 14:00:00.000,5.119
16863,2012-06-02 15:00:00.000,0.8890000000000002
16864,2012-06-02 16:00:00.000,0.168
16865,2012-06-02 17:00:00.000,0.0
16866,2012-06-02 18:00:00.000,0.0
16867,2012-06-02 19:00:00.000,0.0
16868,2012-06-02 20:00:00.000,0.0
16869,2012-06-02 21:00:00.000,0.0
16870,2012-06-02 22:00:00.000,0.0
16871,2012-06-02 23:00:00.000,0.0
16872,2012-06-03 00:00:00.000,0.0
16873,2012-06-03 01:00:00.000,0.0
16874,2012-06-03 02:00:00.000,0.0
16875,2012-06-03 03:00:00.000,0.0
16876,2012-06-03 04:00:00.000,0.0
16877,2012-06-03 05:00:00.000,0.0
16878,2012-06-03 06:00:00.000,0.0
16879,2012-06-03 07:00:00.000,0.069
16880,2012-06-03 08:00:00.000,0.9650000000000005
16881,2012-06-03 09:00:00.000,2.098
16882,2012-06-03 10:00:00.000,2.3970000000000002
16883,2012-06-03 11:00:00.000,7.204000000000002
16884,2012-06-03 12:00:00.000,5.926
16885,2012-06-03 13:00:00.000,4.032
16886,2012-06-03 14:00:00.000,1.2820000000000005
16887,2012-06-03 15:00:00.000,1.668
16888,2012-06-03 16:00:00.000,0.158
16889,2012-06-03 17:00:00.000,0.0
16890,2012-06-03 18:00:00.000,0.0
16891,2012-06-03 19:00:00.000,0.0
16892,2012-06-03 20:00:00.000,0.0
16893,2012-06-03 21:00:00.000,0.0
16894,2012-06-03 22:00:00.000,0.0
16895,2012-06-03 23:00:00.000,0.0
16896,2012-06-04 00:00:00.000,0.0
16897,2012-06-04 01:00:00.000,0.0
16898,2012-06-04 02:00:00.000,0.0
16899,2012-06-04 03:00:00.000,0.0
16900,2012-06-04 04:00:00.000,0.0
16901,2012-06-04 05:00:00.000,0.0
16902,2012-06-04 06:00:00.000,0.0
16903,2012-06-04 07:00:00.000,1.2150000000000003
16904,2012-06-04 08:00:00.000,13.506
16905,2012-06-04 09:00:00.000,24.400000000000006
16906,2012-06-04 10:00:00.000,32.71000000000001
16907,2012-06-04 11:00:00.000,33.977
16908,2012-06-04 12:00:00.000,40.751000000000005
16909,2012-06-04 13:00:00.000,27.296
16910,2012-06-04 14:00:00.000,14.429000000000002
16911,2012-06-04 15:00:00.000,7.757000000000001
16912,2012-06-04 16:00:00.000,0.3840000000000001
16913,2012-06-04 17:00:00.000,0.0
16914,2012-06-04 18:00:00.000,0.0
16915,2012-06-04 19:00:00.000,0.0
16916,2012-06-04 20:00:00.000,0.0
16917,2012-06-04 21:00:00.000,0.0
16918,2012-06-04 22:00:00.000,0.0
16919,2012-06-04 23:00:00.000,0.0
16920,2012-06-05 00:00:00.000,0.0
16921,2012-06-05 01:00:00.000,0.0
16922,2012-06-05 02:00:00.000,0.0
16923,2012-06-05 03:00:00.000,0.0
16924,2012-06-05 04:00:00.000,0.0
16925,2012-06-05 05:00:00.000,0.0
16926,2012-06-05 06:00:00.000,0.0
16927,2012-06-05 07:00:00.000,5.052999999999998
16928,2012-06-05 08:00:00.000,14.866000000000005
16929,2012-06-05 09:00:00.000,21.508999999999997
16930,2012-06-05 10:00:00.000,37.949999999999996
16931,2012-06-05 11:00:00.000,45.015
16932,2012-06-05 12:00:00.000,45.96600000000001
16933,2012-06-05 13:00:00.000,39.593
16934,2012-06-05 14:00:00.000,12.688
16935,2012-06-05 15:00:00.000,1.0000000000000004
16936,2012-06-05 16:00:00.000,0.044
16937,2012-06-05 17:00:00.000,0.0
16938,2012-06-05 18:00:00.000,0.0
16939,2012-06-05 19:00:00.000,0.0
16940,2012-06-05 20:00:00.000,0.0
16941,2012-06-05 21:00:00.000,0.0
16942,2012-06-05 22:00:00.000,0.0
16943,2012-06-05 23:00:00.000,0.0
16944,2012-06-06 00:00:00.000,0.0
16945,2012-06-06 01:00:00.000,0.0
16946,2012-06-06 02:00:00.000,0.0
16947,2012-06-06 03:00:00.000,0.0
16948,2012-06-06 04:00:00.000,0.0
16949,2012-06-06 05:00:00.000,0.0
16950,2012-06-06 06:00:00.000,0.0
16951,2012-06-06 07:00:00.000,0.9290000000000003
16952,2012-06-06 08:00:00.000,7.361999999999999
16953,2012-06-06 09:00:00.000,13.521
16954,2012-06-06 10:00:00.000,24.923999999999996
16955,2012-06-06 11:00:00.000,33.785999999999994
16956,2012-06-06 12:00:00.000,34.589000000000006
16957,2012-06-06 13:00:00.000,17.197999999999997
16958,2012-06-06 14:00:00.000,15.401
16959,2012-06-06 15:00:00.000,3.6589999999999985
16960,2012-06-06 16:00:00.000,0.076
16961,2012-06-06 17:00:00.000,0.0
16962,2012-06-06 18:00:00.000,0.0
16963,2012-06-06 19:00:00.000,0.0
16964,2012-06-06 20:00:00.000,0.0
16965,2012-06-06 21:00:00.000,0.0
16966,2012-06-06 22:00:00.000,0.0
16967,2012-06-06 23:00:00.000,0.0
16968,2012-06-07 00:00:00.000,0.0
16969,2012-06-07 01:00:00.000,0.0
16970,2012-06-07 02:00:00.000,0.0
16971,2012-06-07 03:00:00.000,0.0
16972,2012-06-07 04:00:00.000,0.0
16973,2012-06-07 05:00:00.000,0.0
16974,2012-06-07 06:00:00.000,0.0
16975,2012-06-07 07:00:00.000,1.623
16976,2012-06-07 08:00:00.000,4.7780000000000005
16977,2012-06-07 09:00:00.000,7.350999999999998
16978,2012-06-07 10:00:00.000,14.614000000000003
16979,2012-06-07 11:00:00.000,24.537999999999997
16980,2012-06-07 12:00:00.000,17.116999999999994
16981,2012-06-07 13:00:00.000,16.662000000000003
16982,2012-06-07 14:00:00.000,15.581999999999997
16983,2012-06-07 15:00:00.000,3.027
16984,2012-06-07 16:00:00.000,0.8770000000000002
16985,2012-06-07 17:00:00.000,0.0
16986,2012-06-07 18:00:00.000,0.0
16987,2012-06-07 19:00:00.000,0.0
16988,2012-06-07 20:00:00.000,0.0
16989,2012-06-07 21:00:00.000,0.0
16990,2012-06-07 22:00:00.000,0.0
16991,2012-06-07 23:00:00.000,0.0
16992,2012-06-08 00:00:00.000,0.0
16993,2012-06-08 01:00:00.000,0.0
16994,2012-06-08 02:00:00.000,0.0
16995,2012-06-08 03:00:00.000,0.0
16996,2012-06-08 04:00:00.000,0.0
16997,2012-06-08 05:00:00.000,0.0
16998,2012-06-08 06:00:00.000,0.0
16999,2012-06-08 07:00:00.000,4.828999999999999
17000,2012-06-08 08:00:00.000,18.558
17001,2012-06-08 09:00:00.000,30.936000000000003
17002,2012-06-08 10:00:00.000,39.25
17003,2012-06-08 11:00:00.000,44.229000000000006
17004,2012-06-08 12:00:00.000,44.295
17005,2012-06-08 13:00:00.000,38.352000000000004
17006,2012-06-08 14:00:00.000,28.275999999999993
17007,2012-06-08 15:00:00.000,13.168
17008,2012-06-08 16:00:00.000,1.465
17009,2012-06-08 17:00:00.000,0.0
17010,2012-06-08 18:00:00.000,0.0
17011,2012-06-08 19:00:00.000,0.0
17012,2012-06-08 20:00:00.000,0.0
17013,2012-06-08 21:00:00.000,0.0
17014,2012-06-08 22:00:00.000,0.0
17015,2012-06-08 23:00:00.000,0.0
17016,2012-06-09 00:00:00.000,0.0
17017,2012-06-09 01:00:00.000,0.0
17018,2012-06-09 02:00:00.000,0.0
17019,2012-06-09 03:00:00.000,0.0
17020,2012-06-09 04:00:00.000,0.0
17021,2012-06-09 05:00:00.000,0.0
17022,2012-06-09 06:00:00.000,0.0
17023,2012-06-09 07:00:00.000,4.4719999999999995
17024,2012-06-09 08:00:00.000,18.250000000000004
17025,2012-06-09 09:00:00.000,31.034000000000002
17026,2012-06-09 10:00:00.000,39.43999999999999
17027,2012-06-09 11:00:00.000,44.28700000000001
17028,2012-06-09 12:00:00.000,43.794000000000004
17029,2012-06-09 13:00:00.000,37.273
17030,2012-06-09 14:00:00.000,26.683999999999997
17031,2012-06-09 15:00:00.000,12.703000000000001
17032,2012-06-09 16:00:00.000,1.375
17033,2012-06-09 17:00:00.000,0.0
17034,2012-06-09 18:00:00.000,0.0
17035,2012-06-09 19:00:00.000,0.0
17036,2012-06-09 20:00:00.000,0.0
17037,2012-06-09 21:00:00.000,0.0
17038,2012-06-09 22:00:00.000,0.0
17039,2012-06-09 23:00:00.000,0.0
17040,2012-06-10 00:00:00.000,0.0
17041,2012-06-10 01:00:00.000,0.0
17042,2012-06-10 02:00:00.000,0.0
17043,2012-06-10 03:00:00.000,0.0
17044,2012-06-10 04:00:00.000,0.0
17045,2012-06-10 05:00:00.000,0.0
17046,2012-06-10 06:00:00.000,0.0
17047,2012-06-10 07:00:00.000,1.2160000000000004
17048,2012-06-10 08:00:00.000,5.679000000000001
17049,2012-06-10 09:00:00.000,21.933999999999997
17050,2012-06-10 10:00:00.000,23.817999999999998
17051,2012-06-10 11:00:00.000,36.0
17052,2012-06-10 12:00:00.000,24.181
17053,2012-06-10 13:00:00.000,21.941
17054,2012-06-10 14:00:00.000,18.666000000000004
17055,2012-06-10 15:00:00.000,14.964999999999995
17056,2012-06-10 16:00:00.000,3.127
17057,2012-06-10 17:00:00.000,0.0
17058,2012-06-10 18:00:00.000,0.0
17059,2012-06-10 19:00:00.000,0.0
17060,2012-06-10 20:00:00.000,0.0
17061,2012-06-10 21:00:00.000,0.0
17062,2012-06-10 22:00:00.000,0.0
17063,2012-06-10 23:00:00.000,0.0
17064,2012-06-11 00:00:00.000,0.0
17065,2012-06-11 01:00:00.000,0.0
17066,2012-06-11 02:00:00.000,0.0
17067,2012-06-11 03:00:00.000,0.0
17068,2012-06-11 04:00:00.000,0.0
17069,2012-06-11 05:00:00.000,0.0
17070,2012-06-11 06:00:00.000,0.0
17071,2012-06-11 07:00:00.000,0.10099999999999999
17072,2012-06-11 08:00:00.000,0.9210000000000004
17073,2012-06-11 09:00:00.000,6.2170000000000005
17074,2012-06-11 10:00:00.000,5.006000000000001
17075,2012-06-11 11:00:00.000,11.155
17076,2012-06-11 12:00:00.000,12.345
17077,2012-06-11 13:00:00.000,3.794000000000001
17078,2012-06-11 14:00:00.000,0.6940000000000003
17079,2012-06-11 15:00:00.000,0.5300000000000001
17080,2012-06-11 16:00:00.000,0.0
17081,2012-06-11 17:00:00.000,0.0
17082,2012-06-11 18:00:00.000,0.0
17083,2012-06-11 19:00:00.000,0.0
17084,2012-06-11 20:00:00.000,0.0
17085,2012-06-11 21:00:00.000,0.0
17086,2012-06-11 22:00:00.000,0.0
17087,2012-06-11 23:00:00.000,0.0
17088,2012-06-12 00:00:00.000,0.0
17089,2012-06-12 01:00:00.000,0.0
17090,2012-06-12 02:00:00.000,0.0
17091,2012-06-12 03:00:00.000,0.0
17092,2012-06-12 04:00:00.000,0.0
17093,2012-06-12 05:00:00.000,0.0
17094,2012-06-12 06:00:00.000,0.0
17095,2012-06-12 07:00:00.000,0.9430000000000005
17096,2012-06-12 08:00:00.000,8.642000000000001
17097,2012-06-12 09:00:00.000,18.045
17098,2012-06-12 10:00:00.000,28.855999999999998
17099,2012-06-12 11:00:00.000,39.06399999999999
17100,2012-06-12 12:00:00.000,28.76
17101,2012-06-12 13:00:00.000,30.733000000000004
17102,2012-06-12 14:00:00.000,23.477
17103,2012-06-12 15:00:00.000,8.019
17104,2012-06-12 16:00:00.000,2.2259999999999995
17105,2012-06-12 17:00:00.000,0.0
17106,2012-06-12 18:00:00.000,0.0
17107,2012-06-12 19:00:00.000,0.0
17108,2012-06-12 20:00:00.000,0.0
17109,2012-06-12 21:00:00.000,0.0
17110,2012-06-12 22:00:00.000,0.0
17111,2012-06-12 23:00:00.000,0.0
17112,2012-06-13 00:00:00.000,0.0
17113,2012-06-13 01:00:00.000,0.0
17114,2012-06-13 02:00:00.000,0.0
17115,2012-06-13 03:00:00.000,0.0
17116,2012-06-13 04:00:00.000,0.0
17117,2012-06-13 05:00:00.000,0.0
17118,2012-06-13 06:00:00.000,0.0
17119,2012-06-13 07:00:00.000,0.6030000000000002
17120,2012-06-13 08:00:00.000,6.782
17121,2012-06-13 09:00:00.000,16.637000000000004
17122,2012-06-13 10:00:00.000,23.571999999999996
17123,2012-06-13 11:00:00.000,27.872999999999998
17124,2012-06-13 12:00:00.000,16.174000000000003
17125,2012-06-13 13:00:00.000,19.953999999999997
17126,2012-06-13 14:00:00.000,12.294
17127,2012-06-13 15:00:00.000,8.685
17128,2012-06-13 16:00:00.000,0.08299999999999999
17129,2012-06-13 17:00:00.000,0.0
17130,2012-06-13 18:00:00.000,0.0
17131,2012-06-13 19:00:00.000,0.0
17132,2012-06-13 20:00:00.000,0.0
17133,2012-06-13 21:00:00.000,0.0
17134,2012-06-13 22:00:00.000,0.0
17135,2012-06-13 23:00:00.000,0.0
17136,2012-06-14 00:00:00.000,0.0
17137,2012-06-14 01:00:00.000,0.0
17138,2012-06-14 02:00:00.000,0.0
17139,2012-06-14 03:00:00.000,0.0
17140,2012-06-14 04:00:00.000,0.0
17141,2012-06-14 05:00:00.000,0.0
17142,2012-06-14 06:00:00.000,0.0
17143,2012-06-14 07:00:00.000,0.3870000000000001
17144,2012-06-14 08:00:00.000,6.607999999999999
17145,2012-06-14 09:00:00.000,24.727999999999998
17146,2012-06-14 10:00:00.000,30.534999999999997
17147,2012-06-14 11:00:00.000,20.919
17148,2012-06-14 12:00:00.000,26.424
17149,2012-06-14 13:00:00.000,24.973999999999997
17150,2012-06-14 14:00:00.000,16.482999999999997
17151,2012-06-14 15:00:00.000,8.078000000000001
17152,2012-06-14 16:00:00.000,1.047
17153,2012-06-14 17:00:00.000,0.0
17154,2012-06-14 18:00:00.000,0.0
17155,2012-06-14 19:00:00.000,0.0
17156,2012-06-14 20:00:00.000,0.0
17157,2012-06-14 21:00:00.000,0.0
17158,2012-06-14 22:00:00.000,0.0
17159,2012-06-14 23:00:00.000,0.0
17160,2012-06-15 00:00:00.000,0.0
17161,2012-06-15 01:00:00.000,0.0
17162,2012-06-15 02:00:00.000,0.0
17163,2012-06-15 03:00:00.000,0.0
17164,2012-06-15 04:00:00.000,0.0
17165,2012-06-15 05:00:00.000,0.0
17166,2012-06-15 06:00:00.000,0.0
17167,2012-06-15 07:00:00.000,1.7879999999999998
17168,2012-06-15 08:00:00.000,13.015999999999998
17169,2012-06-15 09:00:00.000,26.747
17170,2012-06-15 10:00:00.000,36.21
17171,2012-06-15 11:00:00.000,21.12399999999999
17172,2012-06-15 12:00:00.000,24.921999999999997
17173,2012-06-15 13:00:00.000,32.794
17174,2012-06-15 14:00:00.000,28.769000000000002
17175,2012-06-15 15:00:00.000,12.248
17176,2012-06-15 16:00:00.000,1.2259999999999998
17177,2012-06-15 17:00:00.000,0.0
17178,2012-06-15 18:00:00.000,0.0
17179,2012-06-15 19:00:00.000,0.0
17180,2012-06-15 20:00:00.000,0.0
17181,2012-06-15 21:00:00.000,0.0
17182,2012-06-15 22:00:00.000,0.0
17183,2012-06-15 23:00:00.000,0.0
17184,2012-06-16 00:00:00.000,0.0
17185,2012-06-16 01:00:00.000,0.0
17186,2012-06-16 02:00:00.000,0.0
17187,2012-06-16 03:00:00.000,0.0
17188,2012-06-16 04:00:00.000,0.0
17189,2012-06-16 05:00:00.000,0.0
17190,2012-06-16 06:00:00.000,0.0
17191,2012-06-16 07:00:00.000,0.013
17192,2012-06-16 08:00:00.000,1.9270000000000003
17193,2012-06-16 09:00:00.000,3.1510000000000002
17194,2012-06-16 10:00:00.000,6.5329999999999995
17195,2012-06-16 11:00:00.000,8.614
17196,2012-06-16 12:00:00.000,2.314
17197,2012-06-16 13:00:00.000,2.095
17198,2012-06-16 14:00:00.000,3.977
17199,2012-06-16 15:00:00.000,1.1110000000000007
17200,2012-06-16 16:00:00.000,0.0
17201,2012-06-16 17:00:00.000,0.0
17202,2012-06-16 18:00:00.000,0.0
17203,2012-06-16 19:00:00.000,0.0
17204,2012-06-16 20:00:00.000,0.0
17205,2012-06-16 21:00:00.000,0.0
17206,2012-06-16 22:00:00.000,0.0
17207,2012-06-16 23:00:00.000,0.0
17208,2012-06-17 00:00:00.000,0.0
17209,2012-06-17 01:00:00.000,0.0
17210,2012-06-17 02:00:00.000,0.0
17211,2012-06-17 03:00:00.000,0.0
17212,2012-06-17 04:00:00.000,0.0
17213,2012-06-17 05:00:00.000,0.0
17214,2012-06-17 06:00:00.000,0.0
17215,2012-06-17 07:00:00.000,3.927
17216,2012-06-17 08:00:00.000,16.86
17217,2012-06-17 09:00:00.000,30.112
17218,2012-06-17 10:00:00.000,39.379999999999995
17219,2012-06-17 11:00:00.000,44.98000000000001
17220,2012-06-17 12:00:00.000,43.92300000000001
17221,2012-06-17 13:00:00.000,35.129
17222,2012-06-17 14:00:00.000,28.36200000000001
17223,2012-06-17 15:00:00.000,13.474000000000002
17224,2012-06-17 16:00:00.000,1.5229999999999997
17225,2012-06-17 17:00:00.000,0.0
17226,2012-06-17 18:00:00.000,0.0
17227,2012-06-17 19:00:00.000,0.0
17228,2012-06-17 20:00:00.000,0.0
17229,2012-06-17 21:00:00.000,0.0
17230,2012-06-17 22:00:00.000,0.0
17231,2012-06-17 23:00:00.000,0.0
17232,2012-06-18 00:00:00.000,0.0
17233,2012-06-18 01:00:00.000,0.0
17234,2012-06-18 02:00:00.000,0.0
17235,2012-06-18 03:00:00.000,0.0
17236,2012-06-18 04:00:00.000,0.0
17237,2012-06-18 05:00:00.000,0.0
17238,2012-06-18 06:00:00.000,0.0
17239,2012-06-18 07:00:00.000,4.015
17240,2012-06-18 08:00:00.000,16.885
17241,2012-06-18 09:00:00.000,30.063000000000006
17242,2012-06-18 10:00:00.000,38.847
17243,2012-06-18 11:00:00.000,44.31100000000001
17244,2012-06-18 12:00:00.000,44.284000000000006
17245,2012-06-18 13:00:00.000,38.13500000000001
17246,2012-06-18 14:00:00.000,28.311000000000007
17247,2012-06-18 15:00:00.000,13.296000000000001
17248,2012-06-18 16:00:00.000,1.5249999999999997
17249,2012-06-18 17:00:00.000,0.0
17250,2012-06-18 18:00:00.000,0.0
17251,2012-06-18 19:00:00.000,0.0
17252,2012-06-18 20:00:00.000,0.0
17253,2012-06-18 21:00:00.000,0.0
17254,2012-06-18 22:00:00.000,0.0
17255,2012-06-18 23:00:00.000,0.0
17256,2012-06-19 00:00:00.000,0.0
17257,2012-06-19 01:00:00.000,0.0
17258,2012-06-19 02:00:00.000,0.0
17259,2012-06-19 03:00:00.000,0.0
17260,2012-06-19 04:00:00.000,0.0
17261,2012-06-19 05:00:00.000,0.0
17262,2012-06-19 06:00:00.000,0.0
17263,2012-06-19 07:00:00.000,3.9649999999999994
17264,2012-06-19 08:00:00.000,17.197000000000003
17265,2012-06-19 09:00:00.000,30.422
17266,2012-06-19 10:00:00.000,39.78599999999999
17267,2012-06-19 11:00:00.000,44.76400000000001
17268,2012-06-19 12:00:00.000,44.175000000000004
17269,2012-06-19 13:00:00.000,38.410000000000004
17270,2012-06-19 14:00:00.000,28.447000000000003
17271,2012-06-19 15:00:00.000,12.836
17272,2012-06-19 16:00:00.000,1.7729999999999997
17273,2012-06-19 17:00:00.000,0.0
17274,2012-06-19 18:00:00.000,0.0
17275,2012-06-19 19:00:00.000,0.0
17276,2012-06-19 20:00:00.000,0.0
17277,2012-06-19 21:00:00.000,0.0
17278,2012-06-19 22:00:00.000,0.0
17279,2012-06-19 23:00:00.000,0.0
17280,2012-06-20 00:00:00.000,0.0
17281,2012-06-20 01:00:00.000,0.0
17282,2012-06-20 02:00:00.000,0.0
17283,2012-06-20 03:00:00.000,0.0
17284,2012-06-20 04:00:00.000,0.0
17285,2012-06-20 05:00:00.000,0.0
17286,2012-06-20 06:00:00.000,0.0
17287,2012-06-20 07:00:00.000,3.916
17288,2012-06-20 08:00:00.000,17.197999999999997
17289,2012-06-20 09:00:00.000,30.08499999999999
17290,2012-06-20 10:00:00.000,38.876
17291,2012-06-20 11:00:00.000,44.500000000000014
17292,2012-06-20 12:00:00.000,38.79100000000001
17293,2012-06-20 13:00:00.000,38.775
17294,2012-06-20 14:00:00.000,29.238000000000003
17295,2012-06-20 15:00:00.000,13.678000000000004
17296,2012-06-20 16:00:00.000,1.4169999999999998
17297,2012-06-20 17:00:00.000,0.0
17298,2012-06-20 18:00:00.000,0.0
17299,2012-06-20 19:00:00.000,0.0
17300,2012-06-20 20:00:00.000,0.0
17301,2012-06-20 21:00:00.000,0.0
17302,2012-06-20 22:00:00.000,0.0
17303,2012-06-20 23:00:00.000,0.0
17304,2012-06-21 00:00:00.000,0.0
17305,2012-06-21 01:00:00.000,0.0
17306,2012-06-21 02:00:00.000,0.0
17307,2012-06-21 03:00:00.000,0.0
17308,2012-06-21 04:00:00.000,0.0
17309,2012-06-21 05:00:00.000,0.0
17310,2012-06-21 06:00:00.000,0.0
17311,2012-06-21 07:00:00.000,3.9950000000000006
17312,2012-06-21 08:00:00.000,17.230999999999998
17313,2012-06-21 09:00:00.000,31.128000000000007
17314,2012-06-21 10:00:00.000,34.617999999999995
17315,2012-06-21 11:00:00.000,41.748999999999995
17316,2012-06-21 12:00:00.000,44.846999999999994
17317,2012-06-21 13:00:00.000,27.953000000000003
17318,2012-06-21 14:00:00.000,7.291
17319,2012-06-21 15:00:00.000,2.927999999999999
17320,2012-06-21 16:00:00.000,0.038
17321,2012-06-21 17:00:00.000,0.0
17322,2012-06-21 18:00:00.000,0.0
17323,2012-06-21 19:00:00.000,0.0
17324,2012-06-21 20:00:00.000,0.0
17325,2012-06-21 21:00:00.000,0.0
17326,2012-06-21 22:00:00.000,0.0
17327,2012-06-21 23:00:00.000,0.0
17328,2012-06-22 00:00:00.000,0.0
17329,2012-06-22 01:00:00.000,0.0
17330,2012-06-22 02:00:00.000,0.0
17331,2012-06-22 03:00:00.000,0.0
17332,2012-06-22 04:00:00.000,0.0
17333,2012-06-22 05:00:00.000,0.0
17334,2012-06-22 06:00:00.000,0.0
17335,2012-06-22 07:00:00.000,0.5670000000000003
17336,2012-06-22 08:00:00.000,7.370999999999997
17337,2012-06-22 09:00:00.000,12.868999999999996
17338,2012-06-22 10:00:00.000,25.097
17339,2012-06-22 11:00:00.000,25.556
17340,2012-06-22 12:00:00.000,14.245000000000003
17341,2012-06-22 13:00:00.000,11.623000000000003
17342,2012-06-22 14:00:00.000,3.765000000000001
17343,2012-06-22 15:00:00.000,2.8369999999999997
17344,2012-06-22 16:00:00.000,0.12
17345,2012-06-22 17:00:00.000,0.0
17346,2012-06-22 18:00:00.000,0.0
17347,2012-06-22 19:00:00.000,0.0
17348,2012-06-22 20:00:00.000,0.0
17349,2012-06-22 21:00:00.000,0.0
17350,2012-06-22 22:00:00.000,0.0
17351,2012-06-22 23:00:00.000,0.0
17352,2012-06-23 00:00:00.000,0.0
17353,2012-06-23 01:00:00.000,0.0
17354,2012-06-23 02:00:00.000,0.0
17355,2012-06-23 03:00:00.000,0.0
17356,2012-06-23 04:00:00.000,0.0
17357,2012-06-23 05:00:00.000,0.0
17358,2012-06-23 06:00:00.000,0.0
17359,2012-06-23 07:00:00.000,3.874
17360,2012-06-23 08:00:00.000,17.032
17361,2012-06-23 09:00:00.000,30.544000000000008
17362,2012-06-23 10:00:00.000,39.54
17363,2012-06-23 11:00:00.000,44.68900000000001
17364,2012-06-23 12:00:00.000,44.123999999999995
17365,2012-06-23 13:00:00.000,38.605999999999995
17366,2012-06-23 14:00:00.000,28.858000000000004
17367,2012-06-23 15:00:00.000,13.900000000000002
17368,2012-06-23 16:00:00.000,1.675
17369,2012-06-23 17:00:00.000,0.0
17370,2012-06-23 18:00:00.000,0.0
17371,2012-06-23 19:00:00.000,0.0
17372,2012-06-23 20:00:00.000,0.0
17373,2012-06-23 21:00:00.000,0.0
17374,2012-06-23 22:00:00.000,0.0
17375,2012-06-23 23:00:00.000,0.0
17376,2012-06-24 00:00:00.000,0.0
17377,2012-06-24 01:00:00.000,0.0
17378,2012-06-24 02:00:00.000,0.0
17379,2012-06-24 03:00:00.000,0.0
17380,2012-06-24 04:00:00.000,0.0
17381,2012-06-24 05:00:00.000,0.0
17382,2012-06-24 06:00:00.000,0.0
17383,2012-06-24 07:00:00.000,4.005
17384,2012-06-24 08:00:00.000,16.997999999999998
17385,2012-06-24 09:00:00.000,30.386000000000003
17386,2012-06-24 10:00:00.000,39.889999999999986
17387,2012-06-24 11:00:00.000,45.38999999999999
17388,2012-06-24 12:00:00.000,45.020999999999994
17389,2012-06-24 13:00:00.000,39.342999999999996
17390,2012-06-24 14:00:00.000,29.374
17391,2012-06-24 15:00:00.000,14.08
17392,2012-06-24 16:00:00.000,1.711
17393,2012-06-24 17:00:00.000,0.0
17394,2012-06-24 18:00:00.000,0.0
17395,2012-06-24 19:00:00.000,0.0
17396,2012-06-24 20:00:00.000,0.0
17397,2012-06-24 21:00:00.000,0.0
17398,2012-06-24 22:00:00.000,0.0
17399,2012-06-24 23:00:00.000,0.0
17400,2012-06-25 00:00:00.000,0.0
17401,2012-06-25 01:00:00.000,0.0
17402,2012-06-25 02:00:00.000,0.0
17403,2012-06-25 03:00:00.000,0.0
17404,2012-06-25 04:00:00.000,0.0
17405,2012-06-25 05:00:00.000,0.0
17406,2012-06-25 06:00:00.000,0.0
17407,2012-06-25 07:00:00.000,3.8300000000000005
17408,2012-06-25 08:00:00.000,16.744
17409,2012-06-25 09:00:00.000,30.154000000000003
17410,2012-06-25 10:00:00.000,39.60699999999999
17411,2012-06-25 11:00:00.000,45.065000000000005
17412,2012-06-25 12:00:00.000,44.538000000000004
17413,2012-06-25 13:00:00.000,38.934000000000005
17414,2012-06-25 14:00:00.000,28.908
17415,2012-06-25 15:00:00.000,13.385000000000002
17416,2012-06-25 16:00:00.000,1.133
17417,2012-06-25 17:00:00.000,0.0
17418,2012-06-25 18:00:00.000,0.0
17419,2012-06-25 19:00:00.000,0.0
17420,2012-06-25 20:00:00.000,0.0
17421,2012-06-25 21:00:00.000,0.0
17422,2012-06-25 22:00:00.000,0.0
17423,2012-06-25 23:00:00.000,0.0
17424,2012-06-26 00:00:00.000,0.0
17425,2012-06-26 01:00:00.000,0.0
17426,2012-06-26 02:00:00.000,0.0
17427,2012-06-26 03:00:00.000,0.0
17428,2012-06-26 04:00:00.000,0.0
17429,2012-06-26 05:00:00.000,0.0
17430,2012-06-26 06:00:00.000,0.0
17431,2012-06-26 07:00:00.000,0.159
17432,2012-06-26 08:00:00.000,1.479
17433,2012-06-26 09:00:00.000,4.360000000000001
17434,2012-06-26 10:00:00.000,5.277
17435,2012-06-26 11:00:00.000,7.506000000000001
17436,2012-06-26 12:00:00.000,4.557
17437,2012-06-26 13:00:00.000,4.872
17438,2012-06-26 14:00:00.000,2.5000000000000004
17439,2012-06-26 15:00:00.000,1.6780000000000006
17440,2012-06-26 16:00:00.000,0.21599999999999997
17441,2012-06-26 17:00:00.000,0.0
17442,2012-06-26 18:00:00.000,0.0
17443,2012-06-26 19:00:00.000,0.0
17444,2012-06-26 20:00:00.000,0.0
17445,2012-06-26 21:00:00.000,0.0
17446,2012-06-26 22:00:00.000,0.0
17447,2012-06-26 23:00:00.000,0.0
17448,2012-06-27 00:00:00.000,0.0
17449,2012-06-27 01:00:00.000,0.0
17450,2012-06-27 02:00:00.000,0.0
17451,2012-06-27 03:00:00.000,0.0
17452,2012-06-27 04:00:00.000,0.0
17453,2012-06-27 05:00:00.000,0.0
17454,2012-06-27 06:00:00.000,0.0
17455,2012-06-27 07:00:00.000,0.07799999999999999
17456,2012-06-27 08:00:00.000,2.7619999999999996
17457,2012-06-27 09:00:00.000,7.138000000000002
17458,2012-06-27 10:00:00.000,15.653000000000006
17459,2012-06-27 11:00:00.000,11.271
17460,2012-06-27 12:00:00.000,5.989999999999999
17461,2012-06-27 13:00:00.000,9.665
17462,2012-06-27 14:00:00.000,5.24
17463,2012-06-27 15:00:00.000,1.422
17464,2012-06-27 16:00:00.000,0.051
17465,2012-06-27 17:00:00.000,0.0
17466,2012-06-27 18:00:00.000,0.0
17467,2012-06-27 19:00:00.000,0.0
17468,2012-06-27 20:00:00.000,0.0
17469,2012-06-27 21:00:00.000,0.0
17470,2012-06-27 22:00:00.000,0.0
17471,2012-06-27 23:00:00.000,0.0
17472,2012-06-28 00:00:00.000,0.0
17473,2012-06-28 01:00:00.000,0.0
17474,2012-06-28 02:00:00.000,0.0
17475,2012-06-28 03:00:00.000,0.0
17476,2012-06-28 04:00:00.000,0.0
17477,2012-06-28 05:00:00.000,0.0
17478,2012-06-28 06:00:00.000,0.0
17479,2012-06-28 07:00:00.000,0.14600000000000002
17480,2012-06-28 08:00:00.000,3.263000000000001
17481,2012-06-28 09:00:00.000,21.078
17482,2012-06-28 10:00:00.000,13.581999999999997
17483,2012-06-28 11:00:00.000,34.252
17484,2012-06-28 12:00:00.000,34.721999999999994
17485,2012-06-28 13:00:00.000,26.697999999999993
17486,2012-06-28 14:00:00.000,6.023
17487,2012-06-28 15:00:00.000,4.198
17488,2012-06-28 16:00:00.000,1.0150000000000003
17489,2012-06-28 17:00:00.000,0.0
17490,2012-06-28 18:00:00.000,0.0
17491,2012-06-28 19:00:00.000,0.0
17492,2012-06-28 20:00:00.000,0.0
17493,2012-06-28 21:00:00.000,0.0
17494,2012-06-28 22:00:00.000,0.0
17495,2012-06-28 23:00:00.000,0.0
17496,2012-06-29 00:00:00.000,0.0
17497,2012-06-29 01:00:00.000,0.0
17498,2012-06-29 02:00:00.000,0.0
17499,2012-06-29 03:00:00.000,0.0
17500,2012-06-29 04:00:00.000,0.0
17501,2012-06-29 05:00:00.000,0.0
17502,2012-06-29 06:00:00.000,0.0
17503,2012-06-29 07:00:00.000,0.8520000000000003
17504,2012-06-29 08:00:00.000,5.806000000000001
17505,2012-06-29 09:00:00.000,14.683
17506,2012-06-29 10:00:00.000,21.203
17507,2012-06-29 11:00:00.000,39.513
17508,2012-06-29 12:00:00.000,34.54400000000001
17509,2012-06-29 13:00:00.000,27.49899999999999
17510,2012-06-29 14:00:00.000,12.527000000000005
17511,2012-06-29 15:00:00.000,8.721000000000002
17512,2012-06-29 16:00:00.000,0.4180000000000001
17513,2012-06-29 17:00:00.000,0.0
17514,2012-06-29 18:00:00.000,0.0
17515,2012-06-29 19:00:00.000,0.0
17516,2012-06-29 20:00:00.000,0.0
17517,2012-06-29 21:00:00.000,0.0
17518,2012-06-29 22:00:00.000,0.0
17519,2012-06-29 23:00:00.000,0.0
17520,2012-06-30 00:00:00.000,0.0
17521,2012-06-30 01:00:00.000,0.0
17522,2012-06-30 02:00:00.000,0.0
17523,2012-06-30 03:00:00.000,0.0
17524,2012-06-30 04:00:00.000,0.0
17525,2012-06-30 05:00:00.000,0.0
17526,2012-06-30 06:00:00.000,0.0
17527,2012-06-30 07:00:00.000,3.740999999999999
17528,2012-06-30 08:00:00.000,16.337
17529,2012-06-30 09:00:00.000,29.51299999999999
17530,2012-06-30 10:00:00.000,38.620000000000005
17531,2012-06-30 11:00:00.000,43.968000000000025
17532,2012-06-30 12:00:00.000,44.06700000000001
17533,2012-06-30 13:00:00.000,38.522
17534,2012-06-30 14:00:00.000,28.633
17535,2012-06-30 15:00:00.000,11.792000000000003
17536,2012-06-30 16:00:00.000,2.2339999999999995
17537,2012-06-30 17:00:00.000,0.0
17538,2012-06-30 18:00:00.000,0.0
17539,2012-06-30 19:00:00.000,0.0
17540,2012-06-30 20:00:00.000,0.0
17541,2012-06-30 21:00:00.000,0.0
17542,2012-06-30 22:00:00.000,0.0
17543,2012-06-30 23:00:00.000,0.0
